value_loss,fps,clipfrac,approxkl,time_elapsed,serial_timesteps,policy_loss,policy_entropy,total_timesteps,explained_variance,n_updates,ep_reward_mean,ep_len_mean
0.24822311,460,0.096386716,0.007890567,1.9073486328125e-06,2048,-0.0062552267,6.0751266,2048,0.9981818428495899,1,,
2.6206717,460,0.07856445,0.006855651,4.447439432144165,4096,-0.010207385,6.0364075,4096,0.981186468154192,2,1797.819636,2049.0
8.003748,522,0.014160156,0.0018479789,8.895435333251953,6144,-0.0024403185,6.0190434,6144,0.9713571984320879,3,1268.46945,1501.0
20.415768,464,0.04042969,0.0032309275,12.814514875411987,8192,-0.0018947705,6.0179873,8192,0.8819313421845436,4,1399.195682,1638.0
20.226086,475,0.04033203,0.0036153223,17.222447872161865,10240,-0.000991708,6.019582,10240,0.8877407386898994,5,1479.3725086,1720.2
26.696554,494,0.02998047,0.002643682,21.52603268623352,12288,-0.0035429462,6.0211096,12288,0.8670901954174042,6,1344.5480298571426,1592.0
22.14589,530,0.041259766,0.0035695094,25.667248964309692,14336,-0.0030607728,6.02955,14336,0.7905507385730743,7,1110.4150834,1414.9
20.477074,497,0.04321289,0.0038520172,29.528699159622192,16384,-0.0020032406,6.0220675,16384,0.8712405264377594,8,1176.1730172727273,1472.5454545454545
20.1232,474,0.06586914,0.005293726,33.6487991809845,18432,-0.0024407636,6.0148873,18432,0.8802590444684029,9,1228.3411894166668,1520.5833333333333
22.887402,497,0.009423828,0.0011178695,37.9639630317688,20480,-0.0023975319,6.0195284,20480,0.8156681209802628,10,1243.8038373076922,1561.2307692307693
20.327215,451,0.032324217,0.0029841284,42.07913613319397,22528,-0.001201468,6.019568,22528,0.8615863472223282,11,1285.1661576428571,1596.0714285714287
16.064543,492,0.07104492,0.0061745183,46.61631488800049,24576,-0.005097856,6.022925,24576,0.6274697482585907,12,1282.2806790666664,1626.2666666666667
19.828478,420,0.03618164,0.0034933563,50.77648949623108,26624,-0.0036953446,6.0208406,26624,0.873745322227478,13,1316.657971,1652.6875
20.1914,490,0.031542968,0.0030670897,55.646124601364136,28672,-0.0020951717,6.0096617,28672,0.8734270334243774,14,1344.5912745882354,1676.0
9.240378,499,0.015820313,0.0019628296,59.825480461120605,30720,-0.005618987,6.019724,30720,0.9498233459889889,15,1281.0121826666666,1606.5555555555557
19.97483,467,0.039746094,0.0034858428,63.92288327217102,32768,-0.0016891679,6.030102,32768,0.8631433993577957,16,1309.7934001052631,1629.842105263158
20.263647,482,0.05366211,0.004194787,68.30783438682556,34816,-0.0033353125,6.0274734,34816,0.8851144313812256,17,1335.3781536000001,1650.8
23.182419,496,0.022021484,0.0022825995,72.55224537849426,36864,-0.001360459,6.0278835,36864,0.7376153767108917,18,1355.4617693809525,1669.7619047619048
13.050939,405,0.043896485,0.0038332331,76.68066191673279,38912,-0.0039125155,6.0257063,38912,0.7556826174259186,19,1350.6546899090908,1687.0
12.658938,464,0.026660156,0.0028423306,81.7338433265686,40960,-0.004972211,6.0301485,40960,0.9258683994412422,20,1347.0505190434783,1702.7391304347825
19.799574,456,0.021582032,0.0023167534,86.1417944431305,43008,-0.0012833342,6.0410275,43008,0.8744152188301086,21,1366.9983892499997,1717.1666666666667
21.024601,468,0.031347655,0.0027544673,90.62675929069519,45056,-0.002992332,6.0552416,45056,0.7530893683433533,22,1384.2244185999998,1730.44
12.928624,457,0.0109375,0.0012220771,94.99853277206421,47104,-0.0012295195,6.074608,47104,0.9252390190958977,23,1379.3843548846153,1742.6923076923076
19.448006,440,0.032910157,0.0032473102,99.47673058509827,49152,-0.00595546,6.092864,49152,0.8767479658126831,24,1395.0282624814815,1754.037037037037
23.028826,455,0.04086914,0.003234747,104.12880754470825,51200,-0.0023633114,6.1048746,51200,0.741810142993927,25,1409.2125976428572,1764.5714285714287
16.500416,468,0.022802735,0.0023673538,108.63879156112671,53248,-0.001997067,6.1108065,53248,0.9335627257823944,26,1365.7139040333334,1732.2666666666667
21.064892,506,0.054541014,0.0042630336,113.0088119506836,55296,-0.004698123,6.113547,55296,0.8716551661491394,27,1379.5456090645162,1742.483870967742
23.60123,504,0.043701172,0.0037200493,117.05537557601929,57344,-0.0016641682,6.1182394,57344,0.9065178781747818,28,1372.823206969697,1734.090909090909
20.09103,511,0.03696289,0.0032397788,121.11812901496887,59392,-0.0015526088,6.121954,59392,0.8785286620259285,29,1383.955641,1743.3529411764705
31.286072,565,0.02055664,0.0020354716,125.12259602546692,61440,-0.0027054744,6.1278796,61440,0.732513040304184,30,1266.253277868421,1615.1052631578948
19.856068,490,0.022607422,0.002703244,128.74189043045044,63488,-0.0012598519,6.1328473,63488,0.8575993031263351,31,1280.7386582820511,1626.2307692307693
7.3881884,502,0.026757812,0.0028013804,132.91564512252808,65536,-0.004296907,6.1316867,65536,0.9767762552946806,32,1224.5499057560976,1562.3170731707316
31.879505,489,0.029052734,0.0026609225,136.99138712882996,67584,-0.0059787696,6.145117,67584,0.8982445448637009,33,1164.7314936,1492.3111111111111
11.591467,459,0.03696289,0.0031077703,141.17194080352783,69632,-0.0031850548,6.1545343,69632,0.7676571309566498,34,1166.2175186086956,1504.4130434782608
19.952372,470,0.025830079,0.0026549888,145.62949800491333,71680,-0.0013786943,6.1581273,71680,0.8927939236164093,35,1179.494973212766,1516.0
9.42354,531,0.025634766,0.0022683379,149.97862482070923,73728,-0.004379343,6.1617775,73728,0.9487347565591335,36,1143.5497282857145,1478.8775510204082
14.581021,527,0.051660158,0.004950558,153.83371138572693,75776,-0.006860886,6.161668,75776,0.8987066373229027,37,1131.1582142745099,1473.078431372549
19.578548,504,0.02451172,0.0026836023,157.7187626361847,77824,-0.0030637053,6.159173,77824,0.8872152790427208,38,1143.5751792115386,1484.1538461538462
19.946285,506,0.042382814,0.00363222,161.77844405174255,79872,-0.0019803946,6.155364,79872,0.8828201070427895,39,1155.46232954717,1494.811320754717
8.083595,508,0.038134765,0.003556483,165.81948351860046,81920,-0.0055173426,6.1551547,81920,0.9533858224749565,40,1140.819401740741,1479.4259259259259
26.634497,522,0.023388673,0.0025765707,169.84744095802307,83968,-0.0046731597,6.1497564,83968,0.9057419449090958,41,1134.6960190178572,1472.0535714285713
31.856268,542,0.022021484,0.0022768124,173.7711696624756,86016,-0.0023017935,6.147828,86016,0.891899511218071,42,1099.0917598833332,1431.0833333333333
31.908564,538,0.043701172,0.0034523376,177.54695463180542,88064,-0.0052372636,6.15161,88064,0.7369205355644226,43,1029.3186814307694,1352.8307692307692
30.433208,548,0.010302735,0.0012283329,181.34715843200684,90112,-0.00293907,6.1603622,90112,0.6453051567077637,44,968.9035497428575,1284.7142857142858
7.0017767,490,0.030712891,0.002997584,185.08119988441467,92160,-0.004125585,6.159278,92160,0.9655875712633133,45,956.7968702394371,1270.5492957746478
20.326868,487,0.04790039,0.0038609307,189.26088976860046,94208,-0.00067463884,6.1563373,94208,0.8919477537274361,46,968.3303401805556,1281.361111111111
38.175194,537,0.013183594,0.00139727,193.46235632896423,96256,-0.0027839004,6.1612754,96256,0.7419255077838898,47,926.8528162051283,1232.7435897435898
15.238741,533,0.010449219,0.0011726671,197.27174401283264,98304,-0.0015128038,6.167882,98304,0.8382124155759811,48,902.640900160494,1207.4567901234568
28.17876,522,0.015966797,0.0016026568,201.11193466186523,100352,-0.0046742656,6.177805,100352,0.7345054447650909,49,864.054332639535,1166.1279069767443
13.449348,509,0.008398438,0.0009916448,205.03475046157837,102400,-0.0025325674,6.184411,102400,0.899880938231945,50,853.3603996022728,1156.7386363636363
21.735075,478,0.0203125,0.0020207088,209.06042289733887,104448,-0.0034756667,6.1855235,104448,0.925946556031704,51,856.8730408111112,1159.411111111111
19.851406,462,0.038867187,0.0035893812,213.3414545059204,106496,-0.0021213712,6.1990213,106496,0.8867037445306778,52,866.9175096263738,1169.1868131868132
11.486139,526,0.02319336,0.005682097,217.7654755115509,108544,-0.0070459126,6.2016907,108544,0.9572145119309425,53,853.9862462473119,1155.5913978494623
20.698317,503,0.041992188,0.004137194,221.6558518409729,110592,-0.0031791236,6.194616,110592,0.8824000954627991,54,864.0243529680853,1165.095744680851
24.207113,539,0.041748047,0.0034915246,225.72141003608704,112640,-0.004293498,6.184276,112640,0.7781995832920074,55,853.6626023917527,1158.340206185567
19.884396,448,0.030078124,0.0027653356,229.52034544944763,114688,-0.0044227107,6.177724,114688,0.8935529962182045,56,862.4379909795919,1167.4285714285713
11.165452,518,0.039404295,0.0034614454,234.08964157104492,116736,-0.004787699,6.176072,116736,0.7305605709552765,57,866.1570310808081,1176.3333333333333
20.161024,475,0.02446289,0.0024963494,238.03650999069214,118784,1.9831157e-05,6.1713357,118784,0.8838237673044205,58,875.85637394,1185.06
19.750586,475,0.026806641,0.002755927,242.34611582756042,120832,-0.0007149302,6.1696577,120832,0.8890771418809891,59,875.7801139399999,1185.06
14.539907,519,0.042333983,0.004359261,246.65811228752136,122880,-0.0026942652,6.173585,122880,0.7470562160015106,60,869.7140240900001,1185.06
5.786536,486,0.042236328,0.0043508452,250.60080409049988,124928,-0.0044167144,6.181079,124928,0.9040238633751869,61,870.2975484,1186.19
11.739434,495,0.03666992,0.0032609347,254.81174516677856,126976,-0.0028349315,6.196034,126976,0.7105828523635864,62,864.77306098,1186.19
10.795489,493,0.024121094,0.002219263,258.9463086128235,129024,-0.0031228121,6.214718,129024,0.9413794092833996,63,859.1181974200001,1186.19
21.463194,505,0.04243164,0.0038847246,263.1005902290344,131072,-0.0036556094,6.2235117,131072,0.7630886882543564,64,859.0695622799998,1186.19
12.413771,502,0.06557617,0.005413029,267.1559054851532,133120,-0.0007422565,6.227598,133120,0.7240636944770813,65,869.0213281399998,1201.74
15.825773,482,0.019335937,0.001802708,271.2299289703369,135168,-0.0014894123,6.240733,135168,0.9425917454063892,66,869.4022276999999,1202.44
19.72815,488,0.03227539,0.0029221876,275.47569155693054,137216,-0.0026152,6.245022,137216,0.875053308904171,67,884.4643178299999,1217.55
9.644554,522,0.028076172,0.0028455332,279.66575384140015,139264,-0.004678928,6.230994,139264,0.9426552541553974,68,878.4741677600001,1217.55
19.730305,509,0.054492187,0.004415545,283.58283162117004,141312,-0.0019576852,6.2236233,141312,0.8796294629573822,69,877.6376847500001,1217.55
19.99407,485,0.04194336,0.0036596213,287.60363030433655,143360,-0.0048271255,6.22904,143360,0.8923105299472809,70,881.2465732700002,1217.55
20.60771,499,0.01850586,0.0017823946,291.8242139816284,145408,-0.0015299369,6.236167,145408,0.872753918170929,71,880.48692182,1217.55
13.827158,520,0.020654297,0.0022116108,295.92790365219116,147456,-0.0037804316,6.2365994,147456,0.9183198288083076,72,880.65797265,1217.55
20.520535,501,0.023876954,0.00232657,299.86661171913147,149504,-0.0020860652,6.2416906,149504,0.8718100041151047,73,879.6155056199999,1217.55
11.164209,495,0.03466797,0.0034348057,303.9521117210388,151552,-0.0038629714,6.2557087,151552,0.9340347573161125,74,874.3241328700001,1217.55
28.754444,522,0.03725586,0.003337084,308.08607482910156,153600,-0.0042240378,6.2720475,153600,0.9072635844349861,75,858.3782579199999,1202.72
24.449793,555,0.02626953,0.0023780144,312.00842213630676,155648,-0.00371264,6.2803216,155648,0.7317288815975189,76,807.8688561399999,1142.2
19.610136,554,0.024023438,0.0022672743,315.6944942474365,157696,-0.0046695536,6.282749,157696,0.7508307993412018,77,750.53908844,1080.03
8.753474,463,0.047460936,0.004034191,319.3882668018341,159744,-0.006761705,6.2870126,159744,0.956039309501648,78,740.2156413299999,1064.48
10.142233,475,0.023144532,0.0029222483,323.8112835884094,161792,-0.003098045,6.283523,161792,0.9467985406517982,79,753.6200644599999,1079.86
21.476696,471,0.05605469,0.004376844,328.12051820755005,163840,-0.006506679,6.2746534,163840,0.8827608376741409,80,753.6674238500001,1079.86
19.857824,379,0.058740236,0.0046097245,332.46324014663696,165888,-0.002493757,6.27459,165888,0.8839448168873787,81,753.93311332,1079.86
20.448696,458,0.0125488285,0.0015972182,337.86600399017334,167936,-0.0024794643,6.279958,167936,0.8866565153002739,82,763.01298111,1088.76
25.166544,500,0.03754883,0.003258779,342.3316328525543,169984,-0.0043030265,6.2824006,169984,0.9119133055210114,83,764.0087908,1090.1
23.648129,508,0.015283203,0.0016219324,346.42735600471497,172032,-0.0029079695,6.2916923,172032,0.9136565774679184,84,779.3377199499998,1105.28
28.20991,488,0.029833984,0.0026236807,350.4573698043823,174080,-0.004204235,6.3025894,174080,0.8954813852906227,85,777.7059832099999,1103.61
12.688743,503,0.044042967,0.0037209939,354.64681029319763,176128,-0.0035780005,6.3175974,176128,0.725416898727417,86,788.4422324099999,1120.04
11.803652,462,0.02626953,0.002491113,358.71342158317566,178176,-0.003436374,6.31908,178176,0.794214740395546,87,800.2957903099999,1138.27
19.635479,489,0.008154297,0.0014601338,363.1450312137604,180224,4.0637202e-05,6.314656,180224,0.8806600123643875,88,800.2187109199999,1138.27
20.185833,498,0.041552734,0.0037308105,367.33022952079773,182272,-0.0040726163,6.3131533,182272,0.8846022561192513,89,816.6674134599998,1154.88
18.790976,527,0.020458985,0.002414919,371.436053276062,184320,-0.0021570488,6.3159695,184320,0.790855348110199,90,792.54309492,1126.91
19.637722,488,0.041552734,0.00347646,375.31927371025085,186368,-0.003927824,6.3185344,186368,0.8831076100468636,91,806.4871205200001,1140.11
12.928845,532,0.020996094,0.0020350409,379.5155942440033,188416,-0.0019355271,6.3241153,188416,0.7823822051286697,92,816.86833699,1155.76
19.613115,500,0.056103516,0.004309702,383.36402106285095,190464,-0.0021354095,6.3291645,190464,0.8901667892932892,93,820.8491817099999,1155.76
2.5355296,545,0.021191407,0.0020700782,387.4594054222107,192512,-0.0021256695,6.326064,192512,0.9608939327299595,94,820.23257052,1154.54
9.88785,484,0.03227539,0.0029495445,391.21384596824646,194560,-0.0063309073,6.3447704,194560,0.9440486580133438,95,815.15462302,1154.54
20.904322,457,0.005517578,0.0008981017,395.44099378585815,196608,-0.0020073806,6.3595257,196608,0.8786455616354942,96,815.1023091699999,1154.54
19.453377,452,0.043408204,0.0036759905,399.91380739212036,198656,-0.0033319835,6.3486204,198656,0.8957358822226524,97,826.37917923,1168.39
21.275139,452,0.016015625,0.0016959002,404.4355933666229,200704,-0.0035487302,6.3371058,200704,0.8582591265439987,98,826.4541967200001,1168.39
20.236637,472,0.035986327,0.0030160015,408.96688199043274,202752,-0.003250835,6.33596,202752,0.877914309501648,99,839.5766441000001,1183.91
22.48289,537,0.03046875,0.0023926976,413.30664920806885,204800,-0.00326625,6.3389874,204800,0.7377440631389618,100,837.01623278,1183.91
19.784184,496,0.01665039,0.0015701558,417.12267994880676,206848,-0.0032276292,6.3366733,206848,0.8641966730356216,101,848.5486283900002,1200.49
24.765839,509,0.02841797,0.002496729,421.2482135295868,208896,-0.0029763463,6.3343353,208896,0.8726510256528854,102,864.2994985500002,1219.76
19.202877,494,0.030712891,0.0030136085,425.27188634872437,210944,-0.0028120258,6.3351107,210944,0.8944418206810951,103,879.30908954,1237.5
19.392805,456,0.091748044,0.0069861254,429.4141938686371,212992,-0.0063102255,6.3350935,212992,0.891040176153183,104,895.61148428,1255.16
22.252413,509,0.041992188,0.0040174383,433.89983201026917,215040,-0.0031070774,6.332257,215040,0.9238178804516792,105,912.6753879699999,1274.11
13.995857,499,0.029736329,0.0024213302,437.9218487739563,217088,-0.005656699,6.324088,217088,0.8662688285112381,106,918.6270831399999,1283.25
9.015115,533,0.014355469,0.0015173802,442.0264263153076,219136,-0.0028686093,6.320932,219136,0.9450462833046913,107,920.62018719,1286.94
19.361418,443,0.07421875,0.006488913,445.86613726615906,221184,-0.004270278,6.312854,221184,0.8914574757218361,108,934.0586199499998,1302.46
19.274038,483,0.020166015,0.0026140963,450.481730222702,223232,-0.0017087376,6.302945,223232,0.8897259756922722,109,950.7460012299998,1320.27
28.642445,467,0.03652344,0.003916173,454.7161395549774,225280,-0.004126318,6.2985296,225280,0.9043043106794357,110,935.3174424199999,1307.3
7.5623374,506,0.005957031,0.0009268286,459.09694504737854,227328,-0.0010398136,6.309428,227328,0.9385579824447632,111,944.3983932699999,1320.24
17.190454,480,0.038867187,0.003431178,463.14033818244934,229376,-0.0028318474,6.3136606,229376,0.8976817056536674,112,959.3111856,1336.18
19.24175,499,0.050146483,0.004198621,467.3997337818146,231424,-0.0027270527,6.316815,231424,0.8603009432554245,113,975.1810716200001,1352.71
19.537384,511,0.038916014,0.00331018,471.49875712394714,233472,-0.0026267404,6.303046,233472,0.882487565279007,114,991.0657529000001,1370.48
24.821245,506,0.0076660155,0.0011609991,475.50370931625366,235520,-0.0013759583,6.3016424,235520,0.8966638222336769,115,1006.1533177599999,1387.22
19.40535,505,0.021972656,0.0021507412,479.55074524879456,237568,-0.0031955657,6.298509,237568,0.8845832198858261,116,1022.4641623,1405.24
19.556416,480,0.026855469,0.0027056874,483.60280752182007,239616,-0.0028053797,6.295411,239616,0.8718362301588058,117,1033.5672818,1415.62
18.700497,481,0.035205077,0.0033749237,487.8666603565216,241664,-0.003515559,6.2947073,241664,0.8709608614444733,118,1048.83074691,1431.04
18.213177,514,0.020019531,0.0022207152,492.1231255531311,243712,-0.0041111424,6.2736697,243712,0.8823056146502495,119,1062.9335926499998,1446.56
18.97176,502,0.03491211,0.0034607977,496.1079514026642,245760,-0.004304194,6.2536182,245760,0.8676576912403107,120,1077.62830266,1461.97
19.203434,497,0.072265625,0.006086836,500.18225264549255,247808,-0.0042072907,6.242767,247808,0.8711505681276321,121,1092.6755781,1477.0
19.19215,494,0.046191406,0.0036438243,504.2987697124481,249856,-0.0022182888,6.239595,249856,0.8835773840546608,122,1108.6390061700001,1493.24
19.324814,502,0.022753906,0.0023625137,508.43838810920715,251904,-0.0004801724,6.23801,251904,0.8765486106276512,123,1124.11493515,1508.79
19.888319,494,0.08876953,0.006537917,512.5144073963165,253952,-0.006071666,6.2279005,253952,0.8748001158237457,124,1136.39816169,1519.16
19.621578,485,0.03857422,0.0033827506,516.6538319587708,256000,-0.00096176704,6.234709,256000,0.8707396686077118,125,1136.86588933,1519.16
10.463033,522,0.017773438,0.0019481726,520.8760681152344,258048,-0.0016747685,6.247816,258048,0.9375007525086403,126,1137.12309693,1519.34
43.716515,531,0.020410156,0.002051942,524.7992532253265,260096,-0.004491118,6.2522173,260096,0.7878330200910568,127,1122.1669250500001,1504.65
19.95529,498,0.019970704,0.0022702436,528.651549577713,262144,-0.0020868944,6.2560472,262144,0.8688376545906067,128,1127.22858985,1504.65
19.72505,486,0.015576172,0.0020425345,532.7629430294037,264192,-0.0014187947,6.251702,264192,0.8772779479622841,129,1144.2505142100001,1522.46
20.325686,533,0.011035156,0.001067781,536.9773905277252,266240,-0.0014486641,6.2493677,266240,0.9228685349225998,130,1117.94709889,1488.49
20.120182,491,0.03125,0.0031057273,540.8187909126282,268288,-0.0025568581,6.2466803,268288,0.8816531151533127,131,1117.8803255700002,1488.49
23.143261,507,0.019140625,0.002070365,544.9900913238525,270336,-0.0028283456,6.2451506,270336,0.9165237098932266,132,1107.49305758,1472.02
19.64808,491,0.033935547,0.0032517326,549.0249927043915,272384,-0.0031204133,6.2469826,272384,0.8864118605852127,133,1122.95420522,1487.33
20.127924,464,0.007714844,0.0011862463,553.189658164978,274432,-0.0020418079,6.2461557,274432,0.8979495763778687,134,1128.5297796,1487.33
15.705937,563,0.03330078,0.007468149,557.596479177475,276480,-0.0051285326,6.2647123,276480,0.8183223903179169,135,1081.94746609,1422.73
2.7510471,449,0.05390625,0.0049471953,561.232010602951,278528,-0.0039120866,6.2694283,278528,0.9859002903103828,136,1065.63144079,1406.01
19.439045,486,0.031542968,0.0033416878,565.7916114330292,280576,-0.0021879752,6.2568483,280576,0.8878412246704102,137,1071.24985851,1406.01
23.322918,504,0.019628907,0.0022407607,569.998749256134,282624,-0.002408198,6.2487283,282624,0.9207969605922699,138,1055.90570311,1389.49
20.2608,455,0.070458986,0.0055588516,574.0566420555115,284672,-0.0046577593,6.240194,284672,0.8873518407344818,139,1056.34302841,1389.49
20.432804,471,0.048583984,0.0043721185,578.5534157752991,286720,-0.0015223473,6.2328916,286720,0.8806546628475189,140,1061.6847651,1389.49
20.470716,468,0.048583984,0.004217179,582.8928601741791,288768,-0.0033254116,6.229979,288768,0.8462331295013428,141,1062.35439647,1389.49
28.292383,508,0.038476564,0.0036661953,587.2658936977386,290816,-0.0027620147,6.233581,290816,0.8850200846791267,142,1052.05342361,1374.19
28.343805,341,0.012304688,0.0013615167,591.2982280254364,292864,-0.0010488881,6.2467685,292864,0.9078173786401749,143,1067.44191631,1389.16
19.648024,420,0.042626955,0.003490985,597.3006451129913,294912,-0.0031302602,6.257651,294912,0.8753843158483505,144,1082.34945784,1403.42
19.032614,342,0.014160156,0.001848498,602.1697463989258,296960,-0.0017248292,6.260135,296960,0.8762041628360748,145,1097.8848427699998,1419.16
19.48817,479,0.050634764,0.004357542,608.1567289829254,299008,-0.0050376626,6.2598004,299008,0.8701408803462982,146,1113.3466734099995,1434.41
19.527271,435,0.03793945,0.0035430857,612.428857088089,301056,-0.004197768,6.2630963,301056,0.8820312544703484,147,1128.4692432299996,1449.75
5.04802,462,0.017431641,0.0044818623,617.1330103874207,303104,-0.006670152,6.253168,303104,0.9764898736029863,148,1128.3270136599997,1449.16
35.573017,504,0.023730468,0.0022480362,621.5582709312439,305152,-0.001429973,6.242665,305152,0.8000194579362869,149,1148.70187469,1471.8
6.306374,494,0.029101562,0.004269538,625.6168019771576,307200,-0.007010579,6.2390013,307200,0.9654292948544025,150,1134.8570472700003,1455.34
20.09446,466,0.010253906,0.0013812758,629.7640597820282,309248,-0.0013383316,6.2310452,309248,0.8746315240859985,151,1133.18973837,1455.34
30.474316,463,0.009765625,0.0010822995,634.1523299217224,311296,-0.0014138871,6.2274046,311296,0.8632850348949432,152,1119.8861477,1441.8
19.844446,431,0.015625,0.0018661106,638.5676822662354,313344,-0.0013940734,6.2216005,313344,0.8850505203008652,153,1119.71374218,1441.8
26.70874,468,0.02607422,0.0024322509,643.3140850067139,315392,-0.0038513,6.2252126,315392,0.8999587371945381,154,1118.76431998,1440.61
22.750883,437,0.025195312,0.002336207,647.6859967708588,317440,-0.0031063943,6.2443857,317440,0.9158725142478943,155,1119.18029577,1440.78
20.025747,459,0.1043457,0.008225301,652.3650846481323,319488,-0.0056892736,6.255659,319488,0.8747591525316238,156,1134.67866045,1456.04
21.403559,518,0.03676758,0.0032442294,656.8255121707916,321536,-0.0032373439,6.2581406,321536,0.8886110186576843,157,1138.6366255,1456.04
21.15516,495,0.029003907,0.002683777,660.7795655727386,323584,-0.0030727084,6.254649,323584,0.8697226196527481,158,1143.87091951,1456.04
7.300995,510,0.03237305,0.00310991,664.9155657291412,325632,-0.005616569,6.2376432,325632,0.9662483297288418,159,1128.4466263999998,1440.08
25.871902,535,0.018847656,0.0018609607,668.925418138504,327680,-0.0023327093,6.2271905,327680,0.9067545384168625,160,1128.63660906,1439.8
20.598793,427,0.023583984,0.0023069498,672.7530889511108,329728,-0.002044633,6.2211637,329728,0.8815641477704048,161,1144.4230439499997,1455.5
19.984632,465,0.040771484,0.0035418856,677.5411756038666,331776,-0.0027151878,6.2099333,331776,0.8774848431348801,162,1159.8362780399998,1471.17
23.693987,496,0.034960937,0.0030562938,681.9456799030304,333824,-0.0024147928,6.207465,333824,0.9252224937081337,163,1149.6156840899998,1455.63
19.9067,482,0.020410156,0.0023039922,686.067254781723,335872,-0.0017441565,6.201063,335872,0.8857992514967918,164,1150.0533231299999,1455.63
19.638214,502,0.023779297,0.0026018326,690.3163352012634,337920,-0.0011680594,6.200223,337920,0.8727374076843262,165,1165.90787788,1471.21
19.484325,501,0.07451172,0.0055423668,694.3897185325623,339968,-0.002437416,6.2000494,339968,0.8740100562572479,166,1171.404131,1471.21
19.451246,493,0.07714844,0.00575955,698.4705793857574,342016,-0.0035351417,6.1873255,342016,0.8830093592405319,167,1171.5753759799998,1471.21
19.30936,497,0.055859376,0.0046823057,702.6177532672882,344064,-0.0017970467,6.1755233,344064,0.8808315396308899,168,1174.2618589099998,1471.21
27.383438,546,0.051513672,0.007241849,706.7325129508972,346112,-0.007992776,6.1785936,346112,0.7431360483169556,169,1121.4083536800001,1406.55
24.248737,506,0.03276367,0.0029971905,710.4796733856201,348160,-0.0022009215,6.187711,348160,0.9051608145236969,170,1120.09725244,1401.98
3.9258876,517,0.043408204,0.00444093,714.5268113613129,350208,-0.0042819274,6.16947,350208,0.9814895410090685,171,1106.04098212,1385.74
24.866602,529,0.04863281,0.0046315663,718.4854955673218,352256,-0.006114428,6.1526823,352256,0.8996929451823235,172,1091.9962666800002,1370.51
19.39789,501,0.04042969,0.0035859284,722.3564248085022,354304,-0.0011552845,6.152112,354304,0.8650995045900345,173,1105.1104079500003,1382.34
28.441797,512,0.035107423,0.0038882482,726.4396922588348,356352,-0.0034116234,6.1521406,356352,0.8859426528215408,174,1115.33413258,1388.99
19.287983,485,0.076171875,0.005990951,730.4330236911774,358400,-0.0025686482,6.155569,358400,0.8762543946504593,175,1130.0648722399999,1403.19
28.341969,515,0.018359374,0.0034075137,734.6510775089264,360448,-0.0008809698,6.166739,360448,0.8879444822669029,176,1132.1259419299997,1402.59
19.34947,474,0.09658203,0.0068522333,738.6217002868652,362496,-0.004177527,6.1767044,362496,0.8799024373292923,177,1132.79309191,1402.59
6.448816,500,0.03720703,0.0035506624,742.9420337677002,364544,-0.0070800567,6.197698,364544,0.9653434939682484,178,1118.2866709099999,1386.1
31.582941,522,0.012109375,0.0013899619,747.03138256073,366592,-0.0016899385,6.2290587,366592,0.9033250734210014,179,1124.52523026,1386.93
19.68362,490,0.07451172,0.0057697906,750.9478123188019,368640,-0.00045440596,6.236446,368640,0.8862575441598892,180,1125.43197394,1386.93
29.044891,494,0.0128417965,0.0016163252,755.1232962608337,370688,-0.00156731,6.236212,370688,0.8827827647328377,181,1113.08833692,1374.11
22.820877,481,0.06303711,0.0051208893,759.2672910690308,372736,-0.00400771,6.23475,372736,0.9267578199505806,182,1113.3925403599999,1372.88
7.2301664,548,0.033740234,0.0038249497,763.5256028175354,374784,-0.006256116,6.2344456,374784,0.970776092261076,183,1084.191024,1341.9
21.25417,501,0.03857422,0.0034644895,767.2628781795502,376832,-0.0027571914,6.2426033,376832,0.8852690756320953,184,1084.28369559,1341.9
24.176144,522,0.055615235,0.0046276823,771.3506462574005,378880,-0.0048301443,6.2552814,378880,0.917479395866394,185,1070.7052715800003,1325.66
26.753479,523,0.021191407,0.0020440014,775.2735507488251,380928,-0.003131597,6.2512336,380928,0.9068430587649345,186,1053.4843035000004,1307.9
20.459396,485,0.044384766,0.004088483,779.1828231811523,382976,-0.0022468432,6.2435694,382976,0.8840962052345276,187,1053.54315356,1307.9
19.9679,503,0.11381836,0.008233887,783.4043107032776,385024,-0.0038416586,6.242858,385024,0.8877413719892502,188,1053.37726068,1307.9
20.042019,508,0.08232422,0.0060131275,787.4736850261688,387072,-0.0037914761,6.249816,387072,0.8850991055369377,189,1052.86692924,1307.9
22.84636,517,0.03227539,0.0031696528,791.5033602714539,389120,-0.0031757895,6.250768,389120,0.9163001477718353,190,1052.3831049300002,1306.6
20.179913,504,0.019873047,0.0024035193,795.4618284702301,391168,-0.00019253409,6.2410483,391168,0.8874035626649857,191,1067.7217004800002,1321.71
15.628355,541,0.03364258,0.003183857,799.5183866024017,393216,-0.0075278445,6.2403994,393216,0.9407258369028568,192,1066.76455747,1320.82
34.202766,524,0.02890625,0.0026269858,803.3037385940552,395264,-0.0026950957,6.246409,395264,0.8981358557939529,193,1050.750598,1303.99
20.60748,510,0.03413086,0.003140244,807.2086470127106,397312,-0.0033984357,6.253722,397312,0.884159192442894,194,1066.73921657,1320.37
20.234615,507,0.055908203,0.0045865797,811.2226436138153,399360,-0.0024986682,6.2605805,399360,0.885359600186348,195,1082.7076032400003,1336.76
26.424667,499,0.016796876,0.0017417341,815.2626638412476,401408,-0.0041081393,6.2630043,401408,0.893794447183609,196,1065.5754075500001,1319.09
27.460566,553,0.036132812,0.0030772365,819.3632743358612,403456,-0.0037650415,6.2646084,403456,0.7019238173961639,197,1038.55098128,1294.46
15.577978,546,0.039013673,0.0041018715,823.0635850429535,405504,-0.003758293,6.257432,405504,0.9192939102649689,198,1041.30762917,1298.56
28.039158,520,0.04448242,0.0062093525,826.8095152378082,407552,-0.00607063,6.264106,407552,0.878876194357872,199,1059.29070896,1317.75
20.91449,552,0.019140625,0.0019871085,830.7477850914001,409600,-0.003960184,6.272971,409600,0.8450711965560913,200,1072.38662645,1334.27
11.0920925,564,0.032666016,0.0033002566,834.4563980102539,411648,-0.0025699486,6.270807,411648,0.8635484278202057,201,1079.64862635,1345.42
19.966253,515,0.049560547,0.004091184,838.0827856063843,413696,-0.003072124,6.2691994,413696,0.89762382209301,202,1079.07645437,1345.42
20.090473,538,0.06035156,0.004480851,842.0575013160706,415744,-0.005064534,6.263399,415744,0.8854844719171524,203,1076.89940219,1345.42
19.511917,515,0.031689454,0.0030132397,845.8646473884583,417792,-0.0025286337,6.255239,417792,0.8923867046833038,204,1092.0933121599999,1361.94
17.392935,563,0.020947266,0.0021121085,849.8386237621307,419840,-0.0027510226,6.252487,419840,0.867429256439209,205,1049.2228851,1320.36
20.255085,493,0.050585937,0.004010248,853.474734544754,421888,-0.0034714337,6.253558,421888,0.8750310018658638,206,1048.5292323200001,1320.36
21.416698,505,0.03642578,0.0034761664,857.6265811920166,423936,-0.004275639,6.2508116,423936,0.9188828840851784,207,1047.6817141,1321.06
19.416536,509,0.054052733,0.004501355,861.6815366744995,425984,-0.0028945596,6.2371154,425984,0.8797799497842789,208,1063.5196213299998,1337.35
5.2164054,532,0.039355468,0.003573969,865.7054312229156,428032,-0.005065112,6.224066,428032,0.9762942921370268,209,1063.96482831,1338.03
19.481407,504,0.019677734,0.00198588,869.5485770702362,430080,-0.0015209819,6.2175636,430080,0.8796773105859756,210,1063.55380562,1338.03
19.252525,495,0.055371094,0.0042945845,873.6112725734711,432128,-0.0015020252,6.2156076,432128,0.8745846301317215,211,1063.8026460699998,1338.03
19.195427,491,0.064013675,0.0051845144,877.7414307594299,434176,-0.0024734023,6.2103925,434176,0.8660342842340469,212,1063.3979757099996,1338.03
18.926647,482,0.06665039,0.005601789,881.9085457324982,436224,-0.004153789,6.2019796,436224,0.853499099612236,213,1063.7788913899997,1338.03
18.956564,474,0.036083985,0.0032423325,886.1496567726135,438272,-0.0012248585,6.1999745,438272,0.8762200698256493,214,1079.81319128,1354.47
22.148842,508,0.032226562,0.0029860812,890.4623627662659,440320,-0.005054516,6.201847,440320,0.9162697270512581,215,1075.3050982900002,1347.43
19.539824,488,0.057373047,0.0046829465,894.4934391975403,442368,-0.0023123303,6.202844,442368,0.8816046863794327,216,1090.6421167800002,1363.89
20.033327,506,0.057714842,0.00453529,898.6886928081512,444416,-0.0030166444,6.210967,444416,0.8683182299137115,217,1089.986236,1363.89
19.623882,487,0.068408206,0.005352904,902.7307481765747,446464,-0.0054159723,6.2151003,446464,0.8743137270212173,218,1090.57316632,1363.89
11.899851,536,0.04711914,0.0039972113,906.9363660812378,448512,-0.0046398714,6.2223897,448512,0.8367849141359329,219,1099.41488773,1377.43
18.91383,495,0.036621094,0.0035271018,910.7539451122284,450560,-0.00130767,6.223563,450560,0.8806139752268791,220,1100.09003715,1377.43
7.576726,520,0.031396486,0.0029089297,914.8842873573303,452608,-0.0041279453,6.2153115,452608,0.9516962431371212,221,1090.6699269,1371.15
22.509874,503,0.035449218,0.0041063377,918.8178980350494,454656,-0.0034508738,6.2162,454656,0.9165143221616745,222,1089.48217532,1369.35
19.803513,495,0.035546876,0.003210932,922.8883008956909,456704,-0.0015940985,6.2293406,456704,0.8826799243688583,223,1104.8362962099998,1384.86
11.453109,522,0.021044921,0.002121371,927.0235390663147,458752,-0.0007477474,6.233119,458752,0.694096714258194,224,1098.8510975799998,1384.86
18.605175,532,0.025830079,0.0023977289,930.9415588378906,460800,-0.0032053452,6.2321596,460800,0.8338838964700699,225,1077.65032953,1367.23
19.375057,485,0.06660156,0.0053663524,934.7907748222351,462848,-0.002875901,6.2253785,462848,0.8806793838739395,226,1093.1742162899998,1383.19
19.391157,496,0.047705077,0.003914577,939.0096397399902,464896,-0.001883514,6.216682,464896,0.885402150452137,227,1093.0482008899999,1383.19
8.626818,520,0.04082031,0.0032126494,943.1339375972748,466944,-0.0017764375,6.2170987,466944,0.8911831974983215,228,1103.03107878,1398.67
19.83715,497,0.012011719,0.0014010769,947.07000041008,468992,-0.0011246543,6.2162533,468992,0.8783212900161743,229,1118.56036217,1414.43
19.285679,496,0.04018555,0.0035281149,951.1881606578827,471040,-0.0027565728,6.2128763,471040,0.8588120490312576,230,1118.1326474099997,1414.43
19.11729,492,0.036816407,0.0038455478,955.3105301856995,473088,-0.0015943444,6.2017913,473088,0.8685406595468521,231,1118.6116272,1414.43
29.802927,494,0.02109375,0.002691549,959.4655718803406,475136,-0.0013088147,6.2004075,475136,0.9044252038002014,232,1100.6576193199999,1394.27
21.711674,543,0.008984375,0.0008913715,963.605396270752,477184,-0.0014486441,6.2147613,477184,0.8159032613039017,233,1054.22340628,1348.49
27.25176,537,0.02211914,0.002253909,967.3740730285645,479232,-0.003938603,6.2167926,479232,0.7113445401191711,234,1042.51377165,1338.56
28.898037,539,0.03334961,0.003188222,971.181792974472,481280,-0.0033041232,6.2187767,481280,0.7105451226234436,235,1031.1453482,1328.11
18.457752,491,0.036376953,0.0032630388,974.9777686595917,483328,-0.0014816226,6.221898,483328,0.87925885617733,236,1030.85461484,1328.11
19.159134,495,0.044189453,0.0037841636,979.1466815471649,485376,-0.001574036,6.2153077,485376,0.8642255812883377,237,1045.90468686,1343.34
13.710361,520,0.03310547,0.0032743313,983.2784996032715,487424,-0.00080735347,6.218926,487424,0.9427024573087692,238,1015.7611049900001,1313.79
26.609253,509,0.031542968,0.0031771548,987.2124199867249,489472,-0.004449866,6.240527,489472,0.9021997675299644,239,1015.8178778100003,1313.79
13.264639,521,0.028320312,0.0026676268,991.2359228134155,491520,-0.0041023055,6.251395,491520,0.8627579212188721,240,989.0609224000001,1290.5
13.952962,502,0.021679688,0.0022445542,995.1627295017242,493568,-0.003377505,6.2586093,493568,0.9282101541757584,241,976.8110182700002,1280.47
20.947025,503,0.02626953,0.0027781473,999.2386615276337,495616,-0.002486216,6.268235,495616,0.9271723628044128,242,994.82537777,1300.39
17.376656,538,0.032910157,0.0030183422,1003.3057446479797,497664,-0.0049619144,6.2798147,497664,0.8112033158540726,243,966.3403108299999,1273.34
20.70106,497,0.03491211,0.0035401762,1007.1089029312134,499712,-0.0016970454,6.273013,499712,0.8816990256309509,244,966.2617115800001,1273.34
15.228174,528,0.038769532,0.004274557,1011.2226557731628,501760,-0.005850598,6.2611,501760,0.9171085357666016,245,969.2671233000001,1277.84
19.852243,511,0.060546875,0.0048505226,1015.0959780216217,503808,-0.0036071062,6.275568,503808,0.8891046121716499,246,984.46080105,1293.29
9.565841,532,0.02319336,0.0021217472,1019.0997865200043,505856,-0.001547824,6.2862616,505856,0.7923951894044876,247,976.5626084200002,1289.75
9.442172,509,0.036474608,0.0041133077,1022.9485113620758,507904,-0.0046284897,6.279898,507904,0.9444743953645229,248,971.2294194900002,1289.75
19.967358,497,0.049951173,0.0042284857,1026.9657044410706,509952,-0.0019738623,6.278349,509952,0.8717076927423477,249,987.4395320900002,1305.99
20.533537,489,0.057861328,0.004889817,1031.0826127529144,512000,-0.0020897258,6.268112,512000,0.8703413158655167,250,987.7707705900002,1305.99
28.079441,518,0.044628907,0.0037436523,1035.2670063972473,514048,-0.004635076,6.269567,514048,0.8760465234518051,251,993.3148245099999,1314.63
16.744877,528,0.015283203,0.0015205236,1039.2155132293701,516096,-0.00016968162,6.2743263,516096,0.8500797599554062,252,967.2382860899999,1290.75
20.544933,497,0.061425783,0.0049978546,1043.0922918319702,518144,-0.0020476847,6.273782,518144,0.8750824183225632,253,967.8401781399999,1290.75
7.8589683,521,0.029101562,0.0025184408,1047.2061257362366,520192,-0.002385599,6.2737336,520192,0.9575576223433018,254,973.1648075600001,1299.14
23.007881,514,0.027880859,0.002586997,1051.1329953670502,522240,-0.003761826,6.273467,522240,0.920796312391758,255,973.0914886099999,1299.08
20.385221,495,0.06533203,0.0052478807,1055.1178419589996,524288,-0.0045235907,6.268115,524288,0.8939281776547432,256,988.42510868,1314.55
16.790857,547,0.022216797,0.0021153556,1059.2528252601624,526336,-0.0050104274,6.2620077,526336,0.8785522282123566,257,979.1687434099999,1308.03
20.255701,468,0.03388672,0.002952192,1062.9967954158783,528384,-0.00034190825,6.2714376,528384,0.8905776962637901,258,979.1105983599998,1308.03
18.35257,516,0.041748047,0.004152314,1067.3678750991821,530432,-0.0043513323,6.282086,530432,0.8237240761518478,259,952.4575187499997,1283.39
11.361807,508,0.018798828,0.0018113417,1071.333711385727,532480,-0.003087219,6.286313,532480,0.9055677726864815,260,960.9773254599997,1296.2
20.126787,487,0.06762695,0.0054802243,1075.3597881793976,534528,-0.001955978,6.2937484,534528,0.8844733908772469,261,975.1721534499999,1309.81
20.105518,501,0.051171876,0.004304709,1079.5645518302917,536576,-0.002235102,6.293031,536576,0.8715511709451675,262,990.0088522499999,1324.49
20.17191,494,0.037841797,0.0033526465,1083.6500351428986,538624,-0.0022673863,6.2969174,538624,0.8780441433191299,263,1003.5453592400002,1336.95
21.967342,493,0.0515625,0.0042208433,1087.7885160446167,540672,-0.004450893,6.302972,540672,0.9232212007045746,264,1004.4273515900001,1338.01
20.113369,465,0.06552734,0.0049831914,1091.9427506923676,542720,-0.0016206019,6.314835,542720,0.8761102259159088,265,1017.9948320999999,1350.73
20.708902,471,0.04067383,0.0033462506,1096.3454539775848,544768,-0.001571628,6.318925,544768,0.889790304005146,266,1020.2134438099998,1350.73
11.524731,524,0.015673827,0.001658479,1100.6936948299408,546816,-0.0019469673,6.3158154,546816,0.9452097564935684,267,999.8638615100001,1326.87
20.501387,491,0.041552734,0.0035109692,1104.5961785316467,548864,-0.0022022896,6.317318,548864,0.8790405690670013,268,1001.7873702,1326.87
21.082325,465,0.028515626,0.0028743693,1108.7624335289001,550912,-0.0022927884,6.316422,550912,0.8797646090388298,269,1002.3798999,1326.87
12.008696,490,0.02236328,0.002074393,1113.1639657020569,552960,-0.0020100996,6.323198,552960,0.7305292785167694,270,1010.0680803900001,1338.91
10.896819,523,0.03461914,0.0031701103,1117.339904308319,555008,-0.0041312166,6.3255286,555008,0.9271836802363396,271,1020.1374357400001,1353.63
20.054445,493,0.020214844,0.002030602,1121.2512683868408,557056,-0.0027291148,6.3237457,557056,0.9005806297063828,272,1035.1018048500002,1368.45
25.243444,514,0.04086914,0.0035505113,1125.4036123752594,559104,-0.0029637995,6.3378854,559104,0.9086932688951492,273,1020.6437281699999,1354.16
19.94106,469,0.03378906,0.0030483792,1129.3818826675415,561152,-0.00091619993,6.343666,561152,0.8960086405277252,274,1035.7118383,1368.76
20.117771,467,0.020410156,0.0021312723,1133.7424714565277,563200,-0.0011911506,6.328393,563200,0.8863926976919174,275,1035.4050898599999,1368.76
20.065,461,0.027246093,0.0025610738,1138.122376203537,565248,-0.00078088464,6.3266973,565248,0.8879399970173836,276,1050.03572236,1383.15
25.400969,518,0.015136719,0.0016754983,1142.5650522708893,567296,-0.0011390501,6.3348975,567296,0.72862508893013,277,989.6207218900001,1323.35
7.482386,486,0.02602539,0.0024267063,1146.5163247585297,569344,-0.0054263966,6.350668,569344,0.9664582498371601,278,974.0325246400002,1307.86
26.554398,457,0.027539063,0.0026891034,1150.729086637497,571392,-0.0025756885,6.358865,571392,0.9085813090205193,279,972.9794089500002,1306.94
20.551914,481,0.05961914,0.004978189,1155.2065830230713,573440,-0.0059046615,6.3615,573440,0.8853694647550583,280,988.3312273300002,1323.11
20.174883,479,0.013476563,0.001831697,1159.4580254554749,575488,-0.0015090557,6.3521,575488,0.897005245089531,281,987.9980379600004,1323.11
33.18859,487,0.0265625,0.0023775208,1163.7261514663696,577536,-0.0030541457,6.346586,577536,0.9057757258415222,282,946.31155389,1274.18
11.922663,550,0.020117188,0.0025833598,1167.9249057769775,579584,-0.0046013286,6.3536267,579584,0.9391217418015003,283,925.2792201600001,1250.9
23.220667,485,0.019042969,0.0020082921,1171.6444263458252,581632,-0.005085041,6.363713,581632,0.9245390072464943,284,926.1847145700001,1253.55
14.877917,489,0.012988281,0.0013587058,1175.8637104034424,583680,-0.0021209824,6.3761735,583680,0.8165052235126495,285,909.45693603,1227.32
21.258013,471,0.026220703,0.0025142597,1180.0466556549072,585728,-0.0025832546,6.376598,585728,0.8973246067762375,286,907.22823741,1227.32
20.60426,482,0.05703125,0.0044722096,1184.393530845642,587776,-0.0024940327,6.3703756,587776,0.8976055160164833,287,907.0712502899999,1227.32
23.864143,479,0.019921875,0.0022065304,1188.6401205062866,589824,-0.0032100403,6.3676147,589824,0.9113336056470871,288,897.3508147499998,1213.28
19.66295,441,0.083935544,0.0061955447,1192.9128143787384,591872,-0.00286785,6.3580647,591872,0.8836140036582947,289,897.8752900300001,1213.28
22.486912,487,0.038916014,0.0033547047,1197.55566239357,593920,-0.0037684285,6.35987,593920,0.8615917414426804,290,896.02374009,1213.28
9.453705,440,0.02216797,0.002126889,1201.7540917396545,595968,-0.0043095425,6.370923,595968,0.9566144607961178,291,880.5327964700002,1197.3
20.557072,462,0.039355468,0.0031609782,1206.402595281601,598016,-0.0028553014,6.3719897,598016,0.8798466473817825,292,897.3107269000002,1215.16
20.153877,495,0.0418457,0.0037846207,1210.8296084403992,600064,-0.0023018545,6.365303,600064,0.8880368322134018,293,914.16979953,1233.0
23.498814,515,0.0125488285,0.0014030421,1214.967404127121,602112,-0.0015327978,6.3675013,602112,0.9193086102604866,294,929.8381919200001,1248.79
20.12416,500,0.06665039,0.005101742,1218.9409065246582,604160,-0.006822626,6.373616,604160,0.882237434387207,295,944.79624742,1263.55
23.98407,508,0.050390624,0.0040414208,1223.0351128578186,606208,-0.0029118736,6.3808227,606208,0.9297473654150963,296,960.28762634,1279.25
19.886204,461,0.015820313,0.0019045811,1227.0636644363403,608256,-0.0017577823,6.3772883,608256,0.8842446878552437,297,974.66176598,1292.92
20.443113,434,0.02319336,0.0025132254,1231.5053689479828,610304,-0.0019021534,6.356287,610304,0.8755783811211586,298,989.3287435300001,1307.41
5.5435133,488,0.023144532,0.0032498303,1236.2203314304352,612352,-0.0037719402,6.344344,612352,0.9789554215967655,299,989.0543390400001,1307.28
25.129541,513,0.028857421,0.0027917542,1240.4107534885406,614400,-0.0012465438,6.352916,614400,0.9109993129968643,300,1003.7398080999999,1321.14
20.455212,443,0.038964845,0.0038081515,1244.4004473686218,616448,-0.0053099524,6.353132,616448,0.8912692293524742,301,1004.1065326400001,1321.14
20.254517,494,0.025244141,0.0025800448,1249.0139706134796,618496,-0.0028736787,6.343164,618496,0.890030711889267,302,1003.2909321900001,1321.14
20.523157,463,0.027001953,0.0025704491,1253.155211687088,620544,-0.0011888437,6.339675,620544,0.8785111308097839,303,1017.77998604,1336.23
21.740826,495,0.03745117,0.0034821513,1257.5747249126434,622592,-0.0038284652,6.338102,622592,0.8919752538204193,304,1032.02938042,1350.69
20.05009,475,0.023535157,0.002571254,1261.7085411548615,624640,-0.00031446552,6.3323164,624640,0.8926574662327766,305,1030.5701195299998,1350.69
20.208376,487,0.016064454,0.0020169383,1266.0128591060638,626688,-0.00087444147,6.331398,626688,0.8885312229394913,306,1045.26048763,1366.09
19.685177,440,0.0418457,0.0037563327,1270.211675643921,628736,-0.0012791806,6.324029,628736,0.8755489066243172,307,1058.6798777200001,1379.13
19.884983,447,0.042871095,0.004148041,1274.8596494197845,630784,-0.0025977576,6.3166056,630784,0.8822687119245529,308,1072.95767532,1392.92
20.049555,478,0.050195314,0.0044418303,1279.4379880428314,632832,-0.0026855108,6.301698,632832,0.8777120187878609,309,1086.64619213,1405.64
19.938831,458,0.015722657,0.0020966197,1283.7208561897278,634880,-0.0009943709,6.285432,634880,0.8785216212272644,310,1100.9624601599999,1419.35
21.88116,466,0.019726563,0.0022687102,1288.191906929016,636928,-0.0023257271,6.276339,636928,0.8638330399990082,311,1114.65914083,1432.16
22.75544,517,0.024560547,0.0022602563,1292.5813410282135,638976,-0.0021764191,6.2739277,638976,0.8605809658765793,312,1110.05251707,1431.94
20.068739,497,0.010546875,0.0012804148,1296.5385212898254,641024,-0.0011374269,6.2768164,641024,0.876184493303299,313,1124.8657364899998,1446.82
10.160381,500,0.023046875,0.0025078703,1300.6550753116608,643072,-0.00034850105,6.2870245,643072,0.9647935926914215,314,1120.9570004,1440.4
22.122202,491,0.030810546,0.0026314806,1304.7437052726746,645120,-0.0022265331,6.2906566,645120,0.8137028068304062,315,1120.98210378,1440.4
23.469944,499,0.023876954,0.0023907374,1308.912653684616,647168,-0.0019498111,6.2800417,647168,0.8573387712240219,316,1129.52631881,1452.55
19.55688,537,0.039501954,0.0034453936,1313.0169377326965,649216,-0.0040023057,6.276198,649216,0.8135183751583099,317,1118.0996720100002,1440.98
24.806644,441,0.04663086,0.006846239,1316.8314452171326,651264,-0.0040805973,6.2753687,651264,0.8804667815566063,318,1107.99160707,1425.78
12.639235,484,0.07197265,0.009942776,1321.4718708992004,653312,-0.004506504,6.275601,653312,0.711020827293396,319,1102.6056625800002,1425.78
13.338506,488,0.064257815,0.0053398074,1325.6968972682953,655360,-0.0038318117,6.28134,655360,0.6769635677337646,320,1097.39114863,1425.78
19.268028,461,0.04584961,0.004106002,1329.8858947753906,657408,-0.0025557945,6.278764,657408,0.8629528284072876,321,1109.18107547,1434.9
19.473158,427,0.015966797,0.0020169462,1334.3228681087494,659456,-0.0032272902,6.2653036,659456,0.8664453029632568,322,1123.06761332,1447.2
11.01247,482,0.05205078,0.004189113,1339.115505695343,661504,-0.0046507167,6.2582736,661504,0.7345748245716095,323,1130.8345098500001,1458.78
19.57391,457,0.047070313,0.0042653633,1343.3647437095642,663552,-0.0030959875,6.2481008,663552,0.8727867603302002,324,1130.4834837699998,1458.78
20.269667,479,0.03100586,0.0030331917,1347.846393108368,665600,-0.0011688287,6.249607,665600,0.8687209039926529,325,1140.9938761399999,1466.95
20.74503,491,0.018652344,0.0019623074,1352.1198494434357,667648,-0.0014090321,6.2561855,667648,0.867441788315773,326,1138.73481492,1466.95
0.20480406,447,0.12558594,0.010985019,1356.28528881073,669696,-0.008972553,6.231772,669696,0.9984195263823494,327,1138.73481492,1466.95
3.22826,473,0.043017577,0.0050077294,1360.8622500896454,671744,-0.0063393684,6.204671,671744,0.9790023602545261,328,1154.08557334,1482.25
4.7141695,438,0.048046876,0.0044615655,1365.1855690479279,673792,-0.0057833437,6.1770554,673792,0.9656610004603863,329,1153.8749252500002,1482.25
6.9181404,485,0.027197266,0.003180435,1369.8597416877747,675840,-0.00480041,6.160973,675840,0.9584759138524532,330,1164.36456871,1489.35
8.130864,425,0.087939456,0.00642172,1374.0795648097992,677888,-0.004432538,6.157998,677888,0.940992709249258,331,1179.5909209600002,1505.43
13.340584,479,0.021142578,0.0021738862,1378.8911399841309,679936,-0.0021750322,6.1529083,679936,0.8034355491399765,332,1196.05564689,1522.06
7.1753836,449,0.02602539,0.0030442933,1383.1618592739105,681984,-0.0034169662,6.137086,681984,0.9467385709285736,333,1191.85008047,1522.06
11.675479,470,0.06499024,0.00537168,1387.7203073501587,684032,-0.0044698594,6.120062,684032,0.9180865436792374,334,1205.88819635,1534.8
15.029051,536,0.029296875,0.0025931392,1392.075450181961,686080,-0.0042084036,6.11055,686080,0.6216439604759216,335,1219.0659868,1546.47
17.867823,529,0.033935547,0.0039183027,1395.8904643058777,688128,-0.008149918,6.1064086,688128,0.915734700858593,336,1219.94296725,1548.04
21.171732,515,0.021630859,0.0022377935,1399.7575538158417,690176,-0.0021802632,6.1123996,690176,0.8171622008085251,337,1218.8027840900002,1548.04
12.496794,494,0.038476564,0.004158513,1403.7299814224243,692224,-0.0033782073,6.1342664,692224,0.930130772292614,338,1213.5540265,1548.04
20.232145,495,0.080517575,0.006191778,1407.8717176914215,694272,-0.0028378407,6.144579,694272,0.8628623485565186,339,1213.90014881,1548.04
20.081125,495,0.06704102,0.0052207913,1412.0028793811798,696320,-0.0020438074,6.143098,696320,0.8613266795873642,340,1214.29545746,1548.04
28.220327,534,0.04169922,0.003906479,1416.1372110843658,698368,-0.0037653309,6.147212,698368,0.8239505589008331,341,1212.33522938,1544.73
11.351075,504,0.032128908,0.0029447938,1419.9674923419952,700416,-0.0044437777,6.1619906,700416,0.9353796020150185,342,1207.70274499,1544.73
20.187792,466,0.09790039,0.0070169447,1424.0284841060638,702464,-0.004627728,6.176477,702464,0.8646246790885925,343,1223.10787859,1559.96
20.191246,455,0.08276367,0.006120751,1428.4215416908264,704512,-0.0026065754,6.1757374,704512,0.8648796677589417,344,1238.1697556899999,1574.16
28.210964,484,0.04086914,0.003960527,1432.919340133667,706560,-0.002339771,6.1804514,706560,0.8692670911550522,345,1222.4374395599998,1556.54
20.392376,485,0.027734375,0.0026611302,1437.1467969417572,708608,-0.0007708771,6.194856,708608,0.8661187142133713,346,1225.55022437,1556.54
19.959446,455,0.0519043,0.0042494168,1441.3694396018982,710656,-0.0012010467,6.197134,710656,0.8691053837537766,347,1231.08429946,1556.54
20.123096,476,0.018701172,0.0022161559,1445.8612670898438,712704,-0.001496657,6.1888094,712704,0.8756916746497154,348,1231.23506057,1556.54
27.70544,489,0.035986327,0.004556446,1450.1602919101715,714752,-0.0074434504,6.179517,714752,0.8944107964634895,349,1232.0908834600002,1554.84
21.191135,483,0.07890625,0.00614502,1454.3442213535309,716800,-0.0055498965,6.1841927,716800,0.8670671731233597,350,1232.00831429,1554.84
19.989573,469,0.061425783,0.0045865513,1458.5854465961456,718848,-0.002079861,6.182475,718848,0.8584387749433517,351,1232.36524414,1554.84
21.468304,481,0.021679688,0.0021653061,1462.9492847919464,720896,-0.0017143588,6.2026253,720896,0.9215199053287506,352,1232.00026274,1553.24
8.877177,518,0.037841797,0.0033903052,1467.2019050121307,722944,-0.005088579,6.234329,722944,0.9666148312389851,353,1231.40068433,1551.58
19.754572,473,0.10976563,0.007824592,1471.1487379074097,724992,-0.0029040198,6.2419534,724992,0.8674291223287582,354,1247.6940850400001,1567.44
20.892391,510,0.04511719,0.0038325936,1475.4717905521393,727040,-0.004516319,6.233905,727040,0.8609139919281006,355,1263.6351506899998,1582.93
20.621004,505,0.070458986,0.005572097,1479.487274646759,729088,-0.0029759672,6.2216177,729088,0.8708903789520264,356,1261.53363,1582.93
26.952997,506,0.03666992,0.003489356,1483.53573346138,731136,-0.0025525023,6.2134614,731136,0.8878782615065575,357,1263.40096429,1584.53
19.908747,475,0.05522461,0.004689783,1487.5833764076233,733184,-0.000507484,6.213823,733184,0.8667379766702652,358,1264.60270436,1584.53
20.865084,462,0.025195312,0.0024906732,1491.888397693634,735232,-0.0016052283,6.2075224,735232,0.8518181592226028,359,1265.48491393,1584.53
19.775593,459,0.073876955,0.0057405876,1496.3136341571808,737280,-0.0023939328,6.1957083,737280,0.8567851781845093,360,1282.3622574,1602.3
20.307964,419,0.030810546,0.002802391,1500.7730185985565,739328,-0.00034048135,6.1873846,739328,0.8640875518321991,361,1298.55635179,1617.96
20.356163,422,0.026171874,0.002895037,1505.6505725383759,741376,-0.0013405562,6.1813827,741376,0.8756921514868736,362,1314.6211858099998,1633.46
11.6639595,478,0.08134766,0.008457886,1510.502937555313,743424,-0.0074262647,6.1848493,743424,0.8653411716222763,363,1325.0721165699997,1649.28
20.377386,456,0.06894531,0.005172589,1514.7862379550934,745472,-0.002393547,6.193479,745472,0.8736837208271027,364,1340.15299543,1663.02
20.141947,455,0.09628906,0.0071508214,1519.2731063365936,747520,-0.0039357548,6.1983466,747520,0.8604800850152969,365,1340.8157720999998,1663.02
25.681519,482,0.032958984,0.003637847,1523.7673983573914,749568,-0.00316025,6.1930475,749568,0.9041666835546494,366,1355.1797476000002,1675.96
20.265535,493,0.041503906,0.0037350897,1528.0086252689362,751616,-0.0010889593,6.1916876,751616,0.8589474260807037,367,1371.15441488,1691.57
22.3106,498,0.020996094,0.0023066818,1532.1571598052979,753664,-0.0011749916,6.1885214,753664,0.8590057790279388,368,1386.21486658,1706.07
20.78603,504,0.051708985,0.004250617,1536.2687785625458,755712,-0.0026115696,6.1889205,755712,0.874293863773346,369,1387.7794269899998,1706.07
20.3596,452,0.034863282,0.002991551,1540.3263726234436,757760,-0.0009917966,6.2019696,757760,0.8649649620056152,370,1388.6796197800002,1706.07
12.284669,470,0.026855469,0.0027852363,1544.857561826706,759808,-0.002330673,6.209302,759808,0.9516278356313705,371,1371.5610361400002,1686.98
20.268028,436,0.076855466,0.00579179,1549.2124190330505,761856,-0.002501507,6.1990194,761856,0.8646889179944992,372,1370.9262808500002,1686.98
20.5981,473,0.050146483,0.004003954,1553.9024920463562,763904,-0.0012827311,6.1995535,763904,0.8545464873313904,373,1373.06832799,1686.98
20.10806,450,0.017871093,0.0019220507,1558.2326953411102,765952,-0.0006744101,6.211076,765952,0.8652921766042709,374,1389.01305632,1702.96
21.231731,466,0.029541016,0.0027836184,1562.7754282951355,768000,-0.0018045215,6.210633,768000,0.8541961461305618,375,1389.5715648200003,1702.96
21.147978,506,0.009277344,0.0012265383,1567.1674644947052,770048,-0.0033494409,6.206175,770048,0.8688553422689438,376,1384.6726089899996,1702.96
29.435532,480,0.020507812,0.0024040276,1571.2115590572357,772096,-0.0036303992,6.20678,772096,0.9093240052461624,377,1352.9025700800003,1670.27
3.2525566,468,0.021728516,0.00231739,1575.4755458831787,774144,-0.005688433,6.210352,774144,0.986385895870626,378,1353.6286668100001,1671.05
27.54071,434,0.015625,0.0017142699,1579.845755815506,776192,-0.0034100562,6.2153816,776192,0.8897226601839066,379,1353.72728131,1670.57
22.278095,439,0.012304688,0.0013173973,1584.5634138584137,778240,-0.0013783384,6.2185974,778240,0.9195555970072746,380,1354.3385302899999,1670.06
19.50246,473,0.06123047,0.0047790287,1589.2237992286682,780288,-0.0021021427,6.218761,780288,0.8844050988554955,381,1354.40010159,1670.06
20.022303,470,0.04477539,0.00398996,1593.5512208938599,782336,-0.0012922005,6.223582,782336,0.8798767328262329,382,1370.1154448300001,1685.73
31.366043,541,0.03540039,0.0044374615,1597.908329486847,784384,-0.007516286,6.2220955,784384,0.7258251011371613,383,1310.3726193,1623.78
12.480259,511,0.018164063,0.001602244,1601.6903789043427,786432,-0.002301531,6.219101,786432,0.9219838306307793,384,1269.2728544000001,1580.41
21.322807,453,0.010644531,0.0013215423,1605.6956896781921,788480,-0.0024652963,6.2081246,788480,0.8667274713516235,385,1269.06775649,1580.41
16.388044,499,0.029443359,0.0026568323,1610.2113511562347,790528,-0.0046264147,6.2007747,790528,0.9014933183789253,386,1224.6481698799998,1535.96
19.762278,431,0.050097656,0.0041730236,1614.3115100860596,792576,-0.0008024999,6.2067523,792576,0.8641053438186646,387,1227.9893900499999,1535.96
23.258347,434,0.019677734,0.0022693067,1619.0590751171112,794624,-0.0018980026,6.203988,794624,0.9109182581305504,388,1228.59649957,1536.11
16.882587,475,0.033496093,0.0031406332,1623.7706665992737,796672,-0.0070300167,6.1958795,796672,0.8411510437726974,389,1202.40202894,1504.76
11.678909,484,0.038720705,0.003646724,1628.0773079395294,798720,-0.0050380696,6.200484,798720,0.9236423671245575,390,1178.89775378,1477.28
7.18721,473,0.023291016,0.0022918838,1632.3061950206757,800768,-0.0044522365,6.19862,800768,0.9645507074892521,391,1177.89081799,1475.97
19.900248,438,0.02841797,0.0028356581,1636.6348435878754,802816,-0.0010743032,6.195557,802816,0.8771005570888519,392,1182.49367163,1475.97
20.37128,443,0.04472656,0.004308243,1641.3080275058746,804864,-0.0021677618,6.185324,804864,0.8658423125743866,393,1187.91950639,1475.97
29.415195,475,0.040478516,0.0035614632,1645.9280426502228,806912,-0.0063791284,6.1807027,806912,0.7467182278633118,394,1172.4995648899999,1461.12
21.867933,491,0.025488282,0.0022965197,1650.2389845848083,808960,-0.0042688977,6.188698,808960,0.8108189702033997,395,1173.43555913,1461.12
20.208048,488,0.055029295,0.004767634,1654.4099237918854,811008,-0.002371673,6.182513,811008,0.8654445111751556,396,1171.20025201,1461.12
20.196972,474,0.07929687,0.0062694876,1658.5988056659698,813056,-0.0038511355,6.1746645,813056,0.8640090972185135,397,1171.68651254,1461.12
34.46076,486,0.015625,0.0016338021,1662.9157202243805,815104,-0.004544886,6.1801233,815104,0.8750972077250481,398,1144.1309577500003,1430.55
16.13561,514,0.04243164,0.0035975738,1667.1302449703217,817152,-0.0059556533,6.1989913,817152,0.8534141629934311,399,1067.69203448,1349.03
9.496243,475,0.02109375,0.0019895013,1671.112385749817,819200,-0.0038192093,6.209412,819200,0.9664288498461246,400,1041.77442553,1318.04
22.765076,446,0.04848633,0.0044955243,1675.425034046173,821248,-0.004747555,6.217086,821248,0.9340425506234169,401,1032.4921337,1301.4
11.903683,470,0.024072265,0.0024789104,1680.0080034732819,823296,-0.0040333276,6.2274528,823296,0.8972390368580818,402,987.6759195900001,1258.94
6.461276,481,0.020947266,0.0022843303,1684.3617494106293,825344,-0.0032975387,6.22352,825344,0.9758912101387978,403,962.55424272,1228.4
26.897573,522,0.036865234,0.0032398023,1688.6168627738953,827392,-0.003552591,6.2255125,827392,0.9098460599780083,404,945.4577886100001,1214.03
9.572176,536,0.01826172,0.0026663486,1692.5398216247559,829440,-0.005834636,6.2325397,829440,0.8944286480545998,405,884.89850699,1152.33
12.48765,552,0.018798828,0.0019029345,1696.3563282489777,831488,-0.005217863,6.2260413,831488,0.890325203537941,406,837.76791689,1105.7
5.6195364,508,0.05415039,0.004425537,1700.06401014328,833536,-0.009255787,6.225826,833536,0.9741942510008812,407,840.11906517,1109.2
23.158138,476,0.023730468,0.0023064683,1704.0897810459137,835584,-0.0019098471,6.240804,835584,0.9206603467464447,408,853.61492794,1124.8
23.575163,482,0.028173828,0.0025669853,1708.388709306717,837632,-0.004287665,6.245434,837632,0.9288738667964935,409,825.0729809199998,1094.79
20.514002,556,0.023046875,0.002075582,1712.632836818695,839680,-0.0026178134,6.2505846,839680,0.7362261116504669,410,759.5348242100001,1029.21
14.380778,548,0.027832031,0.002471756,1716.3117797374725,841728,-0.0043091774,6.25742,841728,0.8606437146663666,411,700.1826147099999,965.32
14.022656,509,0.030615235,0.0117912125,1720.0459802150726,843776,-0.006334296,6.2622805,843776,0.9573427438735962,412,667.9536511799998,933.49
33.311592,509,0.048095703,0.004356309,1724.065003156662,845824,-0.005511153,6.2655506,845824,0.892129048705101,413,655.8294401799999,921.73
12.032697,463,0.015283203,0.0017505577,1728.0845820903778,847872,-0.0027407133,6.276061,847872,0.934764988720417,414,625.3848067299999,891.12
26.512232,464,0.054980468,0.004782139,1732.5008070468903,849920,-0.0018274395,6.28782,849920,0.9156646355986595,415,626.5422624199999,892.47
11.70018,487,0.025439452,0.0022843105,1736.9081192016602,851968,-0.0047647553,6.3019857,851968,0.9337214753031731,416,583.3647641399999,851.81
8.104108,494,0.01796875,0.0019863418,1741.1132678985596,854016,-0.0023902685,6.304025,854016,0.9055109545588493,417,557.7824287799999,822.89
9.689617,413,0.03540039,0.0032749518,1745.2540655136108,856064,-0.0042067086,6.309444,856064,0.957426555454731,418,557.7722930399999,823.38
22.149075,433,0.0362793,0.004110039,1750.2102570533752,858112,-0.0041686855,6.301154,858112,0.92486622184515,419,557.4985591799999,824.25
11.061795,473,0.017871093,0.0017396578,1754.934235572815,860160,-0.0038139187,6.292494,860160,0.8873569592833519,420,510.51407097000003,778.22
11.938292,465,0.040283203,0.0036129449,1759.257268667221,862208,-0.0055682505,6.292685,862208,0.8636212944984436,421,510.08034031000005,777.63
3.6080394,453,0.047314454,0.004562211,1763.6563503742218,864256,-0.007275954,6.2850294,864256,0.9836910124868155,422,508.26763735000003,775.47
22.9412,508,0.10546875,0.0073205056,1768.1737668514252,866304,-0.011136068,6.2701654,866304,0.881472684442997,423,523.7401556299999,791.78
23.330908,459,0.028125,0.0026852707,1772.203112602234,868352,-0.0041073197,6.2660203,868352,0.8908978998661041,424,536.3745441000001,805.53
26.982935,527,0.022460938,0.0023483972,1776.6568350791931,870400,-0.0034321048,6.2613726,870400,0.7875444293022156,425,532.5208040900001,800.7
6.0620956,435,0.027880859,0.0030629446,1780.540454864502,872448,-0.004980832,6.2426004,872448,0.9623136073350906,426,541.0005678900001,812.86
19.471424,496,0.022558594,0.0022050173,1785.2489137649536,874496,-0.0020203744,6.224931,874496,0.5435896217823029,427,557.5756975200001,829.42
10.007189,437,0.02216797,0.0025886735,1789.3771913051605,876544,-0.006506813,6.225892,876544,0.9372611418366432,428,553.4688572800001,829.42
31.626154,441,0.031835936,0.0030393617,1794.0638415813446,878592,-0.003766666,6.221196,878592,0.8551774471998215,429,556.04291469,832.94
20.09584,419,0.038183592,0.003154623,1798.7049586772919,880640,-0.0014239622,6.2225246,880640,0.869689017534256,430,571.1681551500001,847.66
21.32915,465,0.032470703,0.0032656703,1803.5848007202148,882688,-0.003913318,6.226343,882688,0.8820663541555405,431,587.71540584,864.06
8.290365,448,0.055126954,0.0049992427,1807.9859368801117,884736,-0.009580666,6.242183,884736,0.957277175039053,432,596.20519589,877.06
20.75561,496,0.016992187,0.0018606527,1812.5562996864319,886784,-0.002289195,6.2571764,886784,0.8618765026330948,433,612.1982264600001,893.39
12.1686535,509,0.033496093,0.00272085,1816.6844170093536,888832,-0.004813642,6.261359,888832,0.7908828854560852,434,620.94990439,906.36
10.982893,488,0.038671874,0.004082724,1820.704882144928,890880,-0.0039840033,6.273135,890880,0.9388540536165237,435,632.07915162,922.91
20.44455,440,0.06333008,0.0051898686,1824.9002454280853,892928,-0.0048164288,6.288962,892928,0.8786744773387909,436,645.8091156400001,935.92
20.140253,438,0.047607422,0.004029053,1829.5469081401825,894976,-0.0012648144,6.2933106,894976,0.8796899020671844,437,661.46398925,951.4
29.04346,473,0.008300781,0.0011878056,1834.2224686145782,897024,-0.0015989533,6.2999616,897024,0.863811582326889,438,666.03398237,956.84
9.97359,469,0.025634766,0.0025311927,1838.5439138412476,899072,0.00043383538,6.31009,899072,0.9441945441067219,439,650.39916286,941.37
20.37442,471,0.04091797,0.0036025434,1842.9092483520508,901120,-0.002737241,6.2991133,901120,0.8763979002833366,440,649.96314234,941.37
19.984879,445,0.03227539,0.0029955308,1847.2544662952423,903168,-0.00083344587,6.2998643,903168,0.8709693253040314,441,664.7866482499999,956.22
19.947971,360,0.061572265,0.004984109,1851.8564004898071,905216,-0.0025293273,6.299539,905216,0.869840070605278,442,669.379971,956.22
20.27184,373,0.05644531,0.0045514693,1857.5371737480164,907264,-0.00252443,6.306064,907264,0.8659828156232834,443,671.9069298999999,956.22
30.716812,442,0.032666016,0.0029081604,1863.027755022049,909312,-0.003519745,6.308735,909312,0.5718664228916168,444,664.73127733,954.05
18.053072,464,0.025732422,0.002230903,1867.6580655574799,911360,-0.0031065075,6.308932,911360,0.7833342403173447,445,674.92460609,968.39
13.130175,394,0.0390625,0.0034806016,1872.0661509037018,913408,-0.0053789737,6.311511,913408,0.9192241281270981,446,690.3504196,984.62
19.915016,404,0.044873048,0.0037956357,1877.2644658088684,915456,-0.0038008,6.3200483,915456,0.8622561395168304,447,706.1299771600002,1000.03
20.103415,452,0.022314453,0.002346693,1882.3240740299225,917504,-0.0010680762,6.32448,917504,0.8743585497140884,448,723.10075246,1017.92
12.602854,462,0.04711914,0.0038599353,1886.84885597229,919552,-0.005557266,6.32574,919552,0.7261480093002319,449,733.48999237,1034.31
20.534935,480,0.03286133,0.0028437488,1891.2748124599457,921600,-0.0034078925,6.3325033,921600,0.8655109852552414,450,749.4332228599998,1050.63
19.944042,478,0.03251953,0.0029510157,1895.5415196418762,923648,-0.0015040899,6.3351755,923648,0.8770736679434776,451,765.11940333,1066.14
9.596716,506,0.0234375,0.002145113,1899.8264112472534,925696,-0.0040865713,6.336589,925696,0.7394930720329285,452,775.2617790899999,1081.48
20.138903,471,0.012402344,0.0016028192,1903.8676314353943,927744,-0.0009834536,6.3412457,927744,0.8679551780223846,453,791.31548913,1096.96
9.76626,532,0.031884767,0.0031848967,1908.2144808769226,929792,-0.002362636,6.344801,929792,0.6929085552692413,454,802.0409066399999,1113.46
7.545418,445,0.040478516,0.0039820606,1912.0598094463348,931840,-0.005388695,6.349949,931840,0.9631124399602413,455,784.80472581,1095.58
23.176332,453,0.027978515,0.0024144517,1916.6599345207214,933888,-0.0021704603,6.349081,933888,0.6557334959506989,456,801.0005534999999,1112.22
10.621127,448,0.019873047,0.0020843279,1921.1742238998413,935936,-0.0037259725,6.3565216,935936,0.9370301142334938,457,811.0941009000001,1127.54
20.21537,440,0.012109375,0.0014382232,1925.7391510009766,937984,-0.0006306285,6.3667784,937984,0.8639224618673325,458,826.8248894899999,1143.12
21.723951,473,0.013769532,0.0016612494,1930.3887584209442,940032,-0.004174655,6.379558,940032,0.8721799999475479,459,840.75286531,1156.82
24.08906,498,0.015185547,0.0017118936,1934.7110857963562,942080,-0.0038600415,6.388568,942080,0.9140408635139465,460,854.0337403099999,1171.02
26.588303,505,0.023144532,0.0021509603,1938.8235759735107,944128,-0.0020776815,6.39302,944128,0.8805500119924545,461,856.0374420899998,1172.01
23.603477,513,0.024121094,0.0026549757,1942.873745918274,946176,-0.0025371502,6.3978586,946176,0.9187444671988487,462,871.2161393399999,1188.41
13.836172,514,0.029443359,0.002874389,1946.865513086319,948224,-0.0028827512,6.4071684,948224,0.9413839392364025,463,871.5711140800003,1189.22
23.607498,448,0.039355468,0.004735823,1950.8431596755981,950272,-0.0044443887,6.429928,950272,0.9256159588694572,464,887.5892772100001,1205.66
19.926113,465,0.048339844,0.003998477,1955.408601284027,952320,-0.004733698,6.4434958,952320,0.8832460939884186,465,903.4141788800001,1221.35
15.129213,518,0.02060547,0.0021139083,1959.8110992908478,954368,-0.005045685,6.4402137,954368,0.8891407176852226,466,886.9161589999999,1202.61
9.336204,487,0.015722657,0.0016883643,1963.7594420909882,956416,-0.0037353518,6.448973,956416,0.9606971368193626,467,888.7562988099999,1204.61
29.139706,471,0.04194336,0.0038351049,1967.9571027755737,958464,-0.0059000235,6.4668365,958464,0.879326656460762,468,886.62987685,1203.57
11.093443,508,0.013720703,0.0014196376,1972.3035190105438,960512,-0.0040853256,6.483364,960512,0.9563976041972637,469,887.6350411800001,1205.33
20.569742,470,0.08105469,0.0064206743,1976.3351256847382,962560,-0.0056145065,6.4808135,962560,0.9121502488851547,470,903.6319555300001,1221.03
16.715029,479,0.030371094,0.0028598597,1980.6894273757935,964608,-0.006133224,6.4752617,964608,0.9293351098895073,471,917.07358273,1237.5
20.096912,466,0.096142575,0.007966353,1984.962176322937,966656,-0.005502059,6.473937,966656,0.8977700769901276,472,931.0606664700001,1251.96
6.8824263,409,0.038232423,0.0031818082,1989.3529982566833,968704,-0.0052998173,6.4712515,968704,0.9695949517190456,473,932.5465229600002,1254.5
29.81788,489,0.0145019535,0.0014990524,1994.348760843277,970752,-0.0042338753,6.462783,970752,0.8102299869060516,474,931.7586483800001,1255.96
19.103134,444,0.03540039,0.003242975,1998.5324895381927,972800,-0.002240453,6.463914,972800,0.8955209702253342,475,942.9193681900001,1268.57
9.106866,455,0.014355469,0.0015892594,2003.145414352417,974848,-0.0027073543,6.4653563,974848,0.9451361335813999,476,954.6457214799999,1281.14
20.03902,423,0.020410156,0.0021178734,2007.6457109451294,976896,-0.0027045007,6.465013,976896,0.8786377236247063,477,967.76067975,1296.62
20.00597,483,0.10253906,0.007527312,2012.4849236011505,978944,-0.006474259,6.464952,978944,0.8896757662296295,478,984.1723651199999,1313.0
23.009502,505,0.037646484,0.0033615555,2016.7210624217987,980992,-0.0026451382,6.461702,980992,0.9247544631361961,479,983.4024659699999,1312.35
22.267395,557,0.021630859,0.0020944232,2020.770669221878,983040,-0.0042054704,6.4669695,983040,0.8086428791284561,480,980.5150414200001,1308.31
16.123524,520,0.023535157,0.0023780034,2024.4466006755829,985088,-0.0020904709,6.4755883,985088,0.6931108236312866,481,991.1096889099999,1323.82
19.610973,496,0.020996094,0.0021515952,2028.3805470466614,987136,-0.0010829264,6.4761953,987136,0.8769557625055313,482,1005.5996957499998,1337.47
24.94175,556,0.033837892,0.0030627332,2032.5075578689575,989184,-0.0053226957,6.478044,989184,0.7578743249177933,483,1007.61163881,1339.27
11.023351,535,0.01171875,0.0011798816,2036.1900477409363,991232,-0.0018107848,6.4782815,991232,0.9351288378238678,484,992.53810057,1324.25
19.677866,436,0.0203125,0.0019948196,2040.011916399002,993280,-0.0019993638,6.479171,993280,0.8786669299006462,485,1006.5442357999999,1339.45
20.72621,442,0.03769531,0.0032766566,2044.700762271881,995328,-0.0035423327,6.4721975,995328,0.8649223893880844,486,1017.1839836399998,1354.61
22.112295,458,0.04458008,0.0038044613,2049.327080965042,997376,-0.003957792,6.4822755,997376,0.882841594517231,487,1032.23534628,1370.06
22.722614,482,0.023339843,0.0025112752,2053.7946660518646,999424,-0.00270147,6.4999514,999424,0.9328893050551414,488,1047.35425101,1386.18
20.384306,460,0.037841797,0.003384355,2058.0384006500244,1001472,-0.0025497277,6.505736,1001472,0.873130664229393,489,1061.8266391,1402.37
4.7351103,453,0.0362793,0.0034750898,2062.4852879047394,1003520,-0.00665789,6.509619,1003520,0.9522505737841129,490,1061.4323840499999,1402.11
19.543825,515,0.023242187,0.0021912262,2066.997859954834,1005568,-0.0030356124,6.5076966,1005568,0.823657214641571,491,1055.62670082,1399.7
30.242123,489,0.038232423,0.0032335625,2070.9682471752167,1007616,-0.0051306877,6.5209136,1007616,0.8459466099739075,492,1042.8220391700002,1389.55
19.874783,483,0.09116211,0.0072138556,2075.1563708782196,1009664,-0.004565916,6.5205255,1009664,0.8777755722403526,493,1058.6439309,1405.81
20.189396,480,0.055664062,0.005197824,2079.3898396492004,1011712,-0.0054034814,6.480909,1011712,0.8855112344026566,494,1066.19571591,1410.11
12.8502865,533,0.056396484,0.0054070866,2083.648701429367,1013760,-0.0031587933,6.4642015,1013760,0.7329170107841492,495,1060.562385,1410.11
20.824032,450,0.029882813,0.002755586,2087.487892150879,1015808,-0.0028496024,6.481139,1015808,0.8778326585888863,496,1065.72325709,1410.11
20.086689,438,0.022509765,0.0022983514,2092.0350666046143,1017856,-0.0013408927,6.482419,1017856,0.8707690238952637,497,1065.71302534,1410.11
21.570688,466,0.011816407,0.0014392824,2096.7090475559235,1019904,-0.0031307754,6.4902735,1019904,0.8689486682415009,498,1076.28433516,1421.9
10.762915,516,0.017919922,0.0016836652,2101.0989079475403,1021952,-0.004756605,6.4871225,1021952,0.9372764527797699,499,1061.21412003,1407.2
19.996548,449,0.04873047,0.0038191814,2105.0649251937866,1024000,-0.0038352995,6.4902315,1024000,0.883117787539959,500,1060.43878963,1407.2
26.426342,481,0.0140625,0.0015528173,2109.6268525123596,1026048,-0.0016170458,6.495449,1026048,0.9054311960935593,501,1051.61955017,1394.02
20.291592,438,0.016308594,0.0018438477,2113.884635925293,1028096,-0.001610719,6.501077,1028096,0.8745993971824646,502,1056.53623232,1394.02
19.99053,418,0.045703124,0.0038718167,2118.5516769886017,1030144,-0.0023408344,6.502186,1030144,0.8664677143096924,503,1061.61449171,1394.02
37.767593,474,0.010107422,0.0011934966,2123.444888114929,1032192,-0.0011058964,6.50066,1032192,0.8629622757434845,504,1032.02900241,1365.33
4.2967687,368,0.0171875,0.0017553389,2127.759173631668,1034240,-0.0035722186,6.5161104,1034240,0.9830558430403471,505,1028.98414046,1360.93
39.94163,419,0.034375,0.0030556503,2133.3167843818665,1036288,-0.0044552493,6.5162024,1036288,0.8493175357580185,506,996.8127022700002,1329.16
13.339027,415,0.022460938,0.0021975504,2138.2018353939056,1038336,-0.0049813376,6.512043,1038336,0.9449120201170444,507,955.1971206999999,1282.54
20.78372,493,0.024658203,0.0022993472,2143.1330366134644,1040384,-0.0021662002,6.516683,1040384,0.887312188744545,508,959.3215503199999,1282.54
25.595629,460,0.018847656,0.0018082019,2147.287790298462,1042432,-0.0015517139,6.519567,1042432,0.8925725147128105,509,942.1712974200001,1268.41
20.08924,454,0.03671875,0.0032657147,2151.7358436584473,1044480,-0.0015821035,6.5260124,1044480,0.8856279850006104,510,941.7460745200001,1268.41
10.56595,421,0.028759766,0.0028861458,2156.247032880783,1046528,-0.0062665083,6.5319223,1046528,0.920935221016407,511,899.82394502,1220.48
14.218458,465,0.037890624,0.003322111,2161.1115946769714,1048576,-0.002170081,6.545171,1048576,0.9077348932623863,512,899.63113264,1220.48
33.178703,476,0.032910157,0.0029088783,2165.5157577991486,1050624,-0.0024380318,6.5587106,1050624,0.9046039208769798,513,887.58430286,1202.66
14.673193,512,0.021728516,0.002060506,2169.814258813858,1052672,-0.0014207112,6.5551314,1052672,0.7340920269489288,514,882.1842652400001,1202.66
6.326388,470,0.028076172,0.003916953,2173.807627916336,1054720,-0.009137338,6.5589705,1054720,0.9677328802645206,515,871.7507846199999,1187.1
46.030075,536,0.012890625,0.0015584682,2178.1606426239014,1056768,-0.005965683,6.551436,1056768,0.43292444944381714,516,820.8661208000002,1132.52
20.018845,431,0.029003907,0.0027012213,2181.9805343151093,1058816,-0.0005344433,6.5505853,1058816,0.8879787996411324,517,821.4763618000001,1132.52
7.6409483,485,0.015185547,0.0015245203,2186.724553346634,1060864,-0.0036401686,6.5593696,1060864,0.9763570390641689,518,821.091872,1132.3
20.714794,380,0.06328125,0.0049537555,2190.9421062469482,1062912,-0.0052194023,6.5632515,1062912,0.889317661523819,519,835.57975382,1146.75
31.03136,440,0.0145019535,0.00174092,2196.321472644806,1064960,-0.0011910907,6.557935,1064960,0.8962646648287773,520,834.2635554799998,1144.73
20.859396,440,0.0045898436,0.00077492953,2200.967033147812,1067008,-0.0020463923,6.55293,1067008,0.8854501992464066,521,832.8700658999998,1144.73
22.284212,479,0.025927734,0.0023561197,2205.6188447475433,1069056,-0.0025029771,6.550457,1069056,0.7471242845058441,522,844.1119538899999,1161.87
5.603636,403,0.017089844,0.001779742,2209.8947999477386,1071104,-0.002120707,6.543971,1071104,0.9807937797158957,523,841.83595496,1158.69
19.813154,441,0.06782226,0.005764213,2214.965700149536,1073152,-0.0015711536,6.5335264,1073152,0.8794945478439331,524,855.35255272,1172.31
36.661438,490,0.028759766,0.0033507738,2219.6025943756104,1075200,-0.004288002,6.541054,1075200,0.9026011079549789,525,853.8019531599999,1167.56
14.04745,475,0.024316406,0.0022592552,2223.781150817871,1077248,-0.004227805,6.5584345,1077248,0.9439736790955067,526,851.87279078,1164.05
22.981031,494,0.02451172,0.0026920415,2228.0857033729553,1079296,-0.0027666173,6.5624037,1079296,0.9277556017041206,527,850.26768455,1164.17
23.070425,493,0.006787109,0.0008778713,2232.223940372467,1081344,-0.0013570882,6.5628915,1081344,0.919520653784275,528,853.2332130599998,1163.76
22.967665,483,0.017089844,0.0016561479,2236.3718087673187,1083392,-0.0038232647,6.581262,1083392,0.9242509827017784,529,853.62547179,1163.73
19.978012,475,0.07866211,0.005916806,2240.609652519226,1085440,-0.0042030327,6.599234,1085440,0.886483907699585,530,854.9137471699999,1163.73
7.6425858,478,0.023339843,0.002384599,2244.913300037384,1087488,-0.0036652186,6.615531,1087488,0.978189205750823,531,851.8850576899999,1158.07
24.442234,365,0.012646484,0.0014277298,2249.194253921509,1089536,-0.0029298426,6.637698,1089536,0.9141957238316536,532,841.56550353,1145.54
28.811207,389,0.020507812,0.001912746,2254.8049597740173,1091584,-0.0029492462,6.6381035,1091584,0.9234354123473167,533,811.8775808400001,1114.46
12.980528,506,0.017333984,0.0019253737,2260.0677802562714,1093632,-0.0023873183,6.6300416,1093632,0.7719811350107193,534,822.5536686400001,1130.3
4.8595777,480,0.019726563,0.00215199,2264.112811565399,1095680,-0.004904809,6.6336107,1095680,0.9784904271364212,535,820.14611328,1127.63
25.62006,457,0.012451172,0.0017290156,2268.377445936203,1097728,-0.0017742887,6.6364493,1097728,0.9199940636754036,536,834.3993527800001,1142.79
25.701944,430,0.054101564,0.00415635,2272.8517258167267,1099776,-0.004538974,6.6329737,1099776,0.9221247211098671,537,838.74226673,1143.47
19.991472,443,0.02607422,0.002521623,2277.61442899704,1101824,-0.0028895235,6.645785,1101824,0.8968751206994057,538,838.18224606,1143.47
22.754765,466,0.013964844,0.0014211044,2282.2279241085052,1103872,-0.0018269678,6.6487303,1103872,0.8446661829948425,539,849.46521036,1158.65
25.638248,471,0.028955078,0.0028338484,2286.622572660446,1105920,-0.0036402582,6.653926,1105920,0.9095790237188339,540,861.58005527,1173.82
3.6447074,451,0.029882813,0.0030614669,2290.963339805603,1107968,-0.0048566605,6.652173,1107968,0.9850734081119299,541,859.5625021999999,1171.25
21.330088,476,0.019677734,0.0017347487,2295.5011644363403,1110016,-0.0018587526,6.6424675,1110016,0.7192007601261139,542,873.94408703,1185.74
30.663279,488,0.0051757814,0.00070163526,2299.8042783737183,1112064,-0.0015497897,6.643874,1112064,0.6806744039058685,543,843.25652002,1154.26
18.9439,501,0.029345702,0.0023307838,2303.995460987091,1114112,-0.004759717,6.6466074,1114112,0.8364094346761703,544,840.1359967700002,1154.26
19.793608,459,0.049951173,0.004068836,2308.0809898376465,1116160,-0.004753766,6.6417837,1116160,0.9035550355911255,545,854.7223128100002,1169.73
11.946123,519,0.021679688,0.002977645,2312.5412318706512,1118208,-0.0043057245,6.6397796,1118208,0.9413669966161251,546,839.7888294700002,1153.93
19.408842,443,0.022558594,0.002268734,2316.4811115264893,1120256,-0.0020281768,6.640086,1120256,0.8917345851659775,547,844.1169858400003,1153.93
