explained_variance,ep_len_mean,approxkl,clipfrac,serial_timesteps,ep_reward_mean,total_timesteps,n_updates,fps,value_loss,policy_entropy,time_elapsed,policy_loss
0.9664068408310413,441.0,0.0048831482,0.053955078,2048,256.694141,2048,1,195,6.017068,4.819149,4.5299530029296875e-06,-0.0045612073
0.9233696535229683,1009.75,0.002310813,0.024072265,4096,767.31816425,4096,2,141,22.065853,4.8322153,10.502637386322021,-0.004336271
0.965721420943737,932.8,0.0019078366,0.0203125,6144,672.7646876,6144,3,192,8.66588,4.8440046,24.948392152786255,-0.0031316443
0.9654716402292252,1024.1666666666667,0.0023306317,0.021777343,8192,764.035612,8192,4,189,3.0103211,4.850963,35.573527812957764,-0.0031870373
0.9684489406645298,1084.875,0.0038535267,0.038427733,10240,840.0497558750001,10240,5,166,6.5006113,4.842655,46.37528967857361,-0.009695862
0.8819441422820091,1050.7272727272727,0.001521661,0.01640625,12288,804.0513316363638,12288,6,141,15.047206,4.843432,58.66409134864807,-0.0025841214
0.8456114083528519,880.9375,0.0013575677,0.013476563,14336,635.597998,14336,7,108,24.141033,4.843391,73.12926506996155,-0.0025722715
0.9641740024089813,843.3529411764706,0.0027096628,0.029785156,16384,604.7419806470588,16384,8,196,4.0070376,4.835854,91.98469114303589,-0.0055572907
0.9557539410889149,907.0,0.0033250898,0.034814455,18432,651.9541940526315,18432,9,169,8.006076,4.8288307,102.38296723365784,-0.0066243922
0.8947970569133759,873.8260869565217,0.0019570193,0.01928711,20480,616.2979788695652,20480,10,125,18.284313,4.834872,114.49676012992859,-0.0032476094
0.9706317372620106,853.375,0.0075714574,0.099169925,22528,601.0939045416666,22528,11,184,3.1452215,4.8392754,130.82644486427307,-0.005796962
0.7728021442890167,873.9642857142857,0.0014601622,0.012744141,24576,619.5403737857142,24576,12,123,24.873423,4.839422,141.9250349998474,-0.0021651078
0.9492759630084038,847.5666666666667,0.004438274,0.0515625,26624,597.8432356,26624,13,149,8.28341,4.8388805,158.55938410758972,-0.008138975
0.912833072245121,842.9090909090909,0.001867822,0.01845703,28672,593.3869613636364,28672,14,135,13.911985,4.844264,172.2236692905426,-0.0041930927
0.9837879743427038,845.8823529411765,0.003913561,0.043945312,30720,594.3070656764706,30720,15,200,2.9233453,4.8319163,187.29006695747375,-0.004115354
0.9345647171139717,891.4444444444445,0.0025579191,0.023583984,32768,640.7897406388888,32768,16,167,13.16629,4.824237,197.52398347854614,-0.002163906
0.9674721993505955,885.6486486486486,0.0018920125,0.016455078,34816,636.4046294054054,34816,17,189,4.9734592,4.811216,209.7440288066864,-0.0024830913
0.8756752014160156,908.475,0.0022931197,0.021679688,36864,652.3046630749999,36864,18,144,14.231949,4.794318,220.55051493644714,-0.003490538
0.8994831964373589,926.9512195121952,0.004140574,0.042529296,38912,658.7092892439024,38912,19,198,8.086326,4.7924404,234.72170209884644,-0.0060754507
0.9876917712390423,929.2142857142857,0.0048929024,0.049316406,40960,656.8626859999999,40960,20,208,2.3807955,4.808475,245.02726197242737,-0.0063303947
0.9651133790612221,952.5813953488372,0.0021232218,0.021630859,43008,681.903097744186,43008,21,189,4.4670286,4.815276,254.85344433784485,-0.0038199357
0.9677348770201206,977.5,0.004801317,0.055517577,45056,702.7012118181818,45056,22,187,3.9098148,4.7958803,265.6793987751007,-0.007010854
0.9410953000187874,1001.3111111111111,0.004026507,0.04536133,47104,725.2115972222222,47104,23,187,5.7954507,4.7771344,276.60122776031494,-0.0054123113
0.961206179112196,1024.0869565217392,0.0037167203,0.037890624,49152,743.6105511304348,49152,24,188,4.439847,4.784042,287.51546597480774,-0.0056160567
0.9663639701902866,1045.8936170212767,0.0019791755,0.017578125,51200,763.3754072553193,51200,25,188,4.0529013,4.7852144,298.3817434310913,-0.0030630813
0.9726695418357849,1066.7916666666667,0.00751004,0.06899414,53248,782.3999877916667,53248,26,186,2.8279395,4.764729,309.2381479740143,-0.0040842625
0.9738006424158812,1086.8367346938776,0.0027225374,0.027294923,55296,804.1490991632653,55296,27,187,3.0580633,4.749172,320.2048125267029,-0.0043483083
0.9622470028698444,1105.94,0.005969663,0.07104492,57344,822.18388672,57344,28,189,2.6737523,4.7395835,331.10605812072754,-0.00762671
0.9729157611727715,1124.4117647058824,0.003298543,0.037109375,59392,842.7061466078432,59392,29,189,3.3968894,4.727045,341.8902471065521,-0.006276398
0.964858952909708,1142.173076923077,0.004953589,0.05024414,61440,859.6870380192308,61440,30,184,2.5840864,4.70629,352.6720666885376,-0.0045481385
0.9649836234748363,1159.2641509433963,0.004350344,0.041259766,63488,879.182598773585,63488,31,189,2.5493102,4.6615696,363.7433397769928,-0.0035039498
0.9707868359982967,1175.7407407407406,0.0018808946,0.014355469,65536,898.074066851852,65536,32,195,3.1484797,4.631522,374.5653307437897,-0.0031537968
0.9732526857405901,1191.581818181818,0.0027210726,0.025683593,67584,914.7546910545456,67584,33,185,3.0885062,4.627678,385.0181133747101,-0.0030289744
0.9661713279783726,1206.892857142857,0.004103142,0.043408204,69632,928.5212681428571,69632,34,187,2.6343904,4.624171,396.0811700820923,-0.006733035
0.9650487266480923,1221.6666666666667,0.002979484,0.026611328,71680,945.1473684210525,71680,35,188,2.5457435,4.602356,406.997841835022,-0.004589201
0.965073712170124,1235.9310344827586,0.0033854167,0.020751953,73728,961.6141871034481,73728,36,192,2.8761287,4.585784,417.86445689201355,-0.0027521872
0.9668240398168564,1249.7118644067796,0.0041348124,0.044873048,75776,977.3683891694915,75776,37,187,2.640421,4.5688853,428.4836435317993,-0.0053001586
0.972224535420537,1263.0333333333333,0.002965907,0.03017578,77824,992.7317089833333,77824,38,187,2.8344963,4.560531,439.3960151672363,-0.0036414668
0.9704325329512358,1275.8196721311476,0.0042114574,0.04799805,79872,1006.3009509508196,79872,39,189,2.9170682,4.565631,450.3147509098053,-0.006560076
0.9689237736165524,1288.274193548387,0.004214504,0.0362793,81920,1019.2465001290323,81920,40,189,3.215208,4.568232,461.13920044898987,-0.0073099085
0.9497242793440819,1300.3492063492063,0.0030519962,0.03203125,83968,1031.325465031746,83968,41,204,4.869604,4.565713,471.9662253856659,-0.006191197
0.9656388089060783,1312.015625,0.0034083794,0.039453126,86016,1038.60180359375,86016,42,184,3.842113,4.5688105,481.96505761146545,-0.006985499
0.9689455758780241,1323.3538461538462,0.0032799374,0.033496093,88064,1048.8978786153846,88064,43,184,3.281732,4.570094,493.09335446357727,-0.007183872
0.9663025103509426,1334.3181818181818,0.0039964956,0.040625,90112,1058.5367572272728,90112,44,184,2.6516519,4.5593944,504.19029355049133,-0.008956356
0.9632365219295025,1344.9701492537313,0.0053177704,0.050878905,92160,1070.4341738656717,92160,45,189,2.5664706,4.5111,515.3098220825195,-0.0052525555
0.9736229386180639,1355.3235294117646,0.0038929698,0.039697267,94208,1082.5664895588236,94208,46,186,3.0422552,4.487637,526.0907235145569,-0.006991878
0.9658677093684673,1365.3478260869565,0.002944512,0.02841797,96256,1092.0061651014494,96256,47,188,2.5247033,4.4707217,537.0552799701691,-0.0044733533
0.9631283842027187,1375.1142857142856,0.0029557946,0.029345702,98304,1103.4712025857143,98304,48,187,3.3322861,4.450061,547.9020059108734,-0.0049580024
0.9683114066720009,1384.5774647887324,0.002547841,0.026611328,100352,1113.2650555915493,100352,49,191,2.688984,4.451937,558.8114976882935,-0.004003158
0.9671111665666103,1393.8055555555557,0.0024989322,0.027929688,102400,1123.5638048194442,102400,50,194,2.6886895,4.4511704,569.5213823318481,-0.0048919567
0.9666789174079895,1402.7808219178082,0.004840249,0.045703124,104448,1133.6776808904108,104448,51,187,2.418749,4.4199324,580.0425281524658,-0.0077838115
0.9651033990085125,1411.5135135135135,0.0039429637,0.039160155,106496,1143.9542599459458,106496,52,194,2.806456,4.3870983,590.9906406402588,-0.005751913
0.9707906320691109,1419.96,0.002690797,0.02607422,108544,1153.0019661733331,108544,53,189,2.9490273,4.3845997,601.5343382358551,-0.002927798
0.9665724635124207,1428.2368421052631,0.0025868525,0.023974609,110592,1161.0482422105263,110592,54,186,3.0297241,4.3782363,612.3295783996582,-0.0025965362
0.9686292298138142,1436.2987012987012,0.005864761,0.046826173,112640,1169.5266589090907,112640,55,186,2.3821588,4.3603716,623.2972989082336,-0.012005762
0.9670357406139374,1444.1538461538462,0.0077028396,0.08344726,114688,1178.571008628205,114688,56,188,2.3793936,4.3272142,634.2593379020691,-0.013307683
0.9625223763287067,1451.759493670886,0.005033032,0.05341797,116736,1187.5684632278478,116736,57,190,2.4658558,4.284072,645.1523621082306,-0.0064620906
0.9618844762444496,1459.225,0.005073182,0.045166016,118784,1196.4503344875,118784,58,194,2.770744,4.2512293,655.9214777946472,-0.0031987645
0.961682640016079,1466.4814814814815,0.0032513805,0.031884767,120832,1204.7773244691357,120832,59,184,2.4286792,4.226817,666.4548177719116,-0.0036693998
0.9637491405010223,1473.5853658536585,0.004686752,0.049951173,122880,1213.2948718658538,122880,60,187,2.3795178,4.2002354,677.5525920391083,-0.0052832095
0.9530023261904716,1480.5180722891566,0.003657231,0.03930664,124928,1221.5413356626507,124928,61,187,4.5824685,4.187652,688.4735405445099,-0.006231109
0.9622158110141754,1487.25,0.0030652545,0.02709961,126976,1227.012911559524,126976,62,188,2.5833104,4.193251,699.4030709266663,-0.002050308
0.96220837906003,1493.8470588235293,0.0044391593,0.048046876,129024,1234.581858929412,129024,63,184,2.407873,4.1943145,710.2472703456879,-0.0049636927
0.9583000652492046,1500.2906976744187,0.0045562647,0.04526367,131072,1242.2766079302326,131072,64,184,2.712932,4.182114,721.3258137702942,-0.00083623035
0.9643958024680614,1506.5977011494253,0.005612583,0.06801758,133120,1249.6532305172414,133120,65,194,2.541007,4.163726,732.438704252243,-0.0053845122
0.9640017338097095,1512.7613636363637,0.005072987,0.05419922,135168,1256.9062344659092,135168,66,188,2.397762,4.1354685,742.9958019256592,-0.0028915214
0.9675070680677891,1518.7865168539327,0.0047744894,0.051416017,137216,1264.169619033708,137216,67,188,2.3154502,4.116595,753.8851094245911,-0.0038457527
0.9679898396134377,1524.6777777777777,0.0050927065,0.060302734,139264,1271.1718424555556,139264,68,187,2.2675455,4.1036797,764.7662172317505,-0.0027365347
0.970126511529088,1530.4395604395604,0.0047408724,0.048193358,141312,1278.0805653406594,141312,69,188,2.2004375,4.088835,775.6980929374695,-0.005463258
0.9705251753330231,1536.0760869565217,0.0037468069,0.03173828,143360,1284.8152067826088,143360,70,186,2.2173066,4.0507927,786.5785043239594,-0.0039731734
0.9608712643384933,1541.5913978494623,0.005069974,0.04067383,145408,1291.4698546774193,145408,71,190,3.6781929,4.0399423,797.581814289093,-0.0014950127
0.9689927082508802,1546.9893617021276,0.0032534231,0.034521483,147456,1296.0581636489362,147456,72,187,2.711466,4.0382648,808.3397572040558,-0.0012600768
0.9626275636255741,1552.178947368421,0.004546579,0.047558594,149504,1301.9745353684211,149504,73,189,2.3939939,4.0240536,819.2514491081238,-0.0033693537
0.9637776091694832,1557.34375,0.005144743,0.059570312,151552,1308.1824646041666,151552,74,190,2.3793554,4.0171175,830.0580439567566,-0.0045034345
0.9694120492786169,1551.438775510204,0.003872448,0.040966798,153600,1303.4231385612245,153600,75,163,6.7521567,4.012493,840.8333716392517,-0.005407337
0.962968472391367,1551.5252525252524,0.0065884516,0.06499024,155648,1304.1825086868687,155648,76,188,2.3958843,4.001815,853.3430931568146,-0.008130217
0.9656157344579697,1556.5,0.0029673579,0.030517578,157696,1310.1559004,157696,77,193,2.68648,3.987928,864.1838371753693,-0.0029215892
0.9607971608638763,1572.56,0.0064627463,0.06323242,159744,1326.2270703200002,159744,78,190,2.3949018,3.9740932,874.7836475372314,-0.0063884826
0.9611790142953396,1574.09,0.004392058,0.04584961,161792,1328.84347267,161792,79,190,2.3881888,3.9423842,885.5487320423126,-0.0025070342
0.9625339955091476,1582.6,0.012254372,0.050195314,163840,1338.78174415,163840,80,186,2.7579188,3.9401581,896.2951850891113,-0.005308588
0.9437779821455479,1596.67,0.005009279,0.05,165888,1353.9973750099996,165888,81,169,11.474759,3.9579754,907.2891893386841,-0.006608654
0.9630169309675694,1597.44,0.006279663,0.06782226,167936,1355.8004394699997,167936,82,189,2.4270082,3.963491,919.4063210487366,-0.0036798797
0.9611624777317047,1597.43,0.004527375,0.046142578,169984,1356.07900001,169984,83,191,2.4384742,3.952896,930.2220325469971,0.00016502735
0.9651732854545116,1606.43,0.004914065,0.04736328,172032,1363.06207619,172032,84,168,8.623059,3.9472988,940.9330971240997,-0.008527887
0.9622096866369247,1610.97,0.0037756874,0.03779297,174080,1369.2676640800003,174080,85,184,2.3990736,3.9446862,953.0775737762451,-0.0023633223
0.962479405105114,1625.23,0.006241172,0.05581055,176128,1384.9111308800004,176128,86,184,2.3830593,3.9136987,964.1873581409454,-0.0068122568
0.9658288359642029,1637.47,0.007043574,0.06850586,178176,1399.81827541,178176,87,187,2.3606443,3.8857732,975.2803885936737,-0.00825986
0.9592141471803188,1652.15,0.0045106253,0.04423828,180224,1415.7017519800004,180224,88,184,2.5991144,3.8861115,986.1953258514404,-0.00041247118
0.9649582430720329,1669.45,0.00538659,0.048535157,182272,1432.89908792,182272,89,187,2.3489583,3.8766334,997.2742202281952,-0.0063326075
0.9782076943665743,1685.49,0.0116855465,0.05517578,184320,1449.3794277700001,184320,90,163,4.7343245,3.8711605,1008.2206509113312,-0.010306998
0.9614112786948681,1699.84,0.0057839104,0.061083984,186368,1463.65837504,186368,91,184,2.4023418,3.8847613,1020.7212820053101,-0.007928422
0.8231830894947052,1699.83,0.005452807,0.06572266,188416,1466.5157324599998,188416,92,184,10.863494,3.870198,1031.8405718803406,-0.003338677
0.8159003406763077,1711.85,0.006106366,0.07416992,190464,1473.9838769899998,190464,93,200,10.547125,3.8675442,1042.9137341976166,-0.007001473
0.9646403007209301,1720.32,0.004985197,0.05673828,192512,1477.27202348,192512,94,191,2.285931,3.8670506,1053.1076934337616,-0.0062493044
0.962804775685072,1736.77,0.0074963174,0.08383789,194560,1494.1486601999998,194560,95,193,2.3772855,3.8597507,1063.829077243805,-0.0059346776
0.9614922106266022,1751.42,0.003793049,0.03959961,196608,1510.0385273899997,196608,96,189,2.3379471,3.8427517,1074.4070439338684,-0.0042650686
0.9620495922863483,1765.12,0.00647963,0.06958008,198656,1525.27724809,198656,97,188,2.3233597,3.8236802,1085.2315797805786,-0.0065857046
0.9590222798287868,1781.78,0.004138528,0.03984375,200704,1541.80277934,200704,98,187,3.02365,3.815181,1096.1180667877197,-0.0029814676
0.9601528607308865,1781.75,0.0067400425,0.06523438,202752,1542.05840044,202752,99,189,2.3707542,3.818936,1107.0233986377716,-0.009237896
0.962618425488472,1795.35,0.006740853,0.07421875,204800,1557.27604497,204800,100,193,2.3149548,3.8003602,1117.8416492938995,-0.006092528
0.8338224440813065,1811.57,0.007422281,0.08964844,206848,1573.68467974,206848,101,194,10.881228,3.7901,1128.4035103321075,-0.004876229
0.9369230791926384,1823.81,0.00686521,0.075927734,208896,1581.33633794,208896,102,197,3.9290218,3.7876744,1138.9586415290833,-0.0098162405
0.9581460990011692,1843.19,0.005811295,0.05732422,210944,1599.98697856,210944,103,183,2.3610454,3.7720757,1149.3166646957397,-0.0059163687
0.9594031162559986,1855.18,0.008798114,0.10268555,212992,1613.4708183999996,212992,104,189,2.3652325,3.739196,1160.4956459999084,-0.00580825
0.9323530346155167,1863.68,0.006880179,0.069726564,215040,1622.7047090199994,215040,105,190,5.208909,3.7173705,1171.3246595859528,-0.0049917353
0.9165607020258904,1878.22,0.007529936,0.09013672,217088,1636.0544394899998,217088,106,186,6.9085627,3.7146785,1182.066172361374,-0.0060954
0.9511282481253147,1892.75,0.005030152,0.057763673,219136,1647.89298832,219136,107,187,3.3668118,3.7258282,1193.0514979362488,-0.007405854
0.9628580398857594,1903.8,0.0034649156,0.035253905,221184,1660.0871113599999,221184,108,186,2.6232815,3.7537715,1204.0014414787292,-0.0053365724
0.9474844932556152,1898.55,0.0068208976,0.064697266,223232,1654.6569238599998,223232,109,166,9.993948,3.7749927,1214.9778208732605,-0.007583215
0.958620972931385,1904.64,0.010057455,0.06733398,225280,1660.92314066,225280,110,181,2.3724577,3.780934,1227.29585146904,-0.011312771
0.9574950635433197,1904.64,0.006177052,0.04868164,227328,1663.48308792,227328,111,190,2.6020787,3.7831523,1238.5874140262604,-0.0041745645
0.958260677754879,1920.89,0.005643465,0.058447264,229376,1679.8821914300001,229376,112,181,2.3779666,3.7774377,1249.3149845600128,-0.0048366273
0.9592712074518204,1930.38,0.0053856364,0.061279297,231424,1692.2049883,231424,113,181,2.3697758,3.746612,1260.6131846904755,-0.0041667456
0.9585421942174435,1934.2,0.0051795347,0.0515625,233472,1702.0593047100003,233472,114,181,2.3833523,3.7288823,1271.906726360321,-0.0031798943
0.9576968997716904,1944.46,0.035826273,0.066259764,235520,1715.18815627,235520,115,181,2.4118705,3.7216022,1283.1816351413727,-0.008279653
0.8208122402429581,1945.6,0.008050291,0.09428711,237568,1716.7708242299998,237568,116,192,6.5812774,3.7254765,1294.484879732132,-0.0035888688
0.8742961436510086,1945.6,0.007083744,0.08881836,239616,1713.2780156399997,239616,117,198,4.9718614,3.736337,1305.1336567401886,-0.003481004
0.892247349023819,1945.6,0.006750221,0.0803711,241664,1708.5173437599994,241664,118,197,4.570159,3.7387824,1315.464165687561,-0.0029029453
0.8960593119263649,1945.6,0.008646089,0.10258789,243712,1705.1744902399996,243712,119,196,4.1695433,3.734923,1325.831533908844,-0.0057288213
0.8788675591349602,1945.6,0.006565583,0.07861328,245760,1700.8788984399996,245760,120,199,4.1207557,3.7439759,1336.231143951416,-0.0057339156
0.912766583263874,1945.6,0.008921411,0.10195313,247808,1696.7562089899998,247808,121,197,3.5928102,3.7462268,1346.4981260299683,-0.008072031
0.9010387808084488,1945.6,0.008073106,0.09272461,249856,1691.08189063,249856,122,197,5.0397463,3.7540817,1356.8498480319977,-0.006579265
0.7265094518661499,1945.67,0.0054353094,0.062109374,251904,1686.88766406,251904,123,198,9.833,3.7694545,1367.2032122612,-0.00993859
0.7697992920875549,1945.68,0.005178586,0.0546875,253952,1681.37174999,253952,124,190,9.786901,3.7796562,1377.501392841339,-0.0063183894
0.8598033338785172,1945.6,0.0054067275,0.062109374,256000,1677.7105664000003,256000,125,203,4.7367735,3.781714,1388.237428188324,-0.010805781
0.9659704528748989,1945.6,0.0065006777,0.0765625,258048,1672.5058925700002,258048,126,186,2.4003172,3.7760053,1398.3049807548523,-0.007708871
0.9657939337193966,1945.59,0.008334151,0.103955075,260096,1671.71043749,260096,127,190,2.4088101,3.7613823,1409.2647919654846,-0.007747613
0.9598429836332798,1945.6,0.00691983,0.07519531,262144,1672.1801992100002,262144,128,190,2.4694617,3.7291577,1420.0172772407532,-0.005094444
0.8377922922372818,1945.59,0.006021459,0.072070315,264192,1674.35964061,264192,129,191,5.1379957,3.7123876,1430.7821667194366,-0.0066155894
0.9773199446499348,1945.58,0.005817994,0.06948242,266240,1669.1317109300005,266240,130,203,1.4199119,3.7038949,1441.4930984973907,-0.0056107547
0.9622404277324677,1945.57,0.0057932856,0.06503906,268288,1669.1094999900001,268288,131,190,2.3166814,3.6863492,1451.5796129703522,-0.005727043
0.8769562169909477,1945.56,0.0077404855,0.077539064,270336,1669.2495390600002,270336,132,192,6.140544,3.6675854,1462.3268144130707,-0.009438275
0.9598316699266434,1945.55,0.006434475,0.07070313,272384,1664.3855136700001,272384,133,191,2.590123,3.6673553,1472.9814565181732,-0.003198418
0.9578713141381741,1945.61,0.007505226,0.06459961,274432,1664.7656835899998,274432,134,200,3.0037677,3.6697202,1483.6584780216217,-0.007272766
0.9652427397668362,1945.62,0.006279857,0.059765626,276480,1665.0469941399997,276480,135,195,2.945562,3.6910405,1493.8766312599182,-0.008640274
0.9642137810587883,1945.59,0.008317511,0.046582032,278528,1664.7395214799994,278528,136,192,2.402845,3.7138088,1504.3728203773499,-0.008668133
0.9572175592184067,1945.61,0.006896344,0.083984375,280576,1668.5194980399997,280576,137,215,2.6083589,3.7182822,1514.9887144565582,-0.0068546073
0.9616643153131008,1945.59,0.003529491,0.035839844,282624,1670.49517968,282624,138,192,2.426926,3.7070026,1524.5118174552917,-0.0015200689
0.9629669450223446,1945.61,0.006249538,0.06611328,284672,1672.69545312,284672,139,193,2.3849363,3.6755085,1535.1556358337402,-0.0055113356
0.9605120979249477,1945.6,0.0063298196,0.06826172,286720,1673.11106054,286720,140,192,2.3657963,3.6410427,1545.731145143509,-0.0033813908
0.9630087427794933,1945.6,0.0075543923,0.073876955,288768,1673.2499882700001,288768,141,195,2.3403063,3.6226661,1556.370430469513,-0.007649022
0.9668695703148842,1945.62,0.01121717,0.09003906,290816,1674.89649803,290816,142,192,2.326942,3.6108456,1566.873509645462,-0.0021785698
0.9660034812986851,1945.62,0.006192196,0.059375,292864,1674.81380467,292864,143,197,2.3281107,3.5874233,1577.4918704032898,-0.005651773
0.964206837117672,1945.6,0.0072953105,0.07783203,294912,1675.85911521,294912,144,192,2.3712845,3.5556054,1587.875859260559,-0.0062470133
0.9633202366530895,1945.6,0.0058358433,0.062646486,296960,1676.28409373,296960,145,198,2.3328,3.529756,1598.5331902503967,-0.00552991
0.9639828056097031,1945.58,0.008394003,0.097509764,299008,1676.72667967,299008,146,192,2.3798568,3.507402,1608.8707416057587,-0.0062405886
0.9592479877173901,1945.58,0.005499954,0.04863281,301056,1676.7497050600002,301056,147,222,2.3767867,3.4787164,1619.5207312107086,-0.0050578397
0.9606813974678516,1945.6,0.006797537,0.07919922,303104,1677.6361288800003,303104,148,192,2.3681135,3.4436975,1628.7439076900482,-0.0060852645
0.9579076394438744,1945.59,0.008369046,0.090625,305152,1679.0568574,305152,149,200,2.3687143,3.4150174,1639.399209022522,-0.004461671
0.9616114981472492,1945.59,0.006451695,0.06894531,307200,1679.97388865,307200,150,216,2.38701,3.3961315,1649.5939371585846,-0.0043508494
0.9598584026098251,1945.57,0.032466214,0.074560545,309248,1680.2854003700004,309248,151,192,2.5258477,3.3949227,1659.059683084488,-0.0036887832
0.9556311219930649,1945.6,0.013200405,0.0690918,311296,1680.1594531,311296,152,201,2.621238,3.3933837,1669.6932632923126,-0.003120819
0.9348789900541306,1911.85,0.11223219,0.12636718,313344,1645.7140078,313344,153,156,15.866445,3.3938,1679.8525018692017,-0.0072183073
0.9523319564759731,1908.49,0.007724516,0.065136716,315392,1639.64858202,315392,154,208,9.268429,3.4086754,1692.933515071869,-0.0035207092
0.6374498605728149,1896.68,0.0090525625,0.0871582,317440,1625.6930566299998,317440,155,163,28.480991,3.4190419,1702.7532119750977,-0.0063120313
0.9174387082457542,1874.95,0.01207223,0.097753905,319488,1597.4902929699997,319488,156,173,16.825842,3.4315536,1715.2841498851776,-0.003608477
0.9488490596413612,1851.92,0.009169115,0.08515625,321536,1571.13710547,321536,157,169,11.263841,3.4479008,1727.0973365306854,-0.0027208198
0.8279239237308502,1818.93,0.0075319954,0.08271484,323584,1531.9890937500002,323584,158,146,17.808949,3.4612236,1739.1587240695953,-0.0047571226
0.784960925579071,1818.93,0.015295123,0.15693359,325632,1531.1736582,325632,159,180,20.939009,3.4732025,1753.1133687496185,-0.0020178948
0.883590504527092,1808.6,0.005764346,0.06386719,327680,1519.6731738300002,327680,160,200,9.4246235,3.4918518,1764.482050895691,-0.0056307158
0.9479224421083927,1789.56,0.0143464,0.09741211,329728,1493.4982949199998,329728,161,176,13.284212,3.5001907,1774.7001295089722,-0.005796746
0.8270743638277054,1788.51,0.0067170495,0.07358398,331776,1490.67753905,331776,162,155,30.981955,3.5064068,1786.27711892128,-0.0039167944
0.958711963146925,1765.01,0.009405046,0.075,333824,1466.30926951,333824,163,172,7.7774973,3.5175407,1799.4571392536163,-0.00511108
0.8446630537509918,1739.18,0.0065058535,0.078125,335872,1435.6745800599997,335872,164,145,15.322621,3.528022,1811.3623886108398,-0.0064596348
0.7658883631229401,1739.18,0.01165799,0.1305664,337920,1436.12434373,337920,165,187,20.485493,3.5288727,1825.4734716415405,0.00014913671
0.9624709822237492,1726.54,0.010951048,0.0859375,339968,1423.8290488099997,339968,166,167,7.11865,3.5281005,1836.4197397232056,-0.005571994
0.9641103744506836,1723.97,0.014603408,0.09628906,342016,1418.7268066299998,342016,167,211,7.5806837,3.5483823,1848.651228427887,-0.010176437
0.82230544090271,1723.98,0.007528347,0.07680664,344064,1416.7434726399997,344064,168,200,20.786379,3.562428,1858.3449239730835,-0.0036956996
0.9654216282069683,1729.62,0.0080446955,0.08828125,346112,1410.19028709,346112,169,123,10.255527,3.5686202,1868.5760219097137,-0.0005705315
0.9498074352741241,1703.73,0.006999797,0.062353514,348160,1381.77442576,348160,170,172,9.445096,3.5846572,1885.1463510990143,0.0049896934
0.9682922028005123,1699.84,0.068647474,0.08046875,350208,1377.4028905999999,350208,171,195,2.6171594,3.5893776,1896.993769645691,-0.0057580853
0.9602175317704678,1699.83,0.008946648,0.06591797,352256,1376.9669198999995,352256,172,192,2.5003471,3.560782,1907.4719116687775,-0.006774192
0.9628398306667805,1699.85,0.0057287263,0.057861328,354304,1376.9706952899996,354304,173,188,2.5472097,3.5209286,1918.1098411083221,-0.0016068805
0.7288146018981934,1716.61,0.007244093,0.09013672,356352,1394.2026679399996,356352,174,198,10.970011,3.4967084,1928.9981818199158,-0.0057378393
0.9770979881286621,1720.33,0.006848132,0.063085936,358400,1391.7354277,358400,175,200,1.5226358,3.4788487,1939.319953918457,-0.0026044056
0.9637965336441994,1720.34,0.005841081,0.06484375,360448,1391.7884257499995,360448,176,187,2.4112518,3.459786,1949.5525324344635,-0.0019032368
0.96713762357831,1720.34,0.006443291,0.07163086,362496,1398.4857870799997,362496,177,189,2.3213792,3.43308,1960.478015422821,-0.0018813558
0.9615545719861984,1720.32,0.008293511,0.099365234,364544,1405.0387694999997,364544,178,200,2.3799994,3.4005775,1971.2936418056488,-0.0037780586
0.9602026008069515,1720.31,0.008574846,0.10463867,366592,1405.39694919,366592,179,200,2.3953629,3.3850243,1981.495197057724,-0.00512435
0.9630424864590168,1720.32,0.007553628,0.075927734,368640,1405.46138083,368640,180,203,2.397592,3.3643126,1991.7275974750519,-0.010401694
0.9626792892813683,1720.32,0.0059371097,0.06601562,370688,1405.4674823999999,370688,181,187,2.3371646,3.3422801,2001.8126130104065,-0.0056242994
0.9593637250363827,1720.3,0.0057510636,0.059326172,372736,1405.4875956800001,372736,182,202,2.3561177,3.3144386,2012.7315616607666,-0.0033497687
0.8496930152177811,1720.33,0.005489962,0.06694336,374784,1406.4396679399997,374784,183,194,9.844657,3.299564,2022.8677968978882,-0.0005977106
0.9690238982439041,1720.33,0.009042444,0.09331055,376832,1400.43493162,376832,184,202,2.007895,3.2792478,2033.4188725948334,-0.008894744
0.9615864157676697,1720.33,0.0098254625,0.09682617,378880,1400.4254062299997,378880,185,197,2.3284104,3.2445552,2043.5167164802551,-0.0052700248
0.9646071493625641,1720.33,0.0071877637,0.07607422,380928,1406.9161093599996,380928,186,204,2.3353412,3.2201908,2053.871686220169,-0.0088239545
0.9521363042294979,1720.32,0.007850948,0.08500977,382976,1406.9694140499996,382976,187,199,2.437269,3.2097232,2063.868541955948,-0.004020678
0.9580906741321087,1720.33,0.008160686,0.08242188,385024,1406.90816991,385024,188,198,2.3523834,3.2007613,2074.1437232494354,-0.006257139
0.9616807661950588,1720.34,0.014310643,0.10112305,387072,1406.91475976,387072,189,193,2.3108487,3.196364,2084.4739575386047,-0.011292441
0.8598642796278,1720.31,0.0110541275,0.10820313,389120,1409.1012011599998,389120,190,194,7.171302,3.199139,2095.048592567444,-0.003967591
0.9677715823054314,1720.31,0.07235306,0.10136719,391168,1407.4591972499998,391168,191,197,2.133042,3.2136784,2105.599110364914,-0.011184967
0.6286363005638123,1720.29,0.005036404,0.05703125,393216,1407.0991894400001,393216,192,203,6.16527,3.2297516,2115.970023393631,-0.00032437037
0.970637196674943,1720.29,0.006957577,0.07895508,395264,1401.85931835,395264,193,199,1.6835368,3.2330203,2126.0351967811584,-0.006327438
0.9619758240878582,1733.2,0.0054182084,0.059570312,397312,1416.3907519399997,397312,194,196,2.3024445,3.225642,2136.2782185077667,-0.0027603926
0.9538898430764675,1740.8,0.017594922,0.11420898,399360,1424.2958808399999,399360,195,199,2.3333423,3.2206872,2146.6908011436462,-0.008472764
0.9566869996488094,1740.8,0.0073983306,0.080322266,401408,1424.3305058499996,401408,196,201,2.3462996,3.2245746,2156.9830961227417,-0.010012932
0.6862262785434723,1740.8,0.008338457,0.10117187,403456,1424.70950585,403456,197,203,4.791776,3.2303956,2167.1546380519867,-0.0029093153
0.9664625599980354,1740.81,0.00837273,0.087646484,405504,1418.8796835799994,405504,198,206,2.0601544,3.2357497,2177.2075402736664,-0.007806593
0.9600616805255413,1740.82,0.011043464,0.11884765,407552,1418.68369725,407552,199,89,2.4038978,3.2449632,2187.149042367935,-0.007990007
0.9621515646576881,1740.83,0.013472451,0.09643555,409600,1418.64412499,409600,200,187,2.2477,3.2540011,2210.0661680698395,-0.010088598
0.8360077738761902,1740.84,0.008801195,0.105126955,411648,1418.8109921799999,411648,201,188,8.717382,3.247099,2220.9759397506714,-0.008091892
0.967223908752203,1740.84,0.008749323,0.08183594,413696,1419.3966074099997,413696,202,203,1.9627428,3.2349389,2231.8662254810333,-0.005654139
0.9561285190284252,1728.67,0.008055762,0.08842774,415744,1418.0275019399999,415744,203,158,9.742395,3.2387729,2241.9346010684967,-0.0055049993
0.6587604582309723,1728.67,0.0099547,0.10859375,417792,1422.3397441299999,417792,204,187,29.387655,3.243695,2254.869566679001,-0.0045987437
0.9518879167735577,1720.27,0.017742116,0.10112305,419840,1420.45261132,419840,205,192,2.392074,3.2484126,2265.8135368824005,-0.0051002624
0.7015394568443298,1720.26,0.007989498,0.08979492,421888,1426.63109179,421888,206,197,8.74327,3.2551167,2276.428567171097,0.0012351845
0.7699973881244659,1720.26,0.008390898,0.09208985,423936,1425.90360547,423936,207,187,7.582986,3.2635522,2286.7990171909332,-0.0013342123
0.7494542896747589,1720.26,0.009968612,0.11049805,425984,1424.9869668,425984,208,200,3.4154027,3.2672756,2297.7478528022766,0.00217741
0.7722004801034927,1720.32,0.007168833,0.086035155,428032,1424.17708789,428032,209,198,2.6775062,3.2661083,2307.9803862571716,-0.0045931325
0.7910019308328629,1720.32,0.0070590116,0.0847168,430080,1423.18530859,430080,210,197,2.421145,3.2656484,2318.3058109283447,-0.002153339
0.9753374196588993,1720.32,0.009402708,0.08178711,432128,1417.70732226,432128,211,202,1.2094476,3.2549388,2328.6552510261536,-0.00614414
0.7141764760017395,1720.33,0.0070742765,0.084179685,434176,1418.2235937500002,434176,212,187,3.5264153,3.2359405,2338.7883195877075,-0.0004339299
0.8128803819417953,1720.34,0.008598702,0.102148436,436224,1411.7329746099997,436224,213,201,5.748193,3.2308166,2349.687326669693,0.0010936323
0.7934957444667816,1720.35,0.009141617,0.10175781,438272,1410.3304667900002,438272,214,189,2.623801,3.217069,2359.8672983646393,-0.0024260995
0.9443060010671616,1703.68,0.013826532,0.115185544,440320,1386.9509550599998,440320,215,170,4.022388,3.2186081,2370.674642086029,-0.011584976
0.9765812754631042,1699.84,0.011144249,0.10981445,442368,1382.9951074000003,442368,216,202,1.1628247,3.2210789,2382.65332531929,-0.0071841897
0.9547683745622635,1699.83,0.010315237,0.11420898,444416,1383.3723066199998,444416,217,198,2.38815,3.203218,2392.790113210678,-0.0030902547
0.7339485883712769,1699.83,0.0077344636,0.09477539,446464,1384.1072148199999,446464,218,186,3.141384,3.1921444,2403.108980178833,-0.0032320481
0.7651107907295227,1699.86,0.00848352,0.095507815,448512,1379.15163279,448512,219,201,5.922258,3.186282,2414.085321187973,-0.003833097
0.8111777305603027,1699.83,0.0074583427,0.08618164,450560,1372.4650312299998,450560,220,200,1.8797748,3.1803737,2424.2721560001373,-0.002689146
0.8289851546287537,1699.84,0.010330446,0.11582031,452608,1365.8109960699999,452608,221,188,3.656488,3.17045,2434.5093426704407,-0.0008077504
0.8148085027933121,1699.84,0.007441851,0.08173828,454656,1358.9271308399998,454656,222,200,1.7031063,3.162892,2445.390676498413,-0.0025130888
0.7826604396104813,1699.86,0.007422666,0.08891602,456704,1352.30694334,456704,223,201,4.2460284,3.163359,2455.615430355072,-0.0037993186
0.8572814464569092,1699.83,0.009537311,0.11049805,458752,1345.2619941199998,458752,224,199,2.9985092,3.1597786,2465.8036205768585,0.00308268
0.9740000069141388,1699.82,0.016083568,0.12456055,460800,1338.2946777199998,460800,225,199,1.4646084,3.1412077,2476.048019170761,-0.004085791
0.7035746574401855,1699.81,0.00864652,0.1,462848,1338.47164061,462848,226,200,4.1763153,3.1101716,2486.32288813591,-0.0022560377
0.8853223994374275,1691.65,0.02106719,0.11489258,464896,1319.4002343599998,464896,227,160,9.235762,3.0959191,2496.5418837070465,-0.0105492
0.8596947491168976,1680.81,0.010594903,0.114794925,466944,1305.63924998,466944,228,209,8.373575,3.0853152,2509.3247747421265,-0.0012682378
0.9400368556380272,1680.39,0.012096661,0.12758788,468992,1298.3342480299998,468992,229,202,3.9024742,3.076849,2519.1024935245514,-0.0058044754
0.9694923665374517,1679.36,0.015563039,0.13886718,471040,1290.81305272,471040,230,185,2.641739,3.060367,2529.201052904129,-0.008995203
0.9577208384871483,1679.36,0.013456086,0.1105957,473088,1289.65462303,473088,231,197,2.3805854,3.0367372,2540.235028028488,-0.006992887
0.8237154334783554,1679.35,0.011284793,0.10566406,475136,1289.6490273299999,475136,232,200,3.331592,3.0254662,2550.581260204315,-0.0019352266
0.8586125820875168,1679.36,0.012882401,0.12241211,477184,1283.06844921,477184,233,196,2.0705214,3.0363805,2560.789435148239,-0.00096496707
0.9801105484366417,1679.37,0.018498655,0.105615236,479232,1276.72188085,479232,234,202,1.5563822,3.0492082,2571.2274012565613,-0.009759248
0.764086902141571,1679.04,0.009595738,0.09003906,481280,1276.1492831799999,481280,235,153,10.338003,3.052877,2581.3352727890015,-0.0020882536
0.9175469279289246,1693.9,0.011329511,0.10898437,483328,1285.51816794,483328,236,203,4.9977093,3.0585258,2594.69104552269,-0.004555587
0.9703388437628746,1696.72,0.0117212655,0.093408205,485376,1284.90348825,485376,237,201,4.8008633,3.0724201,2604.740799665451,-0.011462951
0.8437175154685974,1696.72,0.011727287,0.09038086,487424,1284.8201855099999,487424,238,180,14.369632,3.0856755,2614.9065339565277,-0.0022046696
0.9565577208995819,1707.8,0.013456659,0.10932617,489472,1298.59294527,489472,239,197,2.3947031,3.082308,2626.2742359638214,-0.0037990636
0.9611739665269852,1714.83,0.0155075295,0.12685546,491520,1311.0936913599999,491520,240,187,2.4939122,3.0699852,2636.6569130420685,-0.0066337623
0.9621664360165596,1729.54,0.012601907,0.09326172,493568,1327.04847847,493568,241,187,2.3731997,3.0453117,2647.589953184128,-0.0025236963
0.9624566473066807,1740.83,0.0088201165,0.08178711,495616,1338.77426363,495616,242,181,2.3156724,3.0096207,2658.4924762248993,-0.006723261
0.8208789229393005,1752.57,0.008489499,0.09853516,497664,1353.6080976100002,497664,243,186,2.5737433,2.991075,2669.778566598892,-0.004560421
0.8680584132671356,1761.28,0.008464137,0.09833984,499712,1356.8072812,499712,244,197,1.3528786,2.99056,2680.775377511978,0.0004882076
0.8851215615868568,1773.29,0.008892894,0.10273437,501760,1365.69629682,501760,245,199,1.1823082,2.990281,2691.134386062622,0.0007053134
0.9769668318331242,1785.5,0.02269812,0.119824216,503808,1374.8357206500002,503808,246,199,1.4421613,2.977269,2701.4026119709015,-0.008798084
0.7455942034721375,1785.48,0.0101112,0.07060547,505856,1375.6177206500004,505856,247,530,5.2008214,2.987608,2711.669497728348,0.00081456173
