policy_entropy,time_elapsed,value_loss,approxkl,clipfrac,explained_variance,serial_timesteps,policy_loss,ep_reward_mean,ep_len_mean,fps,total_timesteps,n_updates
5.1697006,2.384185791015625e-06,10.980848,0.003365976,0.031640626,0.9451140686869621,2048,-0.00038499964,161.396018,314.0,315,2048,1
5.1758623,6.487309455871582,20.764332,0.002579627,0.025146484,0.8938549906015396,4096,-0.0011575671,1012.8117844999999,1181.5,344,4096,2
5.177642,12.43016505241394,20.71082,0.002621851,0.023486327,0.8482965677976608,6144,-0.0012934748,1246.2825253333333,1470.6666666666667,334,6144,3
5.185578,18.544994354248047,20.885744,0.0069526224,0.08706055,0.8543246686458588,8192,-0.007865404,1386.57848425,1615.25,340,8192,4
5.1956215,24.55981755256653,27.956257,0.0031319552,0.034228515,0.8793921768665314,10240,-0.002146953,1260.0721624999999,1483.3333333333333,361,10240,5
5.20046,30.22385311126709,22.625595,0.0021629746,0.02265625,0.8968396708369255,12288,-0.0016898181,1237.1700216250001,1467.5,373,12288,6
5.201481,35.70212268829346,20.85469,0.0023797986,0.024316406,0.8387661427259445,14336,-0.0028248609,1286.1339462222224,1532.111111111111,336,14336,7
5.2071595,41.787433385849,14.560663,0.005532787,0.06743164,0.8312682658433914,16384,-0.006392222,1287.5798204000002,1583.8,362,16384,8
5.2067285,47.43223261833191,19.89487,0.0052834027,0.06323242,0.7837563753128052,18432,-0.0020554145,1342.4738253636367,1626.090909090909,342,18432,9
5.225277,53.41183376312256,20.068676,0.006256628,0.07050781,0.8445725589990616,20480,-0.005162319,1388.2778023333337,1661.3333333333333,342,20480,10
5.2460895,59.39674162864685,20.669544,0.0020961044,0.018701172,0.85428087413311,22528,-0.0011846384,1410.7537130000003,1691.1538461538462,332,22528,11
5.2472467,65.55750727653503,31.39513,0.0023255215,0.019482423,0.8529810756444931,24576,-0.0034828174,1356.2819676666668,1633.9333333333334,313,24576,12
5.2550664,72.09331703186035,9.760595,0.0029314961,0.036083985,0.9082228094339371,26624,-0.0049053268,1278.801616625,1550.375,373,26624,13
5.2523565,77.58411908149719,20.121794,0.0042648497,0.050927736,0.8428463190793991,28672,-0.0021538676,1288.6822491764706,1579.7058823529412,349,28672,14
5.253354,83.45081448554993,20.014215,0.0033018857,0.03769531,0.8585605919361115,30720,-0.0018930634,1314.6294882777777,1605.7777777777778,336,30720,15
5.2720327,89.53111791610718,32.47773,0.0024928418,0.027978515,0.879098691046238,32768,-0.0032018789,1232.374889095238,1513.7142857142858,383,32768,16
5.2830048,94.86873936653137,19.716047,0.004119334,0.04951172,0.8718134164810181,34816,-0.0040261312,1262.0380584545453,1538.0454545454545,354,34816,17
5.2775955,100.6537721157074,9.560534,0.0059090964,0.06728516,0.7352842390537262,36864,-0.003570636,1264.3037099565217,1560.2608695652175,385,36864,18
5.273844,105.96033954620361,21.061262,0.0025815452,0.028271485,0.7120328545570374,38912,-0.0025934237,1267.7908099583335,1580.625,381,38912,19
5.2767916,111.33345818519592,14.4260025,0.0028778212,0.029492188,0.8773791640996933,40960,-0.0003289471,1268.0622881600002,1599.36,373,40960,20
5.283712,116.81043314933777,19.138035,0.0046039512,0.051708985,0.8236944377422333,43008,-0.0033515512,1290.2205526923078,1616.6538461538462,340,43008,21
5.281176,122.82326889038086,19.443665,0.003319706,0.036816407,0.8826351091265678,45056,-0.0029511224,1310.5059235555557,1632.6666666666667,349,45056,22
5.289695,128.68699645996094,28.95692,0.0030412846,0.033496093,0.8689489513635635,47104,-0.0024643147,1287.514695310345,1608.5862068965516,351,47104,23
5.2992716,134.51847100257874,19.510286,0.0035447266,0.03793945,0.8709924668073654,49152,-0.002855029,1301.202257266667,1623.2666666666667,373,49152,24
5.3219867,139.99866795539856,20.189983,0.005169439,0.05444336,0.9228637889027596,51200,-0.005883082,1169.5419532647059,1478.4411764705883,362,51200,25
5.3405867,145.66599678993225,19.379787,0.0044943946,0.052441407,0.8758547008037567,53248,-0.0038117194,1186.3247582285715,1494.7428571428572,347,53248,26
5.3394437,151.55492639541626,26.766357,0.003317767,0.041796874,0.8774373456835747,55296,-0.004221595,1176.2592414324324,1490.2162162162163,368,55296,27
5.346216,157.11306071281433,4.7129626,0.0040933653,0.038720705,0.9761257097125053,57344,-0.006767304,1147.8740354210527,1457.7368421052631,371,57344,28
5.3578672,162.63324213027954,38.36677,0.0014253485,0.013916016,0.690037190914154,59392,-0.0020433473,1100.9148128809522,1412.5238095238096,393,59392,29
5.374946,167.8435091972351,19.45068,0.00547088,0.06943359,0.8679343312978745,61440,-0.0049870266,1116.466635372093,1427.3255813953488,346,61440,30
5.3828635,173.76113533973694,18.880428,0.0034677684,0.033935547,0.9445260390639305,63488,-0.0045025283,1030.8369419148935,1329.2340425531916,390,63488,31
5.3771253,179.0104193687439,35.74946,0.0012054722,0.007519531,0.8938505724072456,65536,-0.0014554542,1010.1724152800001,1301.96,350,65536,32
5.3689384,184.86126375198364,18.487663,0.0019367818,0.02055664,0.8638230860233307,67584,-0.002927016,957.9083850185187,1247.5,392,67584,33
5.3670692,190.07878947257996,19.525,0.006456948,0.08730469,0.8866210356354713,69632,-0.00416255,972.5504968363638,1262.0727272727272,340,69632,34
5.3698664,196.0862956047058,20.705011,0.0035930849,0.042871095,0.8883165419101715,71680,-0.0024943775,985.4156001428572,1276.125,336,71680,35
5.367346,202.16927003860474,20.729696,0.0025570665,0.027392577,0.7876391261816025,73728,-0.0038806163,992.5527342982457,1289.6842105263158,336,73728,36
5.3487678,208.25691103935242,16.959705,0.0037036338,0.038769532,0.8883054405450821,75776,-0.0063433736,1005.4592679310346,1302.7758620689656,352,75776,37
5.327651,214.0633189678192,18.444958,0.0038015894,0.043115236,0.8626678287982941,77824,-0.0027615924,1018.0692719491525,1315.4237288135594,343,77824,38
5.319085,220.0229456424713,4.731673,0.00649753,0.08598633,0.9693184457719326,79872,-0.0062681236,1027.7465434833334,1326.85,365,79872,39
5.316923,225.6293704509735,19.983747,0.0028604975,0.03359375,0.8868727087974548,81920,-0.00095122017,1039.4430301147543,1338.688524590164,342,81920,40
5.3222685,231.61282801628113,19.69524,0.0042337663,0.052490234,0.8741888254880905,83968,-0.0027374637,1050.4292185806453,1350.1451612903227,352,83968,41
5.3290544,237.42842316627502,7.9133697,0.0027564676,0.027050782,0.9487289451062679,86016,-0.0052673975,1039.6319498730159,1339.3174603174602,376,86016,42
5.3407607,242.86949634552002,21.265062,0.002870543,0.03276367,0.8743401020765305,88064,-0.0021045948,1049.020283453125,1350.40625,356,88064,43
5.3417883,248.62123322486877,19.728731,0.0056266,0.069970705,0.8425174355506897,90112,-0.0035572618,1057.5279540307693,1361.1538461538462,347,90112,44
5.3369837,254.52243971824646,21.321297,0.0028755867,0.030761719,0.8106998950242996,92160,-0.0034733329,1068.7259129242423,1371.5757575757575,369,92160,45
5.3319407,260.07062244415283,13.49297,0.002512419,0.025195312,0.8984494283795357,94208,-0.0033481836,1072.578577686567,1381.686567164179,349,94208,46
5.3267717,265.9300856590271,30.73859,0.00543755,0.059179686,0.8967948630452156,96256,-0.00589827,1055.5190584571428,1360.0285714285715,360,96256,47
5.324957,271.61437225341797,20.672995,0.0022278558,0.018847656,0.8531674295663834,98304,-0.0020380935,1066.3638557183097,1369.7323943661972,359,98304,48
5.324482,277.3132312297821,24.980968,0.0046291165,0.059667967,0.9041261821985245,100352,-0.004570615,1062.128826123288,1364.3150684931506,366,100352,49
5.324371,282.89545822143555,22.781467,0.0028685457,0.025488282,0.9226623624563217,102400,-0.002743281,1060.4493363333336,1360.08,369,102400,50
5.3089886,288.44224548339844,20.254152,0.003980474,0.051757812,0.880540169775486,104448,-0.0031963761,1068.1150884736846,1369.1447368421052,367,104448,51
5.299305,294.0103929042816,9.575725,0.0025051665,0.025292968,0.9610749036073685,106496,-0.0045524435,1046.8876602179491,1345.9615384615386,370,106496,52
5.30586,299.535715341568,24.521084,0.002230221,0.021386718,0.8917291462421417,108544,-0.0021956824,1049.0620786125,1347.45,368,108544,53
5.3164153,305.09452843666077,23.677448,0.004016119,0.039111327,0.9066713750362396,110592,-0.003819631,1047.2578319878048,1344.7682926829268,346,110592,54
5.3231764,311.01307916641235,6.1972113,0.0029831952,0.032910157,0.9667692705988884,112640,-0.0041973502,1038.4885937710844,1335.0240963855422,345,112640,55
5.3065395,316.9381175041199,20.23987,0.005126346,0.060009766,0.8940050527453423,114688,-0.0043329373,1046.5083424880952,1343.5238095238096,325,114688,56
5.287148,323.2327890396118,20.114605,0.0037345416,0.03696289,0.8565215319395065,116736,-0.0015687204,1055.0437352470587,1351.8235294117646,341,116736,57
5.2834864,329.23607563972473,20.032694,0.0021569103,0.019091796,0.8523093909025192,118784,-0.0016692845,1064.2115464534882,1359.9302325581396,338,118784,58
5.274068,335.2823836803436,20.050575,0.0041015763,0.039355468,0.879890002310276,120832,-0.0024853912,1072.3501420459768,1367.8505747126437,347,120832,59
5.2607584,341.17665004730225,20.096153,0.0054065287,0.06171875,0.871564045548439,122880,-0.004743125,1080.4024756363638,1375.590909090909,350,122880,60
5.269689,347.0220868587494,20.07702,0.0080544185,0.107861325,0.8896638602018356,124928,-0.005098334,1088.5768914382024,1383.1573033707866,355,124928,61
5.2610855,352.7772800922394,20.266094,0.003838649,0.046142578,0.8822690397500992,126976,-0.0010744749,1095.4767625222225,1390.5555555555557,349,126976,62
5.247141,358.6324532032013,20.025059,0.0037700892,0.039355468,0.8787863105535507,129024,-0.0007520786,1103.1689892197805,1397.7912087912089,338,129024,63
5.2457294,364.68365263938904,20.863438,0.0044246623,0.055859376,0.8606116473674774,131072,-0.004631416,1110.5884273043482,1404.8695652173913,329,131072,64
5.2430277,370.9001557826996,20.690508,0.0033668596,0.038720705,0.893970400094986,133120,-0.0032989918,1117.589780322581,1411.7956989247311,352,133120,65
5.228515,376.713255405426,27.228643,0.0021596202,0.019824218,0.7914739400148392,135168,-0.0032685343,1113.8806309157897,1410.1473684210525,382,135168,66
5.2161436,382.06561613082886,20.518503,0.0031735965,0.03046875,0.8648190200328827,137216,-0.003754226,1117.9488733125002,1416.8020833333333,361,137216,67
5.2207823,387.7302861213684,20.306156,0.0024815553,0.025634766,0.9019745737314224,139264,-0.0014151055,1124.9526594329898,1423.319587628866,378,139264,68
5.232842,393.1379203796387,19.281765,0.003172166,0.035205077,0.853553831577301,141312,-0.0011445911,1129.849219479592,1429.704081632653,353,141312,69
5.2292304,398.9392774105072,20.05723,0.0067283125,0.0871582,0.8748512417078018,143360,-0.0036575075,1136.510925878788,1435.959595959596,363,143360,70
5.225514,404.57486748695374,19.784323,0.0062420676,0.057763673,0.8552484810352325,145408,-0.003537384,1142.93042772,1442.09,396,145408,71
5.2208185,409.7429909706116,11.067552,0.0025111614,0.024951171,0.875085823237896,147456,-0.0024740803,1154.81246719,1459.44,377,147456,72
5.2167363,415.17460584640503,19.737759,0.0042173667,0.052734375,0.8061351031064987,149504,-0.0013123392,1152.12808622,1459.44,340,149504,73
5.2085648,421.18313121795654,29.247995,0.004540551,0.053222656,0.8642327040433884,151552,-0.0062011476,1138.49763938,1443.85,357,151552,74
5.208134,426.90574955940247,4.6454144,0.005364988,0.06225586,0.9608092866837978,153600,-0.005038026,1133.08493952,1440.41,341,153600,75
5.1961393,432.89705061912537,20.067148,0.006831133,0.090625,0.8508124053478241,155648,-0.006043394,1149.4387467899999,1457.0,340,155648,76
5.1949835,438.9188928604126,32.200157,0.010949703,0.14052734,0.8917319104075432,157696,-0.010365471,1115.18845099,1410.21,341,157696,77
5.199138,444.9120297431946,19.81429,0.0025560507,0.028027344,0.8954280093312263,159744,-0.0009497244,1114.0054282600001,1410.21,322,159744,78
5.1963053,451.2699966430664,17.743753,0.0038688525,0.043359376,0.9074617028236389,161792,-0.0024676926,1099.15916522,1396.41,325,161792,79
5.1849384,457.5711154937744,7.999987,0.0063747056,0.08232422,0.9472682848572731,163840,-0.008457386,1097.109096,1394.26,323,163840,80
5.1857886,463.8936376571655,12.447656,0.005037182,0.054882813,0.9366018623113632,165888,-0.0072965943,1103.1755557700003,1402.23,373,165888,81
5.190914,469.3746302127838,19.616491,0.0027501737,0.026806641,0.8548724353313446,167936,-0.0023494454,1106.9447052400003,1402.23,343,167936,82
5.182949,475.337406873703,24.654623,0.0035987545,0.033203125,0.8934497907757759,169984,-0.0017439338,1092.99541606,1389.01,349,169984,83
5.1721587,481.2015106678009,19.599857,0.0045504896,0.056005858,0.8625701367855072,172032,-0.0015172833,1107.86461953,1404.17,337,172032,84
5.165124,487.27838110923767,20.587446,0.0033446376,0.03691406,0.8422130793333054,174080,-0.0022779685,1124.29767046,1421.64,273,174080,85
5.1698084,494.7595229148865,20.547913,0.004807213,0.059814453,0.849401518702507,176128,-0.0034252112,1123.14481606,1421.64,321,176128,86
5.185095,501.12626814842224,20.017178,0.00397928,0.048583984,0.8332121223211288,178176,-0.0020211788,1127.68626899,1421.64,353,178176,87
5.19378,506.91550517082214,19.77818,0.0031967412,0.033935547,0.8611475229263306,180224,-0.0011506006,1131.33113675,1421.64,322,180224,88
5.186364,513.2576978206635,21.724176,0.0020592469,0.022265624,0.7601632475852966,182272,-0.0024475707,1132.30130216,1421.64,351,182272,89
5.1842866,519.0841495990753,19.672215,0.0045961593,0.05595703,0.8421210944652557,184320,-0.0009928751,1132.3063329400002,1421.64,338,184320,90
5.1872473,525.1341190338135,7.864442,0.0016947163,0.014355469,0.9551895894110203,186368,-0.0012400296,1119.7139161700002,1411.06,367,186368,91
5.1950116,530.7022743225098,19.768702,0.0032686763,0.035009764,0.8600603193044662,188416,-0.0016440086,1121.11726531,1411.06,349,188416,92
5.203644,536.5583522319794,20.019657,0.0025862094,0.02709961,0.8596082180738449,190464,-0.0013055488,1136.6893946,1426.37,369,190464,93
5.1985483,542.1061618328094,20.24402,0.0031094258,0.030371094,0.8692125529050827,192512,-0.0023092623,1133.79380357,1426.37,367,192512,94
5.191607,547.6758229732513,19.404924,0.0038999934,0.048193358,0.8652499169111252,194560,-0.0019647046,1147.6099177299998,1439.71,354,194560,95
5.196264,553.451220035553,19.523357,0.002393493,0.024316406,0.8706248253583908,196608,-0.00227888,1163.9639885099998,1457.32,367,196608,96
5.196546,559.017297744751,25.861095,0.0022546593,0.02109375,0.8833189830183983,198656,-0.00345761,1182.39712462,1478.38,368,198656,97
5.1924353,564.5804493427277,19.559336,0.0050353785,0.06333008,0.8737416118383408,200704,-0.0032514087,1182.8091640600003,1478.38,312,200704,98
5.2022514,571.130161523819,19.367826,0.0035406277,0.039355468,0.8707491606473923,202752,-0.0021244409,1184.71681319,1478.38,315,202752,99
5.2126837,577.6164655685425,19.487745,0.007199771,0.09125976,0.8674311935901642,204800,-0.0033910845,1197.8401787300002,1491.14,306,204800,100
5.231984,584.297112941742,20.170155,0.0032072533,0.037353516,0.844717800617218,206848,-0.0037418779,1214.6740694,1509.07,315,206848,101
5.2340384,590.7965881824493,8.531954,0.004490014,0.045898438,0.9518162086606026,208896,-0.00325584,1207.03641453,1500.79,364,208896,102
5.2238836,596.4095404148102,20.198555,0.0032097306,0.03237305,0.864722341299057,210944,-0.00013005776,1220.35648982,1513.95,343,210944,103
5.228403,602.3780155181885,19.934855,0.004483373,0.053808592,0.8433321267366409,212992,-0.0024786494,1236.8350220900002,1531.78,308,212992,104
5.225371,609.008159160614,19.969059,0.0037227576,0.040527344,0.8655575513839722,215040,-0.002691832,1250.4885168500002,1543.43,355,215040,105
5.2110133,614.7773971557617,20.507412,0.0039348328,0.03745117,0.8596229255199432,217088,-0.0021816604,1250.9581183700002,1543.43,363,217088,106
5.207074,620.4066517353058,19.500374,0.0049474267,0.06430664,0.8991166725754738,219136,-0.00437052,1267.32836691,1561.29,354,219136,107
5.221013,626.1786425113678,19.731728,0.005274636,0.051074218,0.823683425784111,221184,-0.0025404515,1283.3015722,1578.93,363,221184,108
5.2337546,631.8121864795685,10.170193,0.0022356347,0.02211914,0.9339101612567902,223232,-0.0024392141,1295.54165655,1596.96,327,223232,109
5.236596,638.0743925571442,20.326752,0.0027249358,0.027539063,0.7940042614936829,225280,-0.0007804766,1312.55049967,1614.4,327,225280,110
5.241124,644.3204157352448,20.798922,0.0055025667,0.062207032,0.8309125751256943,227328,-0.0054228967,1313.2516259,1614.4,384,227328,111
5.241581,649.6461796760559,20.718208,0.0017161233,0.016210938,0.860272541642189,229376,-0.0020145942,1326.28927123,1631.91,369,229376,112
5.2356033,655.1933534145355,20.053394,0.002032884,0.016601562,0.854216456413269,231424,-0.0016754083,1342.4915894000003,1649.63,352,231424,113
5.23216,661.0088541507721,24.95264,0.003023408,0.031933594,0.884160041809082,233472,-0.0042584785,1359.2837091300005,1665.99,377,233472,114
5.23228,666.4375064373016,20.835182,0.0019424992,0.019091796,0.8603601157665253,235520,-0.0011099142,1375.3894367700004,1682.42,363,235520,115
5.2315507,672.0673749446869,20.550137,0.0022415528,0.021777343,0.8399102687835693,237568,-0.0042855646,1384.8090221500001,1693.22,381,237568,116
5.2413864,677.4411327838898,20.819473,0.005454025,0.07192383,0.868643045425415,239616,-0.0051515745,1384.9450578899998,1693.22,369,239616,117
5.2568226,682.9850978851318,7.530385,0.0020582583,0.02241211,0.9458452463150024,241664,-0.004080466,1374.07881464,1683.08,372,241664,118
5.2573705,688.4876801967621,19.821224,0.0048613353,0.057861328,0.8410067558288574,243712,-0.0030477666,1376.0939051899998,1683.08,345,243712,119
5.254918,694.4109787940979,20.078434,0.0036585466,0.04375,0.8207010179758072,245760,-0.001222645,1376.8886287299997,1683.08,346,245760,120
5.2576094,700.3204822540283,20.519611,0.00363524,0.039892577,0.8246999830007553,247808,-0.0047734375,1378.2800348,1683.08,370,247808,121
5.267054,705.8485941886902,20.001194,0.0029767728,0.026660156,0.8452692925930023,249856,-0.001928245,1380.1081413099998,1683.56,371,249856,122
5.273055,711.3646881580353,27.750122,0.002602951,0.023828125,0.87624941021204,251904,-0.002475237,1364.9873320899999,1666.47,348,251904,123
5.263466,717.2338538169861,19.886356,0.005597661,0.0725586,0.8591524660587311,253952,-0.0030243774,1379.3834713500003,1680.28,374,253952,124
5.278367,722.6993548870087,38.983288,0.0022385588,0.024267578,0.8158271908760071,256000,-0.0035559894,1354.1672288700001,1651.01,381,256000,125
5.3014555,728.0736746788025,19.755598,0.0020692912,0.020166015,0.8376788944005966,258048,-0.0010853014,1358.8607906700001,1651.01,324,258048,126
5.3221345,734.3924100399017,4.849473,0.0031773727,0.031982422,0.9654592089354992,260096,-0.0045183534,1343.6244977700003,1635.51,379,260096,127
5.323718,739.7868282794952,20.039303,0.0044160066,0.050634764,0.8707553744316101,262144,-0.0037818786,1361.1785834200002,1653.1,366,262144,128
5.324195,745.3814136981964,28.635534,0.002660283,0.029003907,0.8611793667078018,264192,-0.003194871,1360.6371522500003,1653.33,386,264192,129
5.3294625,750.6844160556793,19.982101,0.005298624,0.066503905,0.8643414676189423,266240,-0.0036702678,1360.6890357599998,1653.33,384,266240,130
5.3326344,756.0054109096527,19.713722,0.0033313292,0.03881836,0.8565871119499207,268288,-0.0027017395,1377.49351223,1670.87,420,268288,131
5.33519,760.8732373714447,19.819914,0.004913855,0.060546875,0.7985624521970749,270336,-0.0025803433,1377.0359261299998,1670.87,406,270336,132
5.3387203,765.914529800415,28.759983,0.0027089224,0.030517578,0.8563914895057678,272384,-0.00491041,1382.7040665900004,1675.68,442,272384,133
5.348217,770.5407841205597,19.77058,0.0029123784,0.03173828,0.860696479678154,274432,-0.0014251361,1396.6959824100004,1689.8,417,274432,134
5.347396,775.4459388256073,20.353634,0.0051573827,0.06591797,0.8565901517868042,276480,-0.0016692576,1413.3219439400002,1707.36,412,276480,135
5.354788,780.4123530387878,20.783627,0.0032569305,0.035302736,0.8799290135502815,278528,-0.0031392307,1412.97008643,1707.36,407,278528,136
5.3640776,785.4410746097565,5.891965,0.0012388382,0.009179687,0.9084299057722092,280576,-0.0013640125,1415.3812116200002,1711.33,447,280576,137
5.36076,790.0207834243774,19.54226,0.0042341813,0.049853515,0.8539179861545563,282624,-0.0040906565,1412.13871208,1711.33,409,282624,138
5.3628407,795.0219249725342,19.895357,0.0025388387,0.024804687,0.8596404641866684,284672,-0.002024721,1427.67923588,1727.56,408,284672,139
5.374571,800.0417191982269,35.24909,0.0022251152,0.022265624,0.798005610704422,286720,-0.0050354176,1413.2257536299999,1713.26,441,286720,140
5.3803673,804.6762881278992,11.768948,0.0028694621,0.0234375,0.9489514343440533,288768,-0.0030434425,1395.1278261399996,1696.06,400,288768,141
5.3846407,809.7930853366852,8.272493,0.0020898294,0.02055664,0.9605809710919857,290816,-0.0040740483,1378.4846085199997,1678.42,440,290816,142
5.3925576,814.4381744861603,21.750992,0.0029003846,0.032958984,0.6362584829330444,292864,-0.0025690692,1377.1284310299993,1678.42,433,292864,143
5.390962,819.162002325058,19.319794,0.0028078025,0.03017578,0.8744048476219177,294912,-0.0019571623,1373.7419487099999,1678.42,410,294912,144
5.3902807,824.1565344333649,27.321743,0.0015539029,0.014404297,0.8369249850511551,296960,-0.0015949176,1365.1105473300004,1671.46,458,296960,145
5.3887634,828.6202566623688,10.689587,0.00759408,0.08413086,0.8739189505577087,299008,-0.005725934,1359.9359496800002,1671.46,450,299008,146
5.401607,833.1657423973083,18.020584,0.004582247,0.053857423,0.8688516616821289,301056,-0.004550119,1362.7538387299999,1671.46,417,301056,147
5.4037795,838.0685458183289,20.004622,0.004645317,0.053759765,0.8380843847990036,303104,-0.0037675742,1375.5477719099997,1685.77,430,303104,148
5.3916354,842.8262839317322,19.576748,0.0054156817,0.07055664,0.8465624749660492,305152,-0.003613719,1378.62403652,1685.77,400,305152,149
5.386072,847.9343028068542,19.730986,0.0028147767,0.031542968,0.8523528724908829,307200,-0.0017874312,1378.4986737199997,1685.77,422,307200,150
5.390948,852.7800188064575,19.14393,0.002734681,0.029345702,0.8575240820646286,309248,-0.0021964286,1380.07153073,1685.77,409,309248,151
5.3937583,857.7790851593018,18.276695,0.0022283983,0.024267578,0.9056043326854706,311296,-0.0036231983,1363.7509040200002,1668.68,427,311296,152
5.4049015,862.5658419132233,20.904095,0.0013628739,0.012451172,0.8214393109083176,313344,-0.0016109475,1365.55748953,1668.68,427,313344,153
5.410119,867.3533706665039,19.053476,0.002696917,0.028173828,0.8313793241977692,315392,-0.0012769749,1367.3206639900004,1668.68,416,315392,154
5.4121904,872.26735496521,18.912342,0.0046536,0.05996094,0.8346542119979858,317440,-0.0023312706,1366.76206553,1668.68,407,317440,155
5.4053717,877.2991673946381,19.446156,0.004484023,0.05292969,0.8359047472476959,319488,-0.0028397224,1382.01101376,1684.27,417,319488,156
5.4177437,882.2021789550781,6.366647,0.003596666,0.037597656,0.9564821384847164,321536,-0.004763511,1370.3904980799998,1670.11,410,321536,157
5.4232874,887.1875257492065,19.603657,0.004862509,0.058740236,0.870569258928299,323584,-0.0028840397,1370.7254514499998,1670.11,405,323584,158
5.4126554,892.2381415367126,54.334614,0.0017368778,0.016259765,0.558870255947113,325632,-0.0033579923,1359.5284339700002,1662.24,466,325632,159
5.415008,896.6271774768829,5.823601,0.00451272,0.046289064,0.9659167490899563,327680,-0.010391974,1354.0995845200002,1657.2,427,327680,160
5.424949,901.4226312637329,24.268623,0.0031555493,0.040771484,0.8751933351159096,329728,-0.0032547046,1350.3723681000001,1652.23,451,329728,161
5.422471,905.9623017311096,3.8652654,0.003310914,0.034814455,0.9786821100860834,331776,-0.0014635778,1351.6873873900001,1654.73,419,331776,162
5.421198,910.8481638431549,19.758068,0.003158935,0.035449218,0.8267177790403366,333824,-0.0011963567,1365.8789799699998,1668.67,407,333824,163
5.409684,915.8694522380829,19.803701,0.0038859346,0.04296875,0.7903800010681152,335872,-0.0017038208,1366.20063266,1668.67,414,335872,164
5.4013186,920.8166129589081,19.936575,0.004065094,0.045800783,0.8542797863483429,337920,-0.002997125,1367.7423784700002,1668.67,423,337920,165
5.405338,925.6575829982758,19.817656,0.0016276356,0.014013672,0.8524776846170425,339968,-0.001306694,1381.2486727199998,1681.89,399,339968,166
5.4177523,930.7818319797516,19.60908,0.0044013024,0.06035156,0.8485714644193649,342016,-0.0027217583,1381.57816489,1681.89,422,342016,167
5.424743,935.63325715065,19.817087,0.007153244,0.08408203,0.8251020461320877,344064,-0.0062996065,1382.1732669399996,1681.89,432,344064,168
5.429461,940.3696253299713,27.42161,0.0021089574,0.02060547,0.8336303532123566,346112,-0.0035306811,1354.7937583100002,1653.71,469,346112,169
5.431027,944.736654996872,19.695534,0.0040339143,0.04575195,0.8769323527812958,348160,-0.002695205,1359.0442482199996,1653.71,409,348160,170
5.4309554,949.7444272041321,20.9651,0.0026760858,0.024609376,0.8744464814662933,350208,-0.0013398674,1355.5814387899998,1653.71,431,350208,171
5.4261217,954.4941771030426,19.688095,0.00546208,0.069726564,0.8087740689516068,352256,-0.0024604604,1368.03422839,1664.29,410,352256,172
5.4301314,959.4843208789825,19.717985,0.004907129,0.055566408,0.8922926262021065,354304,-0.001886419,1368.3879495800002,1664.29,418,354304,173
5.452847,964.3732073307037,6.121357,0.0051068077,0.049365234,0.9666921459138393,356352,-0.0044842786,1354.79685479,1652.38,427,356352,174
5.468608,969.1609575748444,32.294857,0.0030308806,0.034375,0.8785202354192734,358400,-0.0041977004,1327.50608181,1620.16,453,358400,175
5.474028,973.6815087795258,19.728474,0.0074189403,0.101904295,0.8582216203212738,360448,-0.006095794,1328.6405509200004,1620.16,412,360448,176
5.4726925,978.6488516330719,27.618505,0.002773048,0.024414062,0.8773749098181725,362496,-0.0043568816,1328.0593813300002,1619.29,436,362496,177
5.457886,983.3455708026886,19.727543,0.0039195623,0.036572266,0.8620900511741638,364544,-0.0031865567,1329.1057516800001,1619.29,413,364544,178
5.4531074,988.3013963699341,5.2912226,0.00287089,0.024804687,0.968153540045023,366592,-0.006314142,1314.33397595,1603.78,419,366592,179
5.461402,993.1849446296692,19.911331,0.005021964,0.058544923,0.8288660496473312,368640,-0.0024755148,1312.97613736,1603.78,426,368640,180
5.4596925,997.9827482700348,20.498775,0.003926165,0.04375,0.8659325838088989,370688,-0.0014396701,1323.4075917,1612.06,436,370688,181
5.459201,1002.6778993606567,20.195164,0.0043282523,0.051611327,0.8710601925849915,372736,-0.0057098377,1322.38645507,1612.06,422,372736,182
5.4534397,1007.5281596183777,28.081375,0.0049054003,0.059277344,0.878985770046711,374784,-0.0049451655,1306.09857705,1595.43,418,374784,183
5.4403067,1012.4231612682343,20.764515,0.0022107663,0.018945312,0.8636400103569031,376832,-0.001836366,1306.1250682999998,1595.43,406,376832,184
5.419527,1017.4630403518677,20.315346,0.005306258,0.05605469,0.8390995115041733,378880,-0.0049361847,1306.02327978,1595.43,402,378880,185
5.3968806,1022.5541973114014,20.024206,0.002810262,0.027734375,0.862614706158638,380928,-0.00029477783,1307.0187059099999,1595.43,412,380928,186
5.3884716,1027.5168302059174,20.533607,0.0046335217,0.050488282,0.8877164646983147,382976,-0.002855701,1311.6914424699999,1595.43,401,382976,187
5.379846,1032.6241328716278,30.25386,0.004499686,0.0519043,0.8646303862333298,385024,-0.0061748894,1293.0695696399998,1578.96,421,385024,188
5.3803797,1037.4785916805267,20.318514,0.0019676958,0.01640625,0.8537902235984802,387072,-0.0017351214,1296.65576189,1578.96,416,387072,189
5.393012,1042.3930456638336,26.492716,0.0024236361,0.025146484,0.8793248608708382,389120,-0.0022620047,1285.54515492,1568.78,433,389120,190
5.3953586,1047.120278120041,8.706271,0.0034710292,0.035253905,0.9586963094770908,391168,-0.0033115852,1287.20339467,1572.13,428,391168,191
5.3888063,1051.900006532669,28.589056,0.0025959907,0.026123047,0.8436158448457718,393216,-0.0037580356,1276.98003561,1561.31,444,393216,192
5.385131,1056.512443304062,12.684165,0.003987091,0.050341796,0.6660521924495697,395264,-0.0046704235,1272.1349625,1561.31,447,395264,193
5.3958683,1061.089228630066,19.931417,0.0027160211,0.02866211,0.8509943336248398,397312,-0.0019348562,1284.25443396,1571.45,425,397312,194
5.405409,1065.9071905612946,19.742544,0.0032582115,0.03701172,0.8625359535217285,399360,-0.0016380543,1286.49988731,1571.45,414,399360,195
5.4161167,1070.854002714157,19.909195,0.0042583793,0.048046876,0.884861633181572,401408,-0.0026358836,1286.0703098699998,1571.45,413,401408,196
5.420666,1075.8123455047607,6.2518106,0.0019424654,0.018066406,0.9613927118480206,403456,-0.0012741556,1273.29057169,1561.56,460,403456,197
5.4235845,1080.2600266933441,20.00295,0.0061335154,0.08178711,0.8394770920276642,405504,-0.0025733178,1273.63530229,1561.56,422,405504,198
5.426793,1085.1028106212616,20.393646,0.0031587617,0.036376953,0.8521710783243179,407552,-0.0031436172,1274.03803116,1561.56,439,407552,199
5.4346166,1089.763700723648,26.557337,0.0037003544,0.043115236,0.8609277755022049,409600,-0.0037351977,1274.8856023100002,1563.18,425,409600,200
5.4400263,1094.5782873630524,19.883236,0.002814549,0.024169922,0.8399555087089539,411648,-0.0019253672,1273.04434112,1563.18,422,411648,201
5.434086,1099.4271867275238,19.515936,0.0015887903,0.012890625,0.8646703362464905,413696,-0.0028368034,1284.67457276,1575.09,422,413696,202
5.439124,1104.2744498252869,13.781192,0.001979854,0.017236328,0.91429802775383,415744,-0.0023809967,1279.17798619,1573.75,457,415744,203
5.43839,1108.747943162918,18.042704,0.00528412,0.06640625,0.8413757383823395,417792,-0.0049136924,1294.68026753,1589.25,405,417792,204
5.4534,1113.8006670475006,19.156685,0.0030079577,0.032226562,0.8646383434534073,419840,-0.0019439745,1293.92540251,1589.25,419,419840,205
5.471311,1118.6800525188446,20.094852,0.0020021573,0.021044921,0.8817024976015091,421888,-0.002698004,1294.53108561,1589.25,419,421888,206
5.4841013,1123.5591518878937,20.61301,0.0037475284,0.045654297,0.8528703153133392,423936,-0.003693909,1310.18387515,1606.61,423,423936,207
5.4925575,1128.395806312561,19.86692,0.004515924,0.054833986,0.8798142150044441,425984,-0.0011215204,1310.55870581,1606.61,419,425984,208
5.4944487,1133.2771184444427,20.05237,0.0034317505,0.038476564,0.8460680842399597,428032,-0.0010416247,1310.32004291,1606.61,417,428032,209
5.480315,1138.1833717823029,20.22854,0.004310659,0.045458984,0.8658067882061005,430080,-0.0049466942,1310.41948667,1606.61,411,430080,210
5.464122,1143.159747838974,20.102705,0.0032900113,0.03286133,0.8442303836345673,432128,-0.0024904418,1308.8950236599999,1606.61,418,432128,211
5.465247,1148.0510618686676,19.841486,0.0023426553,0.027050782,0.8410859704017639,434176,-0.0011138188,1322.4707414799998,1618.67,429,434176,212
5.477009,1152.8252766132355,31.106167,0.0029636235,0.03330078,0.8933953121304512,436224,-0.0021983166,1289.94807839,1583.54,438,436224,213
5.484767,1157.501208782196,19.980124,0.0031749695,0.038134765,0.8738769739866257,438272,-0.0014590509,1300.40127764,1592.44,411,438272,214
5.475919,1162.4748673439026,20.002304,0.0038821225,0.04018555,0.8499474674463272,440320,-0.0007363154,1304.37018224,1592.44,420,440320,215
5.4767365,1167.3498256206512,29.019123,0.0033455468,0.035986327,0.8983131796121597,442368,-0.0043434887,1271.0219047799999,1556.12,443,442368,216
5.4937096,1171.971699476242,20.274448,0.0028394868,0.027001953,0.8609216809272766,444416,-0.0018363813,1285.59531352,1569.34,405,444416,217
5.4952564,1177.0215165615082,20.515858,0.006049737,0.08325195,0.8355205804109573,446464,-0.0045680124,1287.10332656,1569.5,414,446464,218
5.5060606,1181.9617774486542,20.4366,0.005572945,0.070898436,0.8056271225214005,448512,-0.0038395536,1303.4095034000002,1586.54,423,448512,219
5.5108843,1186.803156375885,20.804255,0.002052817,0.021582032,0.8343861550092697,450560,-0.0007951582,1320.98049092,1604.18,445,450560,220
5.5173483,1191.404061794281,18.89804,0.0037360634,0.03696289,0.7578627616167068,452608,-0.0026823687,1306.35124135,1588.89,440,452608,221
5.5236163,1196.0588417053223,24.575481,0.005189641,0.062060546,0.9009764641523361,454656,-0.011644239,1299.36509692,1581.21,439,454656,222
5.540899,1200.7151350975037,25.300713,0.00288587,0.030859375,0.8620628267526627,456704,-0.005348188,1243.2334550300004,1516.25,468,456704,223
5.554543,1205.0864038467407,19.992573,0.002994406,0.0340332,0.8706094175577164,458752,-0.0007975178,1243.593327,1516.25,421,458752,224
5.5596685,1209.9412229061127,20.008709,0.0023331193,0.020214844,0.8753571212291718,460800,-0.0013584129,1243.7573436700002,1516.25,433,460800,225
5.560952,1214.6726846694946,20.162556,0.002575376,0.024267578,0.8530211597681046,462848,-0.0017694611,1243.83190422,1516.25,412,462848,226
5.560307,1219.638305902481,23.885633,0.0020118428,0.018408203,0.888809472322464,464896,-0.0028750128,1246.75586249,1516.87,430,464896,227
5.573773,1224.3913781642914,7.6678734,0.0015377135,0.012597656,0.9554203413426876,466944,-0.0024376137,1218.7794395800001,1489.91,452,466944,228
5.56693,1228.9175720214844,20.948597,0.0034217078,0.035205077,0.8627055585384369,468992,-0.0029564959,1218.61931663,1489.91,435,468992,229
5.566593,1233.6214802265167,20.606369,0.0028746189,0.032177735,0.8522463142871857,471040,-0.0038384045,1233.42497594,1507.51,433,471040,230
5.5793195,1238.3512847423553,4.3260293,0.0023512554,0.022021484,0.9784280639141798,473088,-0.0018626197,1221.2837290999998,1496.66,434,473088,231
5.574361,1243.06622838974,23.033741,0.0033225329,0.04086914,0.9058778434991837,475136,-0.0030553504,1222.54142828,1498.82,424,475136,232
5.566856,1247.8933436870575,20.307232,0.0065962,0.08686523,0.8407936096191406,477184,-0.004557955,1237.61633061,1513.88,403,477184,233
5.5555534,1252.9728767871857,35.836254,0.0032504376,0.03955078,0.8782699182629585,479232,-0.005553189,1232.05989704,1505.87,458,479232,234
5.544308,1257.4423427581787,5.9619536,0.0029797717,0.029248048,0.9716111812740564,481280,-0.004410539,1232.47840901,1506.65,430,481280,235
5.545097,1262.204218864441,20.270996,0.004357474,0.051953126,0.8626320660114288,483328,-0.0024634455,1241.4901719199997,1515.5,404,483328,236
5.5491185,1267.2649762630463,20.246521,0.003768616,0.045800783,0.860663652420044,485376,-0.0019424658,1241.82538835,1515.5,427,485376,237
5.5435634,1272.0548136234283,33.937393,0.001386885,0.012060547,0.7766727954149246,487424,-0.0023459173,1177.60614285,1451.49,457,487424,238
5.545491,1276.5272152423859,11.018515,0.0019776342,0.020996094,0.8992124646902084,489472,-0.0026727752,1162.2493572899998,1436.24,469,489472,239
5.5418935,1280.8915784358978,12.101231,0.0027307025,0.024951171,0.9455770552158356,491520,-0.004014625,1134.9224201700001,1405.68,456,491520,240
5.5368204,1285.3773312568665,19.664389,0.0033603874,0.032666016,0.8023523688316345,493568,-0.0033349704,1134.91832094,1405.68,405,493568,241
5.537311,1290.4329061508179,20.898312,0.0032796145,0.034375,0.7989660203456879,495616,-0.0026295516,1134.6533981900002,1405.68,431,495616,242
5.5362215,1295.1745178699493,13.366361,0.002198663,0.020117188,0.7526342868804932,497664,-0.001451548,1143.42791639,1417.59,471,497664,243
5.5440006,1299.5164301395416,13.38904,0.002084126,0.022265624,0.9181162044405937,499712,-0.004146211,1139.2443510500002,1417.59,431,499712,244
5.5568233,1304.2580325603485,19.865843,0.005252647,0.0671875,0.8365631997585297,501760,-0.0035762084,1154.31139145,1432.08,422,501760,245
5.5622253,1309.1086704730988,20.560196,0.003146051,0.03540039,0.8285343050956726,503808,-0.003103535,1171.38735366,1449.81,442,503808,246
5.5773764,1313.7339706420898,14.968485,0.0038035158,0.04067383,0.8931423351168633,505856,-0.0033680897,1166.1226335,1449.81,434,505856,247
5.590228,1318.444360256195,19.73602,0.004337321,0.05180664,0.8682261556386948,507904,-0.002244704,1166.37801493,1449.81,430,507904,248
5.5853543,1323.1985516548157,10.468577,0.00377055,0.046582032,0.6224900484085083,509952,-0.0062147463,1176.24558576,1464.94,441,509952,249
5.5851717,1327.8381822109222,21.912397,0.002248259,0.023242187,0.7852264046669006,512000,-0.002899166,1172.08567033,1464.94,445,512000,250
5.5941715,1332.435831785202,12.844037,0.0037388243,0.04511719,0.8887861743569374,514048,-0.006226952,1182.36038574,1480.45,447,514048,251
5.601271,1337.0157256126404,26.570057,0.002784422,0.030273438,0.8890590220689774,516096,-0.0013787004,1164.18080282,1461.96,437,516096,252
5.607993,1341.7012059688568,24.500172,0.003296916,0.02836914,0.881866991519928,518144,-0.0040238793,1145.46092911,1442.2,468,518144,253
5.606258,1346.0705790519714,11.405046,0.0039513214,0.04848633,0.7462896108627319,520192,-0.0039562117,1156.3144588,1458.83,492,520192,254
5.6029844,1350.2321894168854,21.125675,0.0037801857,0.043017577,0.8409445434808731,522240,-0.0047123968,1152.78230515,1458.83,494,522240,255
5.6100473,1354.3750069141388,24.45272,0.004020016,0.050146483,0.8888411894440651,524288,-0.0048047015,1133.4917521599998,1438.93,493,524288,256
5.6285233,1358.5271711349487,19.567434,0.0043681236,0.054296874,0.875174805521965,526336,-0.0022857408,1131.87803403,1438.93,455,526336,257
5.6291347,1363.0229194164276,22.66316,0.0020816927,0.017919922,0.9014013633131981,528384,-0.0025756287,1131.7940891900002,1437.64,473,528384,258
5.626983,1367.352816581726,22.991528,0.0028401283,0.029199218,0.8886957094073296,530432,-0.0037386394,1114.37794993,1417.85,464,530432,259
5.622817,1371.7619292736053,13.127686,0.0033377404,0.030517578,0.9510880298912525,532480,-0.0031362413,1110.58596318,1411.45,487,532480,260
5.620677,1375.9653601646423,21.099606,0.0028237798,0.029394532,0.8623533993959427,534528,-0.002750355,1111.35999474,1411.45,492,534528,261
5.6191907,1380.1238114833832,29.791775,0.0017936996,0.0146484375,0.8744378685951233,536576,-0.0029138883,1095.5561043199998,1391.87,499,536576,262
5.6127048,1384.222130537033,8.295706,0.004554512,0.039648436,0.9723899457603693,538624,-0.0046147173,1063.59627437,1359.08,499,538624,263
5.6074815,1388.3228442668915,37.53635,0.0015984277,0.014941406,0.8682043999433517,540672,-0.0024501355,1008.6840420000001,1297.79,501,540672,264
5.6142035,1392.4110388755798,20.38409,0.0052795964,0.06738281,0.8578917980194092,542720,-0.0047377106,1009.1865482600001,1297.79,465,542720,265
5.620615,1396.8151795864105,19.958887,0.0052893194,0.068603516,0.8833228051662445,544768,-0.001464681,1016.1144154500001,1301.57,485,544768,266
5.629655,1401.0328493118286,11.798459,0.001117026,0.009423828,0.9489488787949085,546816,-0.0016202988,999.8456046900001,1285.24,518,546816,267
5.648075,1404.9851703643799,19.90693,0.0035424759,0.04042969,0.8758510872721672,548864,-0.0015822642,999.2044462300001,1285.24,456,548864,268
5.664064,1409.4672152996063,33.67491,0.0019539236,0.020263672,0.9018986523151398,550912,-0.004300904,951.4257281400002,1234.41,502,550912,269
5.6654615,1413.546409368515,19.770437,0.0038818817,0.046142578,0.8980047255754471,552960,-0.0033995572,950.4454236700002,1234.41,485,552960,270
5.6547165,1417.761171579361,15.839322,0.0015295104,0.014257813,0.8693870455026627,555008,-0.002150872,925.9993564,1212.29,533,555008,271
5.6531253,1421.5981616973877,16.305822,0.001651573,0.016113281,0.8601005226373672,557056,-0.0020033622,922.92185541,1211.77,511,557056,272
5.647841,1425.601217508316,8.125394,0.0026811908,0.027441407,0.957702498883009,559104,-0.003251185,925.3344269499999,1215.44,500,559104,273
5.6396136,1429.6919884681702,13.368283,0.0026465638,0.028808594,0.9134887754917145,561152,-0.0029305285,926.46052864,1215.44,485,561152,274
5.6356506,1433.908884525299,19.55984,0.0042408407,0.047460936,0.8442693948745728,563200,-0.004508528,926.0200547899999,1215.44,489,563200,275
5.622527,1438.0969941616058,17.791803,0.005464896,0.06328125,0.8624298870563507,565248,-0.0032355855,942.1884870299999,1233.12,483,565248,276
5.619312,1442.3343498706818,26.395157,0.0033939749,0.03852539,0.8968529924750328,567296,-0.0036992368,959.2426218,1251.27,491,567296,277
5.618232,1446.504982471466,19.303654,0.00215574,0.019824218,0.867127075791359,569344,-0.002483399,958.69417544,1251.27,486,569344,278
5.6343403,1450.715683221817,19.662254,0.008739706,0.12041016,0.830645889043808,571392,-0.0061420235,958.2663059599998,1251.27,470,571392,279
5.6548667,1455.0691227912903,20.185747,0.0049678795,0.055566408,0.8482331037521362,573440,-0.0052056047,958.7637921099999,1251.27,476,573440,280
5.6468625,1459.3634009361267,26.85557,0.0022614896,0.023486327,0.8862661942839622,575488,-0.0020388346,948.4954186600002,1236.15,474,575488,281
5.6358685,1463.6783609390259,20.191416,0.0033589278,0.037353516,0.8676790744066238,577536,-0.0034512784,963.69520136,1251.44,474,577536,282
5.6448793,1467.994476556778,19.807692,0.0053329943,0.066503905,0.862285241484642,579584,-0.0029827713,964.0650608600001,1251.44,492,579584,283
5.6508,1472.1550228595734,13.288668,0.0026146115,0.026513672,0.9444676153361797,581632,-0.003930074,961.4088133099999,1247.35,500,581632,284
5.650808,1476.2494013309479,20.695078,0.004315856,0.054101564,0.8697895854711533,583680,-0.005874402,977.61577762,1265.14,492,583680,285
5.6539946,1480.4063766002655,26.064718,0.0029525487,0.028955078,0.8906030878424644,585728,-0.0044594947,993.5816957400001,1284.1,485,585728,286
5.646006,1484.6269552707672,21.323654,0.002348155,0.025927734,0.8880177363753319,587776,-0.0020200748,993.1900836400001,1284.1,509,587776,287
5.633672,1488.6465482711792,11.152363,0.002697972,0.027539063,0.9132352396845818,589824,-0.0024737057,988.2728755900002,1282.42,497,589824,288
5.627971,1492.7656025886536,20.455738,0.002057943,0.016259765,0.8375441879034042,591872,-0.0014765715,988.24537511,1282.42,484,591872,289
5.634188,1496.9953010082245,31.347815,0.0023260706,0.023388673,0.885021835565567,593920,-0.003076239,988.8610474400001,1284.38,515,593920,290
5.636004,1500.9723658561707,20.280548,0.0038070704,0.039453126,0.810879573225975,595968,-0.00558117,1002.37647445,1296.71,469,595968,291
5.6274424,1505.338481426239,14.8228855,0.0022399891,0.02475586,0.8705176711082458,598016,-0.005061601,974.75842608,1268.46,535,598016,292
5.6385827,1509.1623010635376,29.410496,0.006211487,0.06982422,0.9069148302078247,600064,-0.0031505246,969.00106403,1261.42,493,600064,293
5.667523,1513.3149690628052,19.165195,0.0021324106,0.020166015,0.8836263120174408,602112,-0.0016661922,968.1777274499999,1261.42,492,602112,294
5.680583,1517.47354221344,5.4356503,0.0017521738,0.016503906,0.9729149956256151,604160,-0.002199686,952.8137331700001,1246.53,506,604160,295
5.684943,1521.519071340561,20.792713,0.003810906,0.044873048,0.8792870044708252,606208,-0.0038283102,969.6538961999998,1263.96,494,606208,296
5.685899,1525.6594965457916,26.383732,0.0041875667,0.04926758,0.8958628624677658,608256,-0.007084695,986.3096380600001,1282.92,491,608256,297
5.6733084,1529.8250222206116,21.858356,0.0025432846,0.022509765,0.875498816370964,610304,-0.002582409,1001.89433493,1299.36,501,610304,298
5.6683617,1533.906587600708,20.74491,0.004640314,0.060253907,0.8668969571590424,612352,-0.0037611853,1001.34981749,1299.36,490,612352,299
5.65522,1538.0806789398193,21.224463,0.0028087706,0.026855469,0.8604459464550018,614400,-0.00269609,1000.8626307400002,1299.36,475,614400,300
5.630156,1542.3920409679413,20.261486,0.0034754474,0.037988283,0.8384371101856232,616448,-0.0013931857,1000.78768834,1299.36,452,616448,301
5.624549,1546.9221930503845,22.26749,0.0018374603,0.015380859,0.8729959428310394,618496,-0.0017313275,1017.17233724,1315.78,491,618496,302
5.6247306,1551.0921051502228,28.074337,0.002328167,0.025732422,0.8826031610369682,620544,-0.0023384928,1033.67392163,1334.94,501,620544,303
5.6230087,1555.172354221344,21.436777,0.0030100592,0.03330078,0.8586823642253876,622592,-0.004104442,1048.6751065500002,1352.09,495,622592,304
5.6052103,1559.3088736534119,20.033772,0.004080158,0.044873048,0.8534806221723557,624640,-0.002646034,1063.7753524000002,1366.78,481,624640,305
5.5973234,1563.5639646053314,4.588664,0.0032743677,0.03652344,0.9790363349020481,626688,-0.004325228,1064.2874307900001,1367.95,509,626688,306
5.602873,1567.5832567214966,20.207897,0.004482553,0.054589845,0.8561911582946777,628736,-0.0030513506,1078.0192811299999,1381.5,462,628736,307
5.59801,1572.0096769332886,19.890324,0.004125196,0.046142578,0.8398917466402054,630784,-0.003347347,1091.93707864,1394.25,469,630784,308
5.6004653,1576.3722202777863,28.310226,0.0025820597,0.025146484,0.8626381605863571,632832,-0.0030274473,1093.47969696,1396.37,515,632832,309
5.6213408,1580.3464651107788,29.62711,0.004445332,0.04345703,0.9096286594867706,634880,-0.0054279687,1070.2600104399999,1365.02,483,634880,310
5.617837,1584.5812842845917,20.022736,0.0017029854,0.013134765,0.8470444828271866,636928,-0.00051849976,1070.43491021,1365.02,471,636928,311
5.615339,1588.921199798584,16.545904,0.0024341317,0.027880859,0.8769407495856285,638976,-0.0032294267,1067.15771945,1365.02,505,638976,312
5.620172,1592.970418214798,14.367269,0.002227926,0.020751953,0.9257587045431137,641024,-0.0029307646,1056.7516091300001,1349.48,487,641024,313
5.622445,1597.1748349666595,21.140491,0.0035336283,0.040283203,0.7948907166719437,643072,-0.0027251642,1056.6490799800001,1349.48,500,643072,314
5.629059,1601.2643003463745,10.288067,0.0019652701,0.020410156,0.9297434017062187,645120,-0.0035253658,1057.07099099,1349.48,497,645120,315
5.643969,1605.3801054954529,19.799799,0.0056115226,0.06743164,0.8633095920085907,647168,-0.0041023665,1060.987211,1349.48,483,647168,316
5.648702,1609.6191391944885,19.745512,0.004029628,0.049902342,0.8722675293684006,649216,-0.0022006,1066.27919492,1349.48,487,649216,317
5.647223,1613.819005727768,20.756468,0.0022899476,0.019482423,0.8772942274808884,651264,-0.0021862308,1067.49886951,1349.48,472,651264,318
5.649617,1618.149406671524,20.61768,0.0023769154,0.026464844,0.8705311715602875,653312,-0.0022660038,1083.51437738,1367.97,486,653312,319
5.6473784,1622.358606338501,26.71701,0.0009879975,0.00834961,0.8331976979970932,655360,-0.000738132,1092.8631534,1380.95,503,655360,320
5.6421137,1626.4238991737366,19.532719,0.0044616116,0.056152344,0.8334383517503738,657408,-0.0034312825,1097.43890219,1380.95,465,657408,321
5.643653,1630.8206248283386,10.323778,0.0041872757,0.04868164,0.6593230962753296,659456,-0.002945328,1095.49065955,1380.95,525,659456,322
5.651004,1634.7170896530151,11.208799,0.0022557944,0.022802735,0.7768469005823135,661504,-0.0031191616,1092.86107719,1380.95,546,661504,323
5.6506734,1638.4641404151917,19.354185,0.00278628,0.029101562,0.8803054913878441,663552,-0.0021191223,1110.10954025,1400.85,501,663552,324
5.6535797,1642.5505311489105,19.958075,0.0025054307,0.025634766,0.8527056723833084,665600,-0.0019482679,1108.76064887,1400.85,531,665600,325
5.6464276,1646.4076912403107,20.192835,0.0029037627,0.02734375,0.8628968000411987,667648,-0.002370122,1109.30086182,1400.85,481,667648,326
5.6399956,1650.6600422859192,20.366192,0.0028045,0.029248048,0.8424271643161774,669696,-0.0033680734,1123.55875475,1418.61,525,669696,327
5.645546,1654.5581738948822,5.8199663,0.0031622823,0.025341798,0.9597019329667091,671744,-0.005295313,1106.5289627099999,1400.92,493,671744,328
5.6532226,1658.710934638977,20.332254,0.0033885047,0.036865234,0.8360062837600708,673792,-0.0018412663,1124.80159535,1420.71,494,673792,329
5.646932,1662.8503804206848,20.120747,0.0026466723,0.024023438,0.8465331643819809,675840,-0.0016286714,1137.79952823,1432.15,482,675840,330
5.6400805,1667.098475933075,20.444227,0.0041210344,0.048095703,0.8454308658838272,677888,-0.0045211487,1154.99187372,1449.64,530,677888,331
5.648991,1670.9577107429504,25.34781,0.0029070587,0.031347655,0.8704408556222916,679936,-0.0038901332,1141.67722728,1438.31,511,679936,332
5.653945,1674.9614827632904,20.316639,0.0033837494,0.03564453,0.8791795521974564,681984,-0.0015638338,1157.4409077999999,1454.12,504,681984,333
5.6642885,1679.0219383239746,20.029835,0.003090041,0.034863282,0.8800647035241127,684032,-0.002351474,1171.80585088,1468.71,505,684032,334
5.676259,1683.07493019104,9.501196,0.0020221514,0.019628907,0.9319678843021393,686080,-0.0035488259,1180.9951699500002,1482.77,521,686080,335
5.6677876,1687.0056927204132,19.653654,0.0040247333,0.048535157,0.8674837499856949,688128,-0.0052741785,1198.2441215600002,1501.5,506,688128,336
5.6638246,1691.0526490211487,26.332302,0.0031115632,0.034179688,0.8889915123581886,690176,-0.0035375655,1190.2215306,1494.49,547,690176,337
5.664214,1694.7928440570831,19.95196,0.005953453,0.07832031,0.8520287424325943,692224,-0.0040927827,1204.74326079,1509.39,487,692224,338
5.663942,1698.9904687404633,20.45974,0.0012432369,0.0076171877,0.8521754890680313,694272,-0.0009034425,1222.21406631,1527.11,495,694272,339
5.6645603,1703.1246469020844,26.440952,0.005140557,0.064404294,0.8922812789678574,696320,-0.0043368586,1222.14505945,1527.14,493,696320,340
5.679368,1707.2783403396606,20.35294,0.0017411342,0.015332031,0.86090187728405,698368,-0.0020191185,1222.64909255,1527.14,489,698368,341
5.7008824,1711.46546459198,19.909992,0.0030955027,0.03564453,0.8537708073854446,700416,-0.001929969,1236.8653919199999,1540.59,495,700416,342
5.7061453,1715.6028609275818,27.486115,0.002060993,0.019091796,0.8902471512556076,702464,-0.0024476503,1237.95092839,1540.92,519,702464,343
5.7024603,1719.5449335575104,26.665554,0.0017004788,0.01821289,0.6707042157649994,704512,-0.003039935,1232.75599215,1540.11,575,704512,344
5.701232,1723.1034076213837,19.734827,0.0035619535,0.044042967,0.8653984665870667,706560,-0.0041668317,1248.5665629300001,1557.79,512,706560,345
5.6995754,1727.1015484333038,19.014648,0.0010871142,0.007421875,0.8304713368415833,708608,-0.0022428334,1239.82219031,1549.9,563,708608,346
5.697829,1730.739398241043,11.240597,0.003541806,0.041308593,0.6514412462711334,710656,-0.002444586,1242.5386530299998,1554.69,533,710656,347
5.6975217,1734.5811002254486,20.309505,0.0032924823,0.03691406,0.8776580393314362,712704,-0.0018809391,1255.6112093999998,1569.0,502,712704,348
5.6931915,1738.6548247337341,20.303381,0.004330289,0.050976563,0.8630162626504898,714752,-0.0040793684,1260.25726799,1572.83,496,714752,349
5.69444,1742.7823543548584,3.3693357,0.0029152024,0.02866211,0.9812544696033001,716800,-0.005762838,1260.1081447200002,1572.48,499,716800,350
5.6969957,1746.8814635276794,20.114243,0.00290613,0.03330078,0.8315531760454178,718848,-0.0046447553,1258.9595217,1572.48,524,718848,351
5.702998,1750.7843317985535,9.706199,0.0046293614,0.038720705,0.9313717409968376,720896,-0.0032813754,1256.03433517,1572.48,490,720896,352
5.7093062,1754.9622423648834,31.657944,0.0025573284,0.02841797,0.7558696269989014,722944,-0.002274137,1247.75549726,1565.56,545,722944,353
5.7104235,1758.713646888733,13.035187,0.0029156301,0.029296875,0.6518343985080719,724992,-0.0003276695,1242.39372032,1565.56,545,724992,354
5.7084427,1762.469583272934,14.9125595,0.0028620756,0.029101562,0.9335001856088638,727040,-0.0032379534,1222.24200215,1545.84,504,727040,355
5.7022243,1766.5269372463226,19.520267,0.0036533028,0.038427733,0.8808216601610184,729088,-0.0022760637,1221.15356695,1545.84,498,729088,356
5.6975346,1770.6344060897827,4.3600197,0.007267908,0.05288086,0.9763357844203711,731136,-0.0055772634,1221.46181037,1546.53,505,731136,357
5.7049766,1774.6879143714905,20.481138,0.0023126905,0.025927734,0.8721457719802856,733184,-0.0020037135,1222.1227048899998,1546.53,510,733184,358
5.700988,1778.6980895996094,19.813305,0.0051086517,0.062109374,0.8636568486690521,735232,-0.004949498,1220.9411484,1546.53,517,735232,359
5.7097363,1782.6592636108398,28.450378,0.0016081159,0.016357422,0.863635241985321,737280,-0.002737463,1230.46063438,1560.23,516,737280,360
5.7006536,1786.627943277359,20.18113,0.0049278736,0.059033204,0.8892726600170135,739328,-0.0041806237,1231.06679888,1560.23,497,739328,361
5.6999645,1790.748655796051,20.095589,0.0033413195,0.034082033,0.8436709046363831,741376,-0.0027968239,1231.4447660199999,1560.23,498,741376,362
5.6776896,1794.8602170944214,20.337576,0.0026191394,0.024023438,0.8330761641263962,743424,-0.002007923,1247.13241475,1576.69,490,743424,363
5.654983,1799.0373878479004,20.170536,0.0050007175,0.06635742,0.8671866804361343,745472,-0.0034789,1247.6332381299999,1576.69,498,745472,364
5.657847,1803.1457703113556,20.44848,0.0014221328,0.013232422,0.8727867603302002,747520,-0.0006166597,1252.8526320699998,1578.37,512,747520,365
5.6567245,1807.138608455658,18.508255,0.0035185416,0.03779297,0.6856445074081421,749568,-0.0035238017,1233.3454756899998,1562.83,546,749568,366
5.656945,1810.8837604522705,20.69997,0.0022569154,0.021582032,0.8778815120458603,751616,-0.0021233927,1247.2121557099997,1577.75,510,751616,367
5.65656,1814.8941676616669,8.652487,0.003250645,0.031152343,0.9553173407912254,753664,-0.0042266827,1250.25731415,1582.19,511,753664,368
5.6552057,1818.9019157886505,20.117384,0.0032143511,0.034521483,0.8499839156866074,755712,-0.0021430645,1249.9448011499999,1582.19,489,755712,369
5.6506763,1823.0882775783539,25.130045,0.002717224,0.026904296,0.8968360051512718,757760,-0.0036736284,1264.2417995099997,1595.19,502,757760,370
5.6492424,1827.1606328487396,20.20391,0.0035957352,0.042333983,0.8676029294729233,759808,-0.0033566256,1265.44854063,1595.19,504,759808,371
5.6503534,1831.2217326164246,20.34771,0.0024693878,0.02080078,0.8128274381160736,761856,-0.0016445518,1280.65892992,1610.87,489,761856,372
5.64907,1835.4049594402313,20.695673,0.0038339265,0.044140626,0.859477236866951,763904,-0.0028751078,1298.34562635,1628.52,514,763904,373
5.658326,1839.3824107646942,27.453394,0.002265519,0.02421875,0.8430150747299194,765952,-0.003884574,1294.86425542,1628.11,541,765952,374
5.6673985,1843.1628348827362,19.437668,0.0031388116,0.03310547,0.863969475030899,768000,-0.0006120472,1295.0908392400002,1628.11,496,768000,375
5.6844645,1847.2915189266205,20.152966,0.0023357968,0.02319336,0.8595289885997772,770048,-0.00022783433,1295.7762638899999,1628.11,500,770048,376
5.686818,1851.3856415748596,20.138752,0.003734388,0.042089842,0.8579699248075485,772096,-0.004258037,1310.6302613399998,1643.05,497,772096,377
5.6821566,1855.5032482147217,27.809448,0.0038554575,0.043701172,0.8647920340299606,774144,-0.0036857307,1296.45105004,1625.4,500,774144,378
5.67601,1859.599140405655,19.36555,0.0046038358,0.048828125,0.8152191936969757,776192,-0.0039890734,1297.7797033799998,1625.4,487,776192,379
5.6753263,1863.8012907505035,5.3298383,0.002310106,0.024023438,0.9672816134989262,778240,-0.002822357,1283.5590139799997,1610.87,502,778240,380
5.672717,1867.8788719177246,19.934715,0.0013243215,0.00913086,0.8572503924369812,780288,-0.0015369989,1282.3265182999999,1610.87,497,780288,381
5.678859,1871.9946284294128,20.474226,0.006790525,0.09145508,0.8505192548036575,782336,-0.0029800767,1283.4301036499999,1610.87,490,782336,382
5.6802845,1876.1693861484528,19.78835,0.0023970702,0.023632813,0.8394948393106461,784384,-0.0031412684,1295.90906857,1622.15,491,784384,383
5.6825614,1880.338440656662,20.498829,0.0034437396,0.041259766,0.8896908238530159,786432,-0.0027991864,1297.43053496,1622.15,493,786432,384
5.690755,1884.4898965358734,26.164312,0.001693775,0.016992187,0.8063120990991592,788480,-0.001986476,1300.9520223000002,1628.9,532,788480,385
5.6821814,1888.3379740715027,19.980051,0.002946636,0.032666016,0.8243003189563751,790528,-0.0033171861,1301.5102575800001,1628.9,500,790528,386
5.6756196,1892.4333910942078,18.372211,0.002243475,0.021582032,0.9120734483003616,792576,-0.0036276658,1270.72395269,1597.94,538,792576,387
5.6805954,1896.2370209693909,20.139774,0.0033999402,0.03959961,0.8399563431739807,794624,-0.002557712,1285.6325218000002,1613.63,509,794624,388
5.680061,1900.258754491806,16.404839,0.0013313983,0.009326172,0.8969485387206078,796672,-0.0012552936,1286.0093962600001,1613.63,541,796672,389
5.6821446,1904.0443942546844,20.730532,0.0015679622,0.01328125,0.8400860577821732,798720,-0.0004381042,1300.97048905,1630.46,539,798720,390
5.682809,1907.840802192688,11.651915,0.0039543128,0.039160155,0.9298399165272713,800768,-0.003837108,1310.51596886,1644.98,521,800768,391
5.6886773,1911.766773223877,20.703964,0.0044574984,0.042871095,0.8263238668441772,802816,-0.0023328452,1310.28465144,1644.98,536,802816,392
5.690375,1915.5812113285065,16.455835,0.0035488245,0.039501954,0.9168391600251198,804864,-0.0030515494,1307.0164191500003,1643.09,528,804864,393
5.693883,1919.453336238861,19.839367,0.0033203363,0.041894533,0.8564232736825943,806912,-0.0024477667,1307.52717373,1643.09,513,806912,394
5.694338,1923.4426231384277,20.660511,0.0017481206,0.01826172,0.860336184501648,808960,-0.002435491,1312.36492623,1643.09,535,808960,395
5.6966195,1927.2684688568115,28.657642,0.0022478402,0.023095703,0.8768299520015717,811008,-0.004538459,1281.03845669,1612.77,555,811008,396
5.703147,1930.9573726654053,10.517346,0.00824691,0.08891602,0.65694859623909,813056,-0.0061178934,1277.31121712,1612.77,554,813056,397
5.6998854,1934.6484134197235,19.519342,0.004404816,0.055859376,0.37775200605392456,815104,-0.005494717,1273.9915223500002,1612.77,555,815104,398
5.674559,1938.3383917808533,20.133766,0.003649097,0.034863282,0.8250458836555481,817152,-0.0030653072,1283.4938055700002,1619.55,511,817152,399
5.6531234,1942.3460195064545,6.2385225,0.0027246312,0.024609376,0.9666030816733837,819200,-0.0042966055,1267.36885413,1602.02,532,819200,400
5.6609645,1946.1970484256744,19.882504,0.0020240436,0.01826172,0.8345055133104324,821248,-0.0012527627,1272.58766351,1602.02,502,821248,401
5.664591,1950.2736611366272,20.202269,0.005596624,0.07167969,0.7919815629720688,823296,-0.0013656889,1277.73640773,1602.02,514,823296,402
5.659835,1954.2563712596893,26.387676,0.0025904446,0.022216797,0.8763169422745705,825344,-0.0036250676,1266.6205236199999,1585.66,524,825344,403
5.6540527,1958.1596417427063,20.069992,0.0030481482,0.033154298,0.8236211538314819,827392,-0.0015512514,1267.2336027499998,1585.66,511,827392,404
5.6579103,1962.1611018180847,20.250256,0.0027989387,0.02993164,0.8381958901882172,829440,-0.0024834622,1270.2182151099998,1585.66,509,829440,405
5.664465,1966.1785352230072,24.834263,0.002629213,0.028710937,0.882828876376152,831488,-0.001150336,1271.1234746799998,1587.75,545,831488,406
5.6721525,1969.9332072734833,23.066471,0.0026789324,0.028955078,0.8961176946759224,833536,-0.0031606308,1254.8431044099998,1574.08,520,833536,407
5.681929,1973.8658015727997,19.908035,0.0018725235,0.017675782,0.8669108301401138,835584,-0.0020105778,1258.37780256,1574.08,515,835584,408
5.6911774,1977.8357861042023,18.478537,0.0038681913,0.03666992,0.7620104104280472,837632,-0.0051564765,1225.88781189,1541.66,598,837632,409
5.7004952,1981.256264448166,15.117795,0.0015237138,0.015771484,0.8916143998503685,839680,-0.0037081458,1201.47631259,1514.07,588,839680,410
5.685775,1984.735020160675,20.346039,0.0034370827,0.033837892,0.8261607736349106,841728,-0.0021787444,1218.53279714,1531.43,507,841728,411
5.67411,1988.7735142707825,10.604362,0.0014586853,0.014160156,0.846442461013794,843776,-0.0009994453,1209.7425890999998,1525.75,589,843776,412
5.6763983,1992.2496569156647,19.702288,0.0054435157,0.07509766,0.8525319844484329,845824,-0.0043935594,1209.4947065,1525.75,512,845824,413
5.6769094,1996.24915933609,11.473558,0.0024370803,0.026855469,0.9053213968873024,847872,-0.003235906,1205.82845512,1525.75,549,847872,414
5.671044,1999.9767456054688,12.808215,0.004090479,0.046582032,0.8785801231861115,849920,-0.007394606,1218.8371549499998,1542.71,559,849920,415
5.660926,2003.6388745307922,19.703869,0.005077697,0.059667967,0.8556215763092041,851968,-0.0045170095,1218.61733342,1542.71,514,851968,416
5.6454334,2007.6225609779358,21.49014,0.0034097836,0.039111327,0.8301686644554138,854016,-0.003329663,1217.7898050699998,1542.71,525,854016,417
5.628524,2011.51757478714,20.725277,0.0041138385,0.04892578,0.8098173588514328,856064,-0.0024343957,1217.56115799,1542.71,525,856064,418
5.624844,2015.41255235672,5.981694,0.0044748737,0.05419922,0.9624884314835072,858112,-0.0037669614,1223.90963557,1549.75,531,858112,419
5.621248,2019.2641506195068,19.849516,0.0021463693,0.020654297,0.8601439148187637,860160,-0.00037487285,1229.11046832,1549.75,516,860160,420
5.619036,2023.2269768714905,19.81058,0.0017803218,0.01665039,0.8509300351142883,862208,-0.0017596002,1244.71111338,1566.02,511,862208,421
5.620788,2027.2351565361023,19.874395,0.0025826385,0.02475586,0.8397025316953659,864256,-0.0028797842,1246.05918117,1566.02,541,864256,422
5.641016,2031.015902519226,10.38616,0.006906298,0.070898436,0.9255055040121078,866304,-0.004522557,1254.1423771,1579.05,527,866304,423
5.649448,2034.8993268013,20.516413,0.004684933,0.051855467,0.8096039146184921,868352,-0.0040441817,1267.3419064,1591.17,551,868352,424
5.6563215,2038.615859746933,20.463814,0.0053214803,0.06796875,0.8428473770618439,870400,-0.003634398,1280.4116805999997,1608.93,520,870400,425
5.652021,2042.551717042923,19.77983,0.0027058856,0.02993164,0.8285081535577774,872448,-0.0033017448,1286.0292642299999,1608.93,508,872448,426
5.632922,2046.578334569931,20.17385,0.0025123882,0.022998046,0.8056005239486694,874496,-0.0015164416,1287.6943050799998,1608.93,509,874496,427
5.62005,2050.602299928665,24.206127,0.0026798462,0.028759766,0.8752912729978561,876544,-0.0036569964,1290.4938564299998,1610.64,552,876544,428
5.6248355,2054.310667514801,4.8274827,0.021988865,0.044433594,0.9751103185117245,878592,-0.013985792,1278.7268913399998,1599.3,529,878592,429
5.628437,2058.179993391037,27.884693,0.0027325642,0.027197266,0.8447960913181305,880640,-0.0021953213,1264.1232642000002,1581.2,561,880640,430
5.635855,2061.825428247452,7.7593446,0.0028741192,0.024121094,0.9537921063601971,882688,-0.005274044,1263.65505237,1580.5,514,882688,431
5.656225,2065.804401397705,24.499952,0.0033832793,0.03730469,0.8912573084235191,884736,-0.0040361714,1270.87814727,1582.78,535,884736,432
5.680938,2069.6293284893036,20.725706,0.0040148324,0.046923827,0.8374034315347672,886784,-0.0040570903,1274.8273486,1585.69,533,886784,433
5.706601,2073.4711067676544,12.170573,0.004610074,0.057763673,0.9177755936980247,888832,-0.0042474894,1270.3899093,1585.69,525,888832,434
5.7174096,2077.3683454990387,23.36051,0.0025536641,0.027880859,0.89103714376688,890880,-0.0025407083,1272.2452877499998,1588.2,528,890880,435
5.717425,2081.2469096183777,19.760418,0.0025520925,0.02709961,0.8509632647037506,892928,-0.0017998671,1274.2521365399998,1588.2,508,892928,436
5.7421412,2085.2751457691193,19.189138,0.0069477013,0.08564453,0.8616767227649689,894976,-0.0091338735,1278.9285485699997,1588.2,514,894976,437
5.761263,2089.2590968608856,13.173403,0.0027324003,0.024023438,0.9460410475730896,897024,-0.004516461,1263.0866315399999,1571.71,526,897024,438
5.758444,2093.1478209495544,19.866867,0.003285141,0.038134765,0.8644133806228638,899072,-0.0025328153,1264.74161547,1571.71,503,899072,439
5.760998,2097.213124513626,19.837536,0.002501765,0.023242187,0.8571120351552963,901120,-0.0016089333,1265.2473431399999,1571.71,498,901120,440
5.7600045,2101.3209161758423,20.526627,0.0036913746,0.039453126,0.885481134057045,903168,-0.003001824,1265.1041300799998,1571.71,520,903168,441
5.7607865,2105.2541122436523,25.230251,0.0024843258,0.021191407,0.8866186067461967,905216,-0.00255589,1253.6097874399998,1555.37,526,905216,442
5.764677,2109.1442511081696,24.04758,0.0027525858,0.029199218,0.8947503939270973,907264,-0.0042898837,1258.9955563999997,1560.72,548,907264,443
5.76996,2112.8811416625977,21.815365,0.0019528453,0.018310547,0.600013792514801,909312,-0.0030173964,1266.11196559,1570.5,557,909312,444
5.759622,2116.5529267787933,19.766191,0.003828484,0.046533205,0.8546426147222519,911360,-0.0040187608,1266.1851896899998,1570.5,517,911360,445
5.7508,2120.508708000183,8.848603,0.0014075728,0.010693359,0.9504431039094925,913408,-0.0026869276,1250.5881400800001,1554.67,530,913408,446
5.756267,2124.3702981472015,20.782541,0.0021186,0.021386718,0.7531986087560654,915456,-0.005659369,1265.2558526,1569.92,554,915456,447
5.7678895,2128.0655653476715,13.583277,0.0019317158,0.016503906,0.9126859977841377,917504,-0.0048017004,1258.4816025900002,1567.66,511,917504,448
5.765998,2132.0719969272614,20.641531,0.0051257433,0.06503906,0.8353799134492874,919552,-0.0018921562,1258.951657,1567.66,515,919552,449
5.7606306,2136.0441019535065,23.286274,0.0022970226,0.024902344,0.8937879875302315,921600,-0.0025763134,1248.3717755799998,1553.66,524,921600,450
5.7680387,2139.951183795929,25.182186,0.004404809,0.053125,0.8918175250291824,923648,-0.007101436,1247.63404823,1552.09,525,923648,451
5.776331,2143.8462812900543,21.102634,0.0023627153,0.027001953,0.8622518181800842,925696,-0.003411776,1247.5779553700002,1552.09,524,925696,452
5.7746954,2147.7543184757233,12.746595,0.0022251208,0.025244141,0.7835514098405838,927744,-0.0043763462,1242.69463575,1552.09,568,927744,453
5.771516,2151.358277797699,7.9621224,0.004876769,0.049072266,0.971757035702467,929792,-0.0044790097,1243.74824666,1556.47,544,929792,454
5.774106,2155.117739200592,4.530424,0.003828241,0.037646484,0.9741139374673367,931840,-0.0038661328,1227.61214032,1541.52,516,931840,455
5.7741942,2159.0806074142456,34.68049,0.0011182125,0.009326172,0.7964742481708527,933888,-0.002393915,1211.5310699000001,1524.76,561,933888,456
5.7741823,2162.727061510086,11.323656,0.003115205,0.03286133,0.901599794626236,935936,-0.0030173133,1206.43450422,1524.76,530,935936,457
5.783106,2166.587406873703,4.1697607,0.0037606105,0.043896485,0.9774764031171799,937984,-0.0062963916,1199.72407946,1519.14,532,937984,458
5.789564,2170.431584596634,20.41437,0.0007870571,0.0036621094,0.8580495417118073,940032,-0.00023966799,1200.4411655899999,1519.14,525,940032,459
5.792963,2174.327348470688,41.402412,0.0033558279,0.038867187,0.828107938170433,942080,-0.0040400317,1191.70693125,1509.65,552,942080,460
5.8039594,2178.0344467163086,18.653233,0.0015982706,0.015722657,0.904353030025959,944128,-0.0026238183,1177.7581892700002,1495.95,562,944128,461
5.793573,2181.6739184856415,21.564175,0.0018998345,0.015917968,0.8681018799543381,946176,-0.0024924823,1177.16576982,1495.95,535,946176,462
5.787284,2185.496435880661,29.369732,0.001983099,0.021484375,0.7033076286315918,948224,-0.002652173,1137.64102227,1446.74,568,948224,463
5.7879143,2189.097398042679,4.9244795,0.0041496404,0.04638672,0.9722299668937922,950272,-0.0018312801,1137.29163353,1446.39,510,950272,464
5.7804403,2193.110954284668,28.298649,0.0025376198,0.022949219,0.8785069137811661,952320,-0.002170923,1121.4857047799999,1430.5,523,952320,465
5.7754602,2197.024309873581,27.602518,0.0013054695,0.009423828,0.8993633389472961,954368,-0.0025265214,1119.7992641899998,1425.42,535,954368,466
5.77842,2200.8500883579254,26.34908,0.0033028391,0.039208986,0.9214630052447319,956416,-0.0036186748,1097.4562362000001,1392.3,525,956416,467
5.787366,2204.7493345737457,22.36482,0.0018379225,0.017382812,0.8220985531806946,958464,-0.002815184,1111.0837057200004,1409.83,558,958464,468
5.7874045,2208.4194962978363,12.839327,0.0012328504,0.013525391,0.9193280637264252,960512,-0.0022128623,1062.9894416900001,1362.98,582,960512,469
5.807654,2211.9372079372406,26.191662,0.0051061213,0.057128906,0.90003951638937,962560,-0.005198839,1061.6682302600002,1361.87,524,962560,470
5.811286,2215.8411729335785,0.7704222,0.0052166497,0.05341797,0.9934733617119491,964608,-0.004144984,1045.2622436200002,1345.14,503,964608,471
5.788955,2219.9080595970154,19.925552,0.0017391291,0.016796876,0.7012833654880524,966656,-0.003358307,1033.6185949299997,1333.16,582,966656,472
5.785674,2223.426011323929,6.106972,0.0015642836,0.0146484375,0.9754222705960274,968704,-0.002265875,1018.71663877,1318.79,524,968704,473
5.791285,2227.3311438560486,20.289482,0.0038562696,0.046875,0.8842461183667183,970752,-0.0042403,1034.6194756099999,1333.71,532,970752,474
5.798076,2231.177656173706,25.07587,0.0054229638,0.06948242,0.8986388370394707,972800,-0.005381444,1047.0030819699998,1346.36,520,972800,475
5.811636,2235.114155769348,23.963892,0.0024026309,0.021679688,0.8986681401729584,974848,-0.0030905646,1059.4214107,1355.81,536,974848,476
5.820416,2238.9317173957825,20.427307,0.00464519,0.054833986,0.8862264677882195,976896,-0.0042695655,1072.4739734,1368.11,517,976896,477
5.8296804,2242.8932263851166,12.530726,0.0019317938,0.01977539,0.9338820353150368,978944,-0.0044872323,1061.05526642,1356.8,571,978944,478
5.8429346,2246.478405237198,23.663225,0.0024164957,0.027197266,0.8906388580799103,980992,-0.0031527877,1056.3260346,1353.0,529,980992,479
5.8537683,2250.3459146022797,19.702057,0.0021793037,0.02080078,0.8367197662591934,983040,-0.0022184676,1060.36614463,1353.0,511,983040,480
5.8523645,2254.348377227783,10.354115,0.0016633334,0.016845703,0.9581901878118515,985088,-0.0036218208,1034.98327124,1324.33,553,985088,481
5.862332,2258.050141096115,23.894302,0.0021445425,0.017138671,0.9013117924332619,987136,-0.0029244197,1023.6903024799998,1313.21,539,987136,482
5.8598433,2261.848862886429,10.094713,0.001649924,0.015185547,0.9019533395767212,989184,-0.0032379222,1007.72462927,1298.98,564,989184,483
5.855645,2265.47616481781,19.480152,0.0018425707,0.018164063,0.8629614263772964,991232,-0.0023025488,1006.6219152599998,1298.98,532,991232,484
5.8484693,2269.3242177963257,27.030548,0.0056743585,0.037060548,0.8895879983901978,993280,-0.0030961907,994.3007860499998,1281.36,510,993280,485
5.8447113,2273.3373744487762,18.671486,0.0020838552,0.022216797,0.8525016754865646,995328,-0.0031108644,915.4398961999999,1197.33,595,995328,486
5.8488894,2276.7783160209656,19.545618,0.0038144235,0.045166016,0.8782694041728973,997376,-0.0024634674,928.38676995,1209.81,520,997376,487
5.8516946,2280.7124452590942,24.322134,0.0028512017,0.030615235,0.8893689140677452,999424,-0.006319785,905.23298093,1180.97,562,999424,488
