value_loss,ep_len_mean,time_elapsed,policy_entropy,total_timesteps,ep_reward_mean,serial_timesteps,fps,explained_variance,policy_loss,clipfrac,approxkl,n_updates
4.7916684,447.75,2.1457672119140625e-06,1.413594,2048,88.31331175,2048,563,0.15149182081222534,-0.002439763,0.030761719,0.0034453352,1
4.645181,572.6,3.632078170776367,1.4042685,4096,114.99324659999999,4096,618,-0.12623655796051025,-0.003762639,0.04160156,0.0040668426,2
5.305158,740.0,6.942372798919678,1.3999349,6144,148.630512,6144,623,-0.02255558967590332,-0.0022065914,0.027783204,0.002695421,3
4.965185,697.1818181818181,10.23005485534668,1.3882706,8192,139.2558751818182,8192,618,-0.00807797908782959,-0.0066028684,0.064257815,0.00537334,4
7.169777,584.25,13.541825771331787,1.3879589,10240,119.35467693749999,10240,620,0.05866098403930664,-0.0028880676,0.031054687,0.002778593,5
9.3031435,670.4117647058823,16.84513831138611,1.4006517,12288,148.68239794117645,12288,600,0.004166543483734131,-0.0031660083,0.034814455,0.0033763263,6
5.9494147,612.695652173913,20.25397276878357,1.4015243,14336,139.15310234782606,14336,585,0.07341384887695312,-0.002152416,0.012158203,0.0018307113,7
8.34021,637.4,23.753535509109497,1.3942704,16384,148.14322651999998,16384,584,0.10476696491241455,-0.0026074238,0.023730468,0.0025695292,8
6.6519837,593.0967741935484,27.25578784942627,1.3927194,18432,140.06557154838706,18432,587,0.09848856925964355,-0.0011570984,0.017871093,0.002382302,9
3.9318573,521.7179487179487,30.742168188095093,1.3910345,20480,122.75452638461537,20480,587,0.3746079206466675,-0.001067072,0.008056641,0.001419301,10
4.5902677,505.84090909090907,34.227660179138184,1.3889959,22528,119.2516159318182,22528,543,0.272874116897583,-0.0032843505,0.03354492,0.0033184432,11
7.3756065,510.6666666666667,37.99677228927612,1.4034741,24576,122.80412962500002,24576,540,0.08346086740493774,-0.004454394,0.059277344,0.0047684466,12
4.8445244,493.1320754716981,41.789811849594116,1.409653,26624,118.94387220754719,26624,500,0.37724190950393677,-0.0033842288,0.02631836,0.0028563275,13
3.4474254,490.05172413793105,45.88279867172241,1.4129728,28672,118.69784427586208,28672,467,0.6215944290161133,-0.0029936954,0.031201173,0.002823424,14
4.872045,484.46774193548384,50.264957427978516,1.4195156,30720,117.74646477419354,30720,493,0.48751693964004517,-0.0033353318,0.038330078,0.003666311,15
7.262516,501.953125,54.418487310409546,1.4107562,32768,124.167435265625,32768,479,0.32356828451156616,-0.0013743414,0.022607422,0.0026098911,16
7.8631773,525.7538461538461,58.69227600097656,1.4008756,34816,132.84998033846153,34816,496,-0.17280423641204834,-0.0010566429,0.025488282,0.002966985,17
6.3752494,548.8333333333334,62.81876492500305,1.3919065,36864,140.38029592424243,36864,480,-0.11425161361694336,-0.002069289,0.023242187,0.0027458377,18
3.5815494,571.223880597015,67.08075428009033,1.3856122,38912,146.85610638805971,38912,441,0.26507455110549927,-0.0045911893,0.058154296,0.004932946,19
2.857617,592.9558823529412,71.72384858131409,1.3934898,40960,152.3339605147059,40960,394,0.0007055401802062988,-0.00316817,0.048583984,0.0040159184,20
2.9902813,614.0579710144928,76.92141270637512,1.4024891,43008,157.7942166811594,43008,343,-0.009634137153625488,-0.0015014175,0.029589843,0.0029379714,21
3.1859968,634.5571428571428,82.87914872169495,1.4128592,45056,163.6387152285714,45056,359,0.11093801259994507,-0.001299244,0.014990235,0.0017672076,22
2.2394934,654.4788732394367,88.57156801223755,1.4352375,47104,168.65107222535212,47104,450,0.11747264862060547,-0.006642291,0.09243164,0.0070753484,23
2.497407,673.8472222222222,93.12296772003174,1.4486064,49152,173.5859852222222,49152,481,0.010631263256072998,-0.0020847856,0.059326172,0.004939233,24
3.1016445,692.6849315068494,97.37826132774353,1.4458578,51200,179.1331747260274,51200,479,0.021306991577148438,-0.002408145,0.03955078,0.0036596686,25
3.2719815,711.0135135135135,101.663498878479,1.4446448,53248,184.46379781081077,53248,440,0.08428329229354858,-0.0031827427,0.042578124,0.0038389426,26
3.2365654,728.8533333333334,106.31258368492126,1.4470752,55296,190.34518031999997,55296,449,0.04638713598251343,-0.0013865047,0.03300781,0.003141305,27
1.8480746,746.2236842105264,110.87171220779419,1.4472398,57344,194.81629965789472,57344,497,0.0502392053604126,-0.0008522868,0.046972655,0.0040883604,28
2.329291,763.1428571428571,114.98702692985535,1.4463446,59392,199.45249027272726,59392,473,0.053369760513305664,-0.001375001,0.031396486,0.0031413764,29
2.351255,779.6282051282051,119.31103157997131,1.446045,61440,204.2827086153846,61440,480,0.01793771982192993,-0.00097577495,0.026953125,0.0028183097,30
2.7666957,795.6962025316456,123.5699622631073,1.4448531,63488,209.09825026582274,63488,518,0.09286916255950928,-0.0018076714,0.050585937,0.0043501416,31
3.117567,811.3625,127.51820087432861,1.4500973,65536,214.39347579999998,65536,502,-0.03295719623565674,-0.005144271,0.08671875,0.0065063783,32
2.5611002,826.641975308642,131.5968577861786,1.4726006,67584,219.106594345679,67584,486,0.003263413906097412,-0.002011172,0.06279297,0.0051905024,33
2.231447,841.5487804878048,135.805166721344,1.4952247,69632,223.62460428048777,69632,485,0.014210700988769531,-0.0014549991,0.037841797,0.00339619,34
2.2983336,856.0963855421687,140.02566194534302,1.5064571,71680,227.87546533734937,71680,472,0.019704163074493408,-0.0011869639,0.045654297,0.003872191,35
2.7939692,870.297619047619,144.3632652759552,1.5043782,73728,232.66140521428565,73728,490,0.058603525161743164,-0.002677872,0.047753908,0.0040656356,36
3.1622539,884.1647058823529,148.54052901268005,1.5035183,75776,237.44031419999993,75776,489,0.07490301132202148,-0.0015457701,0.03178711,0.0031737108,37
2.7586694,897.7093023255813,152.72893929481506,1.50452,77824,242.14870744186038,77824,490,0.052995264530181885,-0.0030777925,0.047753908,0.004042297,38
2.0419402,910.9425287356322,156.90880703926086,1.5061733,79872,246.23121335632177,79872,507,0.0401843786239624,-0.0016814399,0.035302736,0.0032212231,39
2.2411451,923.875,160.9428403377533,1.5038329,81920,250.17565306818184,81920,507,-0.02459871768951416,-0.001446507,0.042382814,0.0038258084,40
2.3220048,936.5168539325842,164.97990202903748,1.4960421,83968,254.37274767415732,83968,481,0.10709977149963379,-0.0033018168,0.03779297,0.0037016936,41
2.281589,948.8777777777777,169.23827075958252,1.4994681,86016,258.4438383111111,86016,482,0.02443099021911621,-0.002958295,0.08637695,0.0070388494,42
2.2398064,960.967032967033,173.4869568347931,1.5096694,88064,262.543668,88064,486,0.03450310230255127,-0.0021205524,0.047753908,0.0041445172,43
2.2404895,972.7934782608696,177.69345927238464,1.5186563,90112,266.33549729347834,90112,465,0.013135373592376709,-0.002780941,0.068408206,0.0053913323,44
2.7773924,984.3655913978495,182.09164953231812,1.5265405,92160,270.5628778709678,92160,475,-0.009481430053710938,-0.0024344544,0.051513672,0.004488923,45
3.065591,995.6914893617021,186.40219449996948,1.5186512,94208,274.97776054255326,94208,456,0.020766139030456543,-0.002572097,0.040722657,0.0037876263,46
3.5303268,1006.7789473684211,190.88784456253052,1.5040667,96256,279.442146863158,96256,465,-0.0173112154006958,-0.0001970198,0.020214844,0.0024271002,47
3.9763622,1017.6354166666666,195.2865138053894,1.4965965,98304,284.30099656249996,98304,461,0.001597285270690918,-0.00307738,0.047851562,0.0043277945,48
4.690922,1028.2680412371135,199.72384810447693,1.4997967,100352,289.1372514742268,100352,457,-0.0005986690521240234,-0.0033053725,0.06279297,0.00495411,49
5.264955,1038.6836734693877,204.20565009117126,1.4973812,102400,294.28408538775506,102400,459,0.014967918395996094,-0.0026278533,0.027880859,0.0031269095,50
5.219584,1048.888888888889,208.6650664806366,1.5006502,104448,299.3732885959596,104448,468,-0.02022111415863037,-0.0023626457,0.042138673,0.0037673577,51
5.0947094,1058.89,213.04117727279663,1.5217745,106496,304.08959768,106496,482,0.03981560468673706,-0.00547604,0.08696289,0.0067231907,52
8.143606,1073.62,217.28679656982422,1.5280526,108544,311.93376150999995,108544,495,0.08658498525619507,-0.0039967587,0.04399414,0.003821928,53
6.781405,1090.3,221.41658115386963,1.5297083,110592,320.01606714999997,110592,468,0.007925868034362793,-0.0036852858,0.05625,0.004633342,54
6.677233,1107.35,225.79238271713257,1.5296147,112640,327.98274657999997,112640,470,0.04762768745422363,-0.0027266196,0.039990235,0.003629752,55
7.2489996,1122.94,230.14142847061157,1.5230414,114688,335.99093481999995,114688,442,0.011812925338745117,-0.0027478572,0.035205077,0.0032159712,56
6.0976887,1132.71,234.76797461509705,1.5213757,116736,342.34721877,116736,413,-0.011962294578552246,-0.001957965,0.03696289,0.0035191383,57
4.4509296,1137.93,239.72452807426453,1.5247445,118784,347.80125776999995,118784,412,0.024678349494934082,-0.002744251,0.052001953,0.004389273,58
6.309248,1156.06,244.68849539756775,1.5322906,120832,355.91161153999997,120832,428,0.019826531410217285,-0.0052271886,0.06772461,0.005192132,59
5.609053,1163.61,249.47319269180298,1.5295175,122880,361.53499304,122880,435,-0.009926438331604004,0.00011602398,0.017919922,0.0023020539,60
4.7865825,1181.73,254.1774628162384,1.526708,124928,369.40962093,124928,414,0.017838239669799805,-0.00247923,0.036328126,0.0034106772,61
4.963477,1192.49,259.1183488368988,1.5276129,126976,375.80025756000003,126976,461,0.015560328960418701,-0.0023841087,0.041503906,0.0037499345,62
3.4871616,1196.4,263.559467792511,1.5333896,129024,378.29514856000003,129024,463,0.003206014633178711,-0.0030963207,0.059521485,0.0049240026,63
3.5904145,1206.82,267.97459840774536,1.5380143,131072,383.39202607000004,131072,453,0.03166520595550537,-0.0047839293,0.038964845,0.0034255784,64
3.885083,1225.5,272.49389457702637,1.5411012,133120,390.75528757000006,133120,453,0.047473907470703125,-0.0059621576,0.029394532,0.0029133703,65
4.358938,1260.04,277.0069491863251,1.5394117,135168,404.33914064,135168,430,0.06897997856140137,-0.0042975713,0.04243164,0.0038449396,66
2.5114467,1277.54,281.7596538066864,1.5504695,137216,411.02123639999996,137216,438,0.039858877658843994,-0.0010894833,0.049951173,0.004204416,67
2.2705474,1277.54,286.42743945121765,1.564001,139264,411.9825313299999,139264,398,0.03537029027938843,-0.0029195151,0.049560547,0.004105538,68
2.37492,1285.17,291.5682113170624,1.5683295,141312,415.5628990799999,141312,447,0.05003499984741211,-0.004681783,0.06889649,0.0056818766,69
2.5622764,1304.21,296.1467695236206,1.5787328,143360,422.49983623,143360,451,0.05529904365539551,-0.0028723355,0.052001953,0.0041746115,70
2.3606117,1316.44,300.6813495159149,1.583365,145408,427.09799556999997,145408,470,0.11072754859924316,-0.0009819844,0.040234376,0.0036652486,71
2.6999192,1331.95,305.03201484680176,1.57706,147456,433.06740295000003,147456,472,0.21572774648666382,-0.0045121787,0.04472656,0.004269127,72
2.8913598,1351.25,309.36750388145447,1.5773089,149504,440.3219842200001,149504,487,0.11526864767074585,-0.0037750069,0.036035158,0.003366705,73
2.6170046,1363.8,313.56555461883545,1.5848143,151552,445.65137508,151552,460,0.04477494955062866,-0.0022385356,0.06342773,0.00513139,74
4.012326,1373.76,318.00968074798584,1.596391,153600,450.58144562,153600,470,0.03995424509048462,-0.0054465155,0.04902344,0.004105413,75
3.7304235,1383.81,322.3680624961853,1.611166,155648,454.91741299000006,155648,450,0.15684634447097778,-0.00353724,0.03491211,0.0034334615,76
2.358766,1392.32,326.911057472229,1.6162889,157696,458.40641469,157696,473,0.14163833856582642,-0.0043460564,0.04799805,0.004049712,77
2.0408692,1411.61,331.23299527168274,1.6189768,159744,465.16060042,159744,477,0.1576986312866211,-0.004322137,0.048779298,0.0041310145,78
2.6279087,1420.5,335.5205907821655,1.6179523,161792,468.24416400999996,161792,449,0.22583967447280884,-0.003808407,0.03642578,0.0034230675,79
2.7442887,1439.43,340.07974004745483,1.6164811,163840,475.86752193,163840,420,0.14668941497802734,-0.0030411729,0.03955078,0.0034305702,80
2.900783,1456.37,344.9552936553955,1.613398,165888,482.8271497,165888,471,0.12933355569839478,-0.0023300904,0.04086914,0.0036842488,81
5.7465696,1481.63,349.29887795448303,1.6052902,167936,493.21547371,167936,479,0.17302846908569336,-0.0027356294,0.024023438,0.0025398456,82
5.4024477,1497.38,353.5742201805115,1.6020558,169984,500.94585567000007,169984,466,0.1643701195716858,-0.0031162163,0.046484374,0.0039517325,83
4.8746963,1514.14,357.96778559684753,1.6106762,172032,508.51859297999994,172032,482,0.27379292249679565,-0.002814055,0.0362793,0.0033200183,84
7.91818,1533.45,362.211505651474,1.616759,174080,518.27312418,174080,472,0.19565236568450928,-0.0026613974,0.037402343,0.0034813609,85
7.411807,1535.15,366.5505111217499,1.614431,176128,520.4620909,176128,469,0.29043716192245483,-0.0057884883,0.03725586,0.0035699215,86
5.3526087,1553.09,370.91285586357117,1.622812,178176,528.5473600800001,178176,464,0.28700804710388184,-0.0039928462,0.05180664,0.0041871825,87
5.6438646,1553.0,375.31947135925293,1.6216406,180224,529.6685246100001,180224,442,0.3517540693283081,-0.00037500847,0.025634766,0.0027792915,88
4.836398,1567.57,379.9492952823639,1.6258043,182272,537.2820924700002,182272,462,0.42310816049575806,-0.004296226,0.06010742,0.0050177313,89
4.2204976,1587.06,384.3816804885864,1.6378338,184320,545.9400239800001,184320,471,0.3640763759613037,-0.0044753863,0.06196289,0.0049085063,90
4.8664393,1591.45,388.7269375324249,1.6411808,186368,548.17538454,186368,452,0.36859339475631714,-0.004062824,0.06074219,0.004875007,91
5.454208,1622.61,393.25186371803284,1.640569,188416,562.40887057,188416,457,0.34623247385025024,-0.0020645938,0.042285156,0.00387941,92
2.7832315,1630.24,397.72469425201416,1.6406285,190464,566.1319688,190464,466,0.38862866163253784,-0.00033877787,0.028466797,0.0028057355,93
6.0771937,1649.69,402.1183841228485,1.641859,192512,575.7545723400001,192512,480,0.33788907527923584,-0.0017351828,0.04799805,0.0040872293,94
2.797401,1665.68,406.379043340683,1.6463737,194560,582.23297998,194560,466,0.37707966566085815,-0.0018246921,0.037109375,0.0035908069,95
2.4190207,1679.99,410.7679615020752,1.6493677,196608,588.2334191900001,196608,451,0.5376279652118683,-0.003788981,0.064013675,0.005247055,96
3.4715886,1686.84,415.3067638874054,1.6506048,198656,591.73200773,198656,451,0.508816123008728,-0.004410703,0.04873047,0.004412345,97
5.8649964,1701.85,419.84436655044556,1.6449401,200704,599.4343692499999,200704,480,0.5256007313728333,-0.0029840528,0.05332031,0.0041596605,98
6.728044,1719.75,424.1041805744171,1.6437266,202752,609.53272544,202752,472,0.4343211054801941,-0.00027751975,0.016064454,0.0019142127,99
8.275251,1722.29,428.43757915496826,1.6465313,204800,613.74487088,204800,476,0.4773772358894348,-0.0042420723,0.053369142,0.00421139,100
5.774708,1701.42,432.7364778518677,1.6527958,206848,609.09563645,206848,456,0.5249814689159393,-0.0034265718,0.03652344,0.0033301846,101
4.6200376,1695.28,437.2235429286957,1.6448683,208896,610.1096675599999,208896,456,0.6445862352848053,-0.003991996,0.05283203,0.004371901,102
6.3690424,1695.28,441.70595502853394,1.6347697,210944,615.1490373199999,210944,487,0.5092473030090332,-0.0009952873,0.016992187,0.0022690888,103
6.373457,1681.35,445.90738701820374,1.6367966,212992,616.0177324000001,212992,460,0.5090390741825104,-0.0030445275,0.04741211,0.0043395227,104
6.167051,1660.71,450.3570816516876,1.6409683,215040,614.51352737,215040,470,0.5654080808162689,-0.00096066314,0.039648436,0.0036564153,105
7.489724,1641.82,454.71274995803833,1.6412756,217088,613.24649141,217088,481,0.5609777867794037,-0.003946993,0.041259766,0.0036781821,106
6.1456594,1618.25,458.9653654098511,1.6433573,219136,609.3968749199998,219136,356,0.48106634616851807,-0.003127935,0.050732423,0.0043699117,107
8.260229,1601.04,464.7039837837219,1.6421543,221184,609.41599168,221184,344,0.5716339647769928,-0.0032142564,0.043554686,0.0035995045,108
3.4387684,1592.45,470.6413471698761,1.6422704,223232,608.98329365,223232,434,0.700443834066391,-0.00021824629,0.03652344,0.0034276955,109
7.823757,1578.93,475.35926508903503,1.6344404,225280,609.7276872499999,225280,439,0.5325443148612976,-0.0005078338,0.04663086,0.00420547,110
4.385511,1569.69,480.02055978775024,1.626538,227328,609.06269515,227328,483,0.6142216622829437,-0.0010712326,0.04506836,0.0038737808,111
2.7398944,1563.2,484.25993728637695,1.6207918,229376,609.8600481899999,229376,485,0.6912355720996857,-0.00225315,0.05126953,0.0043466915,112
7.302016,1554.69,488.47687101364136,1.6173058,231424,611.4054730299999,231424,497,0.5352721214294434,-0.0014979814,0.02607422,0.0026656743,113
8.131169,1540.82,492.59317231178284,1.6214364,233472,611.6523760199999,233472,489,0.591456413269043,-0.0030813431,0.042773437,0.003753318,114
5.0843,1535.01,496.7761092185974,1.6160386,235520,613.2153916399999,235520,498,0.6688130795955658,-0.0035082214,0.09467773,0.007678437,115
11.297992,1500.28,500.8875513076782,1.6026022,237568,607.65892716,237568,492,0.6060883700847626,-0.00034723384,0.018115234,0.002120633,116
8.398251,1459.24,505.04672622680664,1.5965565,239616,597.12007463,239616,470,0.5873000919818878,-0.004992838,0.041894533,0.0038640094,117
6.736741,1437.93,509.39980840682983,1.5934508,241664,592.19826882,241664,504,0.7231460511684418,-0.004220518,0.05703125,0.0049091047,118
7.628855,1411.39,513.461395740509,1.5903842,243712,583.34661222,243712,504,0.5943759381771088,-0.0022510344,0.04140625,0.0036280174,119
9.213919,1371.76,517.5231456756592,1.5828068,245760,569.1436837699999,245760,506,0.673482358455658,-0.0020031794,0.03955078,0.0038147129,120
13.334673,1335.07,521.5664210319519,1.5695666,247808,555.23761356,247808,475,0.5805173516273499,-0.0025227433,0.04145508,0.0036629797,121
9.698294,1289.11,525.8710601329803,1.5662744,249856,537.2740659300001,249856,490,0.6563049256801605,-0.0041668313,0.08266602,0.0065319478,122
10.252184,1252.0,530.048716545105,1.5820377,251904,523.97691783,251904,483,0.6759931445121765,-0.0073099793,0.058300782,0.00501675,123
8.140825,1238.6,534.282032251358,1.5986367,253952,520.72685458,253952,490,0.6814959645271301,-0.0010378517,0.031347655,0.0031871453,124
11.516234,1204.67,538.4547049999237,1.6043905,256000,510.29968,256000,473,0.5636005103588104,0.000571874,0.046777345,0.0042622746,125
8.976162,1177.28,542.7838399410248,1.6071215,258048,502.56023888000004,258048,509,0.7364060580730438,0.0007259775,0.02709961,0.0026971756,126
11.7822695,1134.98,546.804181098938,1.5999901,260096,492.52675643,260096,496,0.6373876631259918,-0.0022905865,0.029833984,0.0031508063,127
11.940046,1084.56,550.931628704071,1.6013447,262144,476.3950884799999,262144,490,0.6263569295406342,-0.0032085576,0.052734375,0.0049136956,128
15.06675,1046.93,555.106287240982,1.6025131,264192,466.68472245000004,264192,521,0.5761295855045319,-0.00080460275,0.054882813,0.004794137,129
14.719226,1001.22,559.0339157581329,1.5981492,266240,452.06437636000004,266240,481,0.5739632546901703,-0.0022824504,0.036132812,0.0034655016,130
10.2815275,984.61,563.2843995094299,1.5881295,268288,446.50393849999995,268288,480,0.6348874866962433,-0.007220052,0.067675784,0.007830516,131
14.300227,955.14,567.548891544342,1.5792137,270336,434.64567622999994,270336,467,0.5241481363773346,-0.0017307954,0.04272461,0.00367605,132
12.367466,965.63,571.9302711486816,1.5768718,272384,441.96690765999995,272384,494,0.5732399225234985,-0.0039771823,0.066308595,0.005678148,133
11.237744,958.31,576.0710892677307,1.5720361,274432,441.32072823999994,274432,500,0.6028210520744324,-0.0022267587,0.042089842,0.0040059695,134
5.403514,960.84,580.165860414505,1.5617316,276480,443.95992617999997,276480,509,0.7658452391624451,-0.00238428,0.051367186,0.004876524,135
11.652732,933.64,584.1891913414001,1.5398017,278528,433.87163204999996,278528,484,0.6687021553516388,-0.0029297234,0.05214844,0.004673558,136
7.1388984,915.44,588.4152135848999,1.5437775,280576,427.33120269,280576,464,0.7410029470920563,-0.006096136,0.0828125,0.0075904047,137
9.455587,898.87,592.8255405426025,1.551862,282624,422.12443734999994,282624,447,0.6975508034229279,-0.0036614053,0.058300782,0.005114146,138
7.706436,891.81,597.4047601222992,1.5525196,284672,422.1945361099999,284672,493,0.7103874087333679,-0.0045240233,0.0659668,0.005444805,139
6.8096337,884.6,601.5538988113403,1.556724,286720,422.06589882999987,286720,454,0.7628367841243744,-0.0030193808,0.05053711,0.004070704,140
9.341251,871.17,606.0563292503357,1.5612938,288768,416.39283018999987,288768,456,0.7003929913043976,-0.0009765984,0.052197266,0.004801749,141
12.936505,855.39,610.5406627655029,1.5679952,290816,410.43648149999996,290816,463,0.5932396054267883,-0.005147321,0.03725586,0.0032384745,142
8.387805,863.53,614.9633853435516,1.5771061,292864,416.77027900999997,292864,465,0.7267829775810242,-0.0012656328,0.050341796,0.004533955,143
8.18035,869.67,619.3642268180847,1.5767204,294912,422.27999543,294912,492,0.7058840394020081,-0.0011628687,0.038378906,0.0032445467,144
4.756007,869.67,623.5250930786133,1.5756983,296960,422.86669336,296960,472,0.7852202951908112,-0.0024826808,0.044433594,0.003941526,145
3.9737906,866.17,627.8627119064331,1.5722157,299008,422.43229950999995,299008,481,0.8364168703556061,-0.0033352063,0.04975586,0.0042786095,146
11.037804,867.9,632.1142201423645,1.5730134,301056,425.23828843,301056,481,0.6582768857479095,-0.003762945,0.049121093,0.004400067,147
10.056992,871.74,636.3647789955139,1.580163,303104,429.32918933,303104,487,0.7424262166023254,-0.0019799822,0.048291016,0.0041879164,148
5.1449347,870.15,640.5674839019775,1.5866725,305152,429.2788768799999,305152,477,0.7858802229166031,-0.00578543,0.057763673,0.0052941632,149
5.80341,880.89,644.8567855358124,1.5840734,307200,435.82699464999996,307200,489,0.7831345796585083,-0.0015398036,0.062451173,0.005030966,150
4.911017,888.03,649.0433797836304,1.5691407,309248,440.42792527,309248,487,0.8478775471448898,-0.002881306,0.07905273,0.0062753833,151
11.915089,901.6,653.2479269504547,1.5570351,311296,450.2721552700001,311296,482,0.5989889204502106,-0.004229362,0.057275392,0.0047466983,152
6.457097,904.06,657.4965906143188,1.5540456,313344,452.87722420000006,313344,478,0.7792713642120361,-0.0016681853,0.04736328,0.0041419445,153
7.281919,909.52,661.7731156349182,1.5575107,315392,457.35751837000004,315392,464,0.7307462990283966,-0.0044331327,0.07421875,0.0059881643,154
5.790677,917.58,666.1782019138336,1.5610176,317440,463.50433223000005,317440,497,0.8355473726987839,-0.0015346273,0.073632814,0.005782059,155
8.296442,926.82,670.2952704429626,1.5600616,319488,469.85598612,319488,506,0.7598361372947693,-0.0025116387,0.060253907,0.0053234585,156
6.882623,933.31,674.3430099487305,1.5631291,321536,474.29730225,321536,460,0.7242726683616638,-0.0056454847,0.07944336,0.0068267114,157
6.6013017,922.38,678.795068025589,1.5547184,323584,470.51474777,323584,354,0.8572555929422379,-0.003814578,0.055371094,0.005688692,158
17.335087,920.56,684.5775697231293,1.5485969,325632,472.81784317000006,325632,372,0.5693278014659882,-0.0025755423,0.05708008,0.004868424,159
4.6423373,915.4,690.0741760730743,1.5449972,327680,470.08732481,327680,373,0.8409243822097778,-0.002234047,0.0597168,0.0050839065,160
10.544235,930.86,695.5560808181763,1.5458325,329728,480.1614517,329728,384,0.7561375647783279,-0.00361147,0.05292969,0.0047449083,161
6.561563,931.31,700.8819305896759,1.5489402,331776,480.65389484,331776,391,0.7546662241220474,-0.0016239521,0.06743164,0.005378519,162
7.680336,942.52,706.1175861358643,1.5371045,333824,488.5977097299999,333824,411,0.761408194899559,-0.0010567454,0.068847656,0.0057852967,163
8.66664,956.35,711.091911315918,1.5247046,335872,497.9663767999999,335872,427,0.7747436761856079,-0.0027179795,0.0902832,0.0069739586,164
8.171333,972.35,715.8786935806274,1.5206572,337920,507.84223898999994,337920,429,0.7527826130390167,-0.00037379362,0.05805664,0.0052172435,165
11.254602,978.43,720.6491496562958,1.5285927,339968,511.81119361,339968,445,0.7074477672576904,-0.0022821114,0.04433594,0.0040518423,166
7.063365,990.13,725.2435028553009,1.5395753,342016,519.6580332699999,342016,456,0.8264130651950836,-0.0032064966,0.07890625,0.006411329,167
8.950811,1004.97,729.7275767326355,1.5454956,344064,529.44903791,344064,455,0.800385132431984,-0.0038356364,0.07563476,0.0060422556,168
8.533091,1017.37,734.2258412837982,1.5438282,346112,538.5333482000001,346112,475,0.8282971233129501,0.00170385,0.104003906,0.009246566,169
7.8734236,1030.96,738.532815694809,1.5458716,348160,547.8303602500001,348160,401,0.8168165683746338,-0.0028314725,0.081884764,0.006538161,170
7.7655296,1044.6,743.6382088661194,1.5523565,350208,556.49941817,350208,388,0.8432787358760834,-0.003410903,0.08388672,0.00670982,171
9.313347,1058.27,748.9056837558746,1.5545127,352256,565.01811691,352256,443,0.8112456202507019,-0.0020507085,0.06274414,0.0051452476,172
11.746183,1066.57,753.5227818489075,1.5483844,354304,571.21135824,354304,429,0.7731964290142059,-0.00092160347,0.04873047,0.005953243,173
5.692516,1068.72,758.2906398773193,1.5478575,356352,572.43944182,356352,408,0.8605073690414429,0.0002833783,0.051855467,0.005373185,174
9.03732,1085.82,763.2990126609802,1.5508764,358400,584.1707162399999,358400,410,0.7701485306024551,-0.0044370317,0.07807617,0.0061264792,175
17.13599,1095.76,768.2844707965851,1.5501107,360448,591.7070573,360448,460,0.7119056880474091,-0.0064425254,0.050585937,0.0044970354,176
13.936682,1088.68,772.7286698818207,1.5505335,362496,588.7146407799999,362496,500,0.7747858017683029,-0.00048860966,0.045410156,0.0038936506,177
6.048913,1085.09,776.8172888755798,1.5564471,364544,586.83631917,364544,486,0.8613798767328262,-0.004172315,0.097070314,0.007726033,178
16.060751,1105.99,781.0301940441132,1.5568902,366592,601.58068985,366592,480,0.706066906452179,-0.0014298097,0.026367188,0.0026468434,179
5.0740576,1114.94,785.2937054634094,1.5506194,368640,607.4126377,368640,433,0.8862549439072609,-0.0014289351,0.044677734,0.0040423987,180
5.875705,1126.12,790.021511554718,1.5510013,370688,614.85314616,370688,461,0.8756065219640732,-0.0026222402,0.06552734,0.005671988,181
10.286625,1133.93,794.4566328525543,1.5574257,372736,620.1715742499999,372736,466,0.7510776370763779,-0.0038295712,0.048339844,0.004425182,182
9.987761,1150.11,798.8521060943604,1.5592729,374784,631.04150195,374784,474,0.7366389334201813,-0.0013660722,0.055859376,0.004815719,183
9.3444805,1164.37,803.1688554286957,1.5609282,376832,640.5727167,376832,429,0.7414866089820862,0.00042979504,0.10175781,0.008562429,184
8.910253,1178.15,807.9410829544067,1.5635484,378880,649.8127689,378880,453,0.7577153146266937,-0.0033389074,0.10908203,0.008946483,185
7.7525597,1194.39,812.4569582939148,1.5763134,380928,660.3608098099999,380928,425,0.8365657180547714,-0.0021539284,0.11323242,0.009463902,186
9.166781,1208.53,817.2718839645386,1.5895159,382976,669.12000229,382976,475,0.7700789868831635,-0.0025169181,0.045214843,0.0039406694,187
10.761343,1225.45,821.5804240703583,1.5936127,385024,679.9778610999998,385024,488,0.7209250330924988,-0.0026903485,0.08979492,0.008005225,188
8.453741,1241.16,825.7729678153992,1.5977995,387072,691.6717586899998,387072,475,0.7863308042287827,-0.0022983463,0.12026367,0.010401539,189
7.8679304,1253.86,830.0806529521942,1.5872984,389120,699.4053714099999,389120,480,0.7455584406852722,-0.0015194311,0.08271484,0.00709124,190
8.472001,1269.46,834.3427608013153,1.5852389,391168,709.6896217799999,391168,449,0.7598737925291061,-0.0036978922,0.117333986,0.009221889,191
10.0446,1285.27,838.8951959609985,1.5898212,393216,720.2403054900001,393216,435,0.7453445494174957,-0.0025994082,0.07714844,0.0063101845,192
7.8455033,1301.44,843.5980279445648,1.60551,395264,731.59777607,395264,398,0.8129903972148895,-0.0018379481,0.07607422,0.0068315887,193
16.672363,1314.42,848.7370195388794,1.6213808,397312,740.61644862,397312,396,0.7149711847305298,-0.0036178802,0.08413086,0.007118246,194
5.449719,1316.03,853.9019703865051,1.6322222,399360,741.91541506,399360,449,0.8569131046533585,-0.003423056,0.08828125,0.007840024,195
7.9846687,1332.16,858.458238363266,1.641737,401408,753.2532701199999,401408,455,0.636834055185318,-0.0017663168,0.07944336,0.006573697,196
22.548855,1345.69,862.958655834198,1.6420395,403456,762.65310218,403456,454,0.6369729936122894,-0.0035839814,0.0828125,0.007058642,197
7.835883,1361.42,867.4629919528961,1.6466621,405504,772.8421742099999,405504,466,0.698813796043396,0.0001660098,0.059033204,0.004900233,198
9.454924,1376.52,871.8527407646179,1.6579998,407552,782.51105026,407552,433,0.6472716927528381,-0.0006219342,0.076611325,0.0063336478,199
8.122877,1392.85,876.5818445682526,1.6609014,409600,793.76152386,409600,476,0.7217507660388947,-0.0011387881,0.09233399,0.0073761293,200
10.599817,1406.98,880.8813855648041,1.6558968,411648,803.8414026999999,411648,483,0.6857585310935974,-0.003140043,0.07119141,0.0059812195,201
9.532049,1422.14,885.1168103218079,1.6549768,413696,815.80651287,413696,419,0.6954470872879028,-0.0011825564,0.05625,0.0051735374,202
15.629407,1430.42,889.9940395355225,1.6516857,415744,822.55954092,415744,313,0.6769051253795624,-0.005948226,0.076171875,0.008367803,203
8.498971,1442.69,896.5186905860901,1.652458,417792,832.21546078,417792,331,0.7304441332817078,-0.0005094122,0.09760742,0.008050529,204
8.585693,1454.08,902.691223859787,1.6557066,419840,842.0877176099999,419840,452,0.7644508630037308,-0.0034014438,0.091796875,0.0076827416,205
10.183025,1469.3,907.2164506912231,1.6568794,421888,853.8022030399999,421888,357,0.6761383712291718,-0.0031053748,0.063769534,0.0056652147,206
5.9568434,1475.54,912.9522671699524,1.6573503,423936,857.98715803,423936,385,0.8732261508703232,-0.0030459769,0.072021484,0.0060092867,207
8.444958,1488.06,918.2638680934906,1.6672455,425984,868.0233479399998,425984,356,0.7214348018169403,-0.00712452,0.12719727,0.010209775,208
16.340302,1502.98,924.0102620124817,1.6814038,428032,879.9506190699999,428032,390,0.6501251757144928,-0.0059825843,0.052441407,0.0058105523,209
7.978025,1499.81,929.2560775279999,1.6795334,430080,878.3178861199999,430080,501,0.7282934486865997,-0.0001248501,0.06616211,0.005848293,210
25.65332,1501.41,933.3378088474274,1.6806791,432128,883.51740128,432128,497,0.6865405440330505,-0.0035258315,0.06508789,0.007915941,211
10.317926,1515.57,937.4565706253052,1.685023,434176,894.4277646299998,434176,381,0.6538755595684052,-0.0007836438,0.056396484,0.004968179,212
11.3914585,1505.45,942.8307545185089,1.6886059,436224,889.24008984,436224,365,0.7902857959270477,-0.0077720745,0.048876952,0.0046938425,213
9.960836,1514.42,948.4330217838287,1.6971302,438272,896.36608134,438272,487,0.5887917876243591,-0.0019970876,0.04951172,0.0042029065,214
13.867261,1519.39,952.6310150623322,1.7006544,440320,902.4397955399999,440320,481,0.7348118126392365,-0.004049671,0.07563476,0.006415627,215
10.24109,1518.73,956.8849833011627,1.7128346,442368,901.69268843,442368,476,0.8251985013484955,-0.0041858554,0.058984376,0.0056482996,216
13.727402,1520.18,961.184718132019,1.7104075,444416,905.2566619999999,444416,468,0.7414995729923248,-0.004249937,0.08388672,0.0065444866,217
14.473096,1511.79,965.5580143928528,1.7077926,446464,902.12695871,446464,429,0.712747186422348,-0.0026705873,0.051757812,0.004126453,218
8.641023,1511.79,970.3317883014679,1.7165906,448512,904.94862716,448512,411,0.7468415796756744,-0.0005433294,0.06411133,0.0052407314,219
8.5433445,1519.05,975.3135437965393,1.7174551,450560,912.1096536999999,450560,391,0.7249801158905029,-0.0003486235,0.053222656,0.004492393,220
15.803169,1521.9,980.5426235198975,1.7138374,452608,916.7754110799999,452608,496,0.7224937975406647,-0.0028087865,0.05908203,0.004983569,221
9.7254505,1534.83,984.664998292923,1.7152294,454656,927.00083497,454656,447,0.7530510574579239,-0.00052973285,0.049316406,0.004077117,222
9.687544,1538.59,989.242002248764,1.7223794,456704,930.75339942,456704,490,0.7319345474243164,-0.006906676,0.09301758,0.0073847705,223
15.473935,1520.79,993.4168322086334,1.7366831,458752,921.5416372800003,458752,395,0.7555924654006958,-0.002647412,0.079833984,0.007391504,224
21.751465,1480.57,998.5969378948212,1.7409309,460800,899.5291535599999,460800,391,0.730305016040802,-0.00032293383,0.050341796,0.004434333,225
7.2959304,1466.97,1003.835467338562,1.7461666,462848,891.6724899799999,462848,446,0.7879607528448105,-0.0020633459,0.058496095,0.00473868,226
18.04823,1431.19,1008.4208874702454,1.7632357,464896,874.0921483300001,464896,485,0.7813208103179932,-0.003404374,0.06123047,0.0053159036,227
11.44497,1431.19,1012.6382648944855,1.7760283,466944,875.0773466400001,466944,468,0.6356551945209503,-0.00011938474,0.040478516,0.0037557115,228
19.252188,1417.31,1017.0113716125488,1.7768501,468992,868.2739574599999,468992,462,0.7746558040380478,-0.0029583701,0.04838867,0.004129259,229
8.966627,1420.79,1021.4423968791962,1.7831762,471040,873.1503926499998,471040,458,0.724947452545166,-0.0025756382,0.06977539,0.0055409484,230
14.844088,1420.21,1025.9134891033173,1.7966388,473088,873.7896658599999,473088,458,0.6959459185600281,-0.0008220117,0.069970705,0.0060692173,231
16.264833,1402.96,1030.3843445777893,1.8036225,475136,864.6057557800002,475136,431,0.7413344979286194,-0.0022819676,0.057910156,0.005044554,232
24.326878,1347.83,1035.1358423233032,1.7930527,477184,832.3108113299999,477184,462,0.7290185391902924,-0.0014325912,0.06733398,0.0062138075,233
17.094719,1331.0,1039.56605386734,1.7926286,479232,822.2223979199999,479232,453,0.7394941449165344,-0.0021477113,0.047949217,0.0042091543,234
14.36738,1313.88,1044.080391407013,1.7930149,481280,811.8562881800001,481280,405,0.7544886767864227,-0.00160763,0.06171875,0.0058908793,235
8.850799,1299.44,1049.1361992359161,1.7970054,483328,803.21331559,483328,452,0.8014869093894958,-0.0052494095,0.08676758,0.007857578,236
10.836275,1299.44,1053.6619672775269,1.8022852,485376,804.25517522,485376,473,0.7479116022586823,-0.001592778,0.071826175,0.005657294,237
31.162695,1275.58,1057.9872057437897,1.8063204,487424,790.14559004,487424,463,0.5775877237319946,-0.00025709107,0.048828125,0.004427506,238
5.941252,1281.36,1062.4067785739899,1.8066685,489472,794.44893744,489472,442,0.8433205187320709,-0.001973759,0.047070313,0.0044001085,239
18.372658,1296.6,1067.0355854034424,1.8053558,491520,805.3474698400001,491520,462,0.6534901261329651,-0.0022175305,0.06362305,0.0050786035,240
13.257886,1303.65,1071.4603004455566,1.8116429,493568,809.61488053,493568,470,0.7176138162612915,-0.006371908,0.0980957,0.008524717,241
38.067543,1196.09,1075.8177859783173,1.8192657,495616,740.6012178699998,495616,442,0.4345707893371582,-0.0026139547,0.068359375,0.005543372,242
24.612514,1126.58,1080.4488332271576,1.8097855,497664,697.0791671599999,497664,454,0.6739805638790131,-0.0024582113,0.059326172,0.005444726,243
40.295845,1001.67,1084.9552927017212,1.8196234,499712,616.30515772,499712,436,0.7237201929092407,-0.0039092046,0.076855466,0.0066055455,244
52.433502,824.71,1089.6518833637238,1.8387487,501760,499.23307116999996,501760,399,0.5058018267154694,-0.003487131,0.060302734,0.0049017803,245
30.556894,732.22,1094.7808554172516,1.8351929,503808,436.89992261,503808,459,0.6830527186393738,-0.0019112211,0.04873047,0.004261124,246
13.3660145,747.04,1099.2420346736908,1.8332716,505856,446.82832673999997,505856,455,0.7961887866258621,-0.002903228,0.0734375,0.0058292644,247
28.718075,677.18,1103.7426776885986,1.8362831,507904,399.6809852199999,507904,462,0.7587146013975143,-0.0068956995,0.046435546,0.0051714377,248
8.382963,692.58,1108.1732993125916,1.8381764,509952,409.60811070999995,509952,445,0.702617347240448,-0.0031921621,0.06743164,0.005430385,249
5.0041757,692.99,1112.7733886241913,1.8325663,512000,410.03863327999994,512000,469,0.8659782707691193,-0.0020506862,0.06635742,0.005814886,250
28.458164,657.55,1117.135163784027,1.8280585,514048,384.68414292,514048,446,0.6082260608673096,-0.008193111,0.058496095,0.00486962,251
30.038986,577.51,1121.7180514335632,1.8377972,516096,328.5156925499999,516096,468,0.6183196902275085,-0.0055763894,0.06318359,0.005281239,252
13.249346,585.41,1126.0881614685059,1.8584251,518144,333.24508442,518144,463,0.727862685918808,-0.005653664,0.07900391,0.006308218,253
21.10253,561.5,1130.512214422226,1.8722748,520192,317.17210750000004,520192,478,0.7522453516721725,-0.0013483966,0.06928711,0.006087041,254
10.320032,569.26,1134.7888569831848,1.8787785,522240,322.19275998,522240,424,0.7385012805461884,-0.0020848168,0.07861328,0.0061839577,255
10.687565,588.97,1139.6123249530792,1.8774965,524288,332.86352297999997,524288,397,0.8241240978240967,-0.005795974,0.07001953,0.006020374,256
10.198431,588.97,1144.7667195796967,1.8892696,526336,332.21126503,526336,400,0.6509208381175995,-0.0032797395,0.06362305,0.005237588,257
29.494938,561.74,1149.879718542099,1.9105364,528384,312.69308020999995,528384,405,0.6738070845603943,-0.004757667,0.05517578,0.0048842225,258
9.819784,577.66,1154.936891078949,1.9132965,530432,323.62291318999996,530432,426,0.7130630016326904,-0.002877609,0.06538086,0.005273914,259
9.374113,577.66,1159.7416059970856,1.9046199,532480,323.27614525999996,532480,461,0.7546389549970627,-0.0015248815,0.09555664,0.007916443,260
9.778528,594.91,1164.1834177970886,1.906504,534528,334.92936583000005,534528,437,0.710163414478302,-0.0007543084,0.049365234,0.004077077,261
4.441958,607.27,1168.8604567050934,1.921932,536576,343.46565684999996,536576,394,0.900435633957386,-0.004949542,0.033837892,0.0032436897,262
13.985268,622.89,1174.0490186214447,1.9357603,538624,354.76193980999994,538624,390,0.71795853972435,-0.00540986,0.07290039,0.0062846923,263
9.025797,642.88,1179.2946832180023,1.93841,540672,367.96105753000006,540672,423,0.6854436993598938,-0.0020179972,0.05805664,0.004759201,264
8.796072,642.88,1184.1355519294739,1.9371626,542720,368.1429303000001,542720,435,0.7772554755210876,-0.002258669,0.0390625,0.0035715196,265
11.325156,659.71,1188.8402450084686,1.9409196,544768,380.01994492000006,544768,448,0.6113130450248718,-0.0027887505,0.08178711,0.006558378,266
4.496966,645.59,1193.4059200286865,1.9471724,546816,370.6665756800001,546816,439,0.9031296819448471,-0.0021094831,0.071875,0.0057229125,267
10.392301,659.1,1198.0651659965515,1.9595902,548864,380.12077781000005,548864,434,0.7467373609542847,-0.0021125614,0.08701172,0.0067219995,268
10.294984,673.54,1202.776091337204,1.9574487,550912,390.16745373000003,550912,474,0.7012086808681488,-0.0038741708,0.08432617,0.00677566,269
5.003646,673.54,1207.0962445735931,1.959102,552960,387.31125834,552960,478,0.8859124332666397,-0.0019420966,0.0546875,0.0046687657,270
10.432589,673.54,1211.373122215271,1.9541743,555008,386.84064573,555008,442,0.6199041903018951,-0.0020313286,0.050976563,0.0045351246,271
11.165388,689.43,1216.0004348754883,1.9491068,557056,397.75943954999997,557056,461,0.5889523923397064,-0.001080602,0.049365234,0.004339922,272
16.93653,711.19,1220.4420173168182,1.9601943,559104,411.98359682999995,559104,435,0.6996012628078461,-0.007307262,0.07670899,0.006033591,273
19.098185,719.51,1225.1472582817078,1.9661436,561152,418.77771085999996,561152,412,0.687311977148056,-0.0037208435,0.06928711,0.0062693604,274
11.060492,719.51,1230.1077167987823,1.9562263,563200,419.5937065199999,563200,378,0.6246331334114075,-0.0024441048,0.051757812,0.004788095,275
9.165819,733.6,1235.5197191238403,1.9467065,565248,429.0866601199999,565248,428,0.6900259256362915,-0.0013615463,0.07329102,0.0061107283,276
10.0214405,733.6,1240.297152519226,1.9459074,567296,430.7735505499999,567296,408,0.707880437374115,-0.0037426658,0.08359375,0.0064286804,277
15.3489,752.0,1245.306563615799,1.9494873,569344,443.20892216,569344,438,0.7264516353607178,-0.0038336385,0.051416017,0.004668053,278
8.87061,767.23,1249.9809594154358,1.9412498,571392,453.84112804999995,571392,487,0.7210921049118042,-0.0021277443,0.05625,0.004761667,279
5.8343153,776.47,1254.1847150325775,1.937575,573440,459.77411780999995,573440,464,0.8525709956884384,-0.0013640414,0.045996092,0.004569793,280
14.742441,797.85,1258.5968034267426,1.9303335,575488,474.07932192,575488,465,0.6850578188896179,-0.0046574,0.084179685,0.007750556,281
15.429937,822.62,1262.999002456665,1.9183648,577536,491.3540753500001,577536,472,0.7160046696662903,-0.0019601223,0.057763673,0.0048608975,282
4.4326,818.8,1267.3300347328186,1.9167988,579584,489.43785945999997,579584,476,0.8976168930530548,-0.00650899,0.06020508,0.0051510674,283
18.816645,847.41,1271.6314508914948,1.9172481,581632,508.58473791000006,581632,419,0.60688716173172,-0.001178052,0.060791016,0.004982072,284
6.328247,857.17,1276.5188846588135,1.9161034,583680,515.51174479,583680,457,0.8419446796178818,-0.00622354,0.07319336,0.0068539283,285
22.166973,860.55,1280.9994411468506,1.9127781,585728,518.87810724,585728,466,0.6696195304393768,-0.0010936668,0.03671875,0.0033211522,286
8.575002,878.47,1285.3940320014954,1.9115648,587776,531.1277828799999,587776,462,0.6914145648479462,-0.0022944822,0.10805664,0.009823243,287
8.7956505,896.42,1289.822671175003,1.903058,589824,543.61570416,589824,390,0.7328226864337921,-0.0012889153,0.08486328,0.006719189,288
20.797913,920.22,1295.062830209732,1.8991238,591872,558.83056042,591872,452,0.5593347549438477,-0.003396667,0.07529297,0.0060648364,289
7.806121,940.24,1299.591852426529,1.894902,593920,570.6788908,593920,438,0.7070645689964294,-0.0011105672,0.09887695,0.007739175,290
11.144649,960.18,1304.2577619552612,1.8988243,595968,584.18973677,595968,488,0.6367969512939453,-0.0019449883,0.08203125,0.007200756,291
9.023283,976.5,1308.4470546245575,1.9108372,598016,594.9317891200001,598016,435,0.7250613272190094,-0.0060578175,0.072753906,0.0056520896,292
9.386976,996.39,1313.1461334228516,1.9234791,600064,608.77171745,600064,460,0.7549777626991272,-0.0029844407,0.06928711,0.006254437,293
9.5524235,1016.31,1317.5917348861694,1.9176203,602112,622.48366818,602112,451,0.7178665995597839,-0.000761999,0.04790039,0.004443403,294
12.35941,1034.06,1322.1268258094788,1.911804,604160,633.9398591199999,604160,457,0.6166605353355408,-0.0060086227,0.12685546,0.009411564,295
10.5794735,1054.04,1326.6009407043457,1.915762,606208,647.2586081899999,606208,471,0.6999993324279785,-0.0013311116,0.06523438,0.005569015,296
6.6236396,1057.87,1330.9444596767426,1.9262766,608256,649.2357480999999,608256,494,0.8113476485013962,-0.0022323898,0.085595705,0.007379043,297
38.58651,1084.96,1335.0844609737396,1.938627,610304,667.75137027,610304,455,0.5572827160358429,-0.005504114,0.09804688,0.008683464,298
6.732562,1090.46,1339.582011461258,1.9582465,612352,670.61762152,612352,484,0.7784682661294937,-0.0027210223,0.0680664,0.0056061503,299
10.820011,1107.19,1343.8125467300415,1.9660509,614400,682.13023562,614400,477,0.7140851020812988,-0.0016931081,0.07583008,0.006163371,300
9.489092,1127.07,1348.1020233631134,1.9709234,616448,695.5367389099999,616448,480,0.6615906953811646,0.00043920585,0.05283203,0.0045948843,301
11.0139675,1147.02,1352.3617651462555,1.9701672,618496,708.5712522299999,618496,460,0.6243428289890289,0.0016629433,0.09272461,0.0076858075,302
27.425442,1168.81,1356.805104970932,1.9709514,620544,723.52518075,620544,477,0.6684804260730743,-0.0055170013,0.05415039,0.007062357,303
9.803502,1168.81,1361.0990853309631,1.9788606,622592,723.3086781500001,622592,458,0.5786101520061493,-0.0019854275,0.07114258,0.0057429536,304
10.439387,1186.72,1365.5660269260406,1.9820055,624640,735.98901221,624640,462,0.706402599811554,-0.0037649036,0.10336914,0.008378384,305
8.861808,1203.02,1369.9926342964172,1.9977729,626688,746.6788415500002,626688,439,0.5774461328983307,-0.0014356847,0.10292969,0.008431582,306
6.6733985,1222.96,1374.653956413269,2.0170732,628736,760.5793171,628736,436,0.8223771899938583,-0.00437351,0.06435547,0.0053352504,307
10.876368,1238.82,1379.3415176868439,2.024819,630784,772.1639257899999,630784,434,0.6404620409011841,-0.0055235294,0.07280274,0.006076834,308
11.016428,1258.77,1384.0599746704102,2.0282483,632832,785.9751526099999,632832,474,0.7126011252403259,0.0004147594,0.040283203,0.0038910606,309
6.280689,1257.28,1388.377590894699,2.0289104,634880,784.91911706,634880,459,0.7592213600873947,0.0017416949,0.06923828,0.005823234,310
29.593353,1258.81,1392.8308491706848,2.0270262,636928,785.28563713,636928,478,0.6722228527069092,-0.003565404,0.05078125,0.0049842875,311
18.62406,1258.34,1397.1158089637756,2.0235152,638976,785.8249026400001,638976,400,0.6023668944835663,-0.0023386553,0.07114258,0.006143392,312
15.111911,1274.5,1402.234433889389,2.0283856,641024,797.2852052599999,641024,470,0.6857587099075317,-0.0019694497,0.048193358,0.0042241514,313
16.419792,1283.16,1406.5843238830566,2.0290465,643072,802.1071011000001,643072,420,0.6798827052116394,-0.005706685,0.06743164,0.0053209243,314
7.3699327,1285.05,1411.458122253418,2.0208116,645120,803.57588967,645120,468,0.7905226051807404,-0.003742832,0.06728516,0.005746898,315
17.750256,1308.54,1415.831396818161,2.022408,647168,817.6953988600002,647168,450,0.8057936728000641,-0.0020203362,0.03769531,0.0033719647,316
12.893007,1305.21,1420.3794205188751,2.039071,649216,817.95529,649216,423,0.7666419446468353,-0.005131169,0.054833986,0.005605281,317
12.324753,1325.1,1425.210443019867,2.0518427,651264,830.16217307,651264,499,0.5904751718044281,-0.002142335,0.039990235,0.0038152714,318
14.129239,1346.97,1429.3092081546783,2.0609086,653312,844.3782310899999,653312,490,0.7879085540771484,-0.003796531,0.059228517,0.005383328,319
10.835138,1363.21,1433.4861595630646,2.0730052,655360,855.2778116399999,655360,444,0.6009548902511597,-0.00020540117,0.0902832,0.007886946,320
11.840392,1383.07,1438.0894510746002,2.0789015,657408,869.3177249499997,657408,434,0.6623956561088562,-0.0024927086,0.043847658,0.0040549496,321
11.735135,1360.44,1442.8012328147888,2.0699391,659456,857.3692844799998,659456,407,0.8429515361785889,-0.0024648523,0.06484375,0.0055131647,322
18.852913,1345.98,1447.8323349952698,2.0694067,661504,848.8788918599998,661504,460,0.7758159041404724,-0.005868195,0.049560547,0.004264907,323
8.985363,1362.54,1452.2835512161255,2.0684361,663552,859.9935342900001,663552,490,0.7018977105617523,-0.0021930481,0.06796875,0.005597778,324
14.271283,1368.43,1456.463579416275,2.0709062,665600,864.19532558,665600,480,0.8140873312950134,-0.007283547,0.03642578,0.0036599147,325
9.991073,1368.43,1460.7302021980286,2.078767,667648,864.2103719300001,667648,480,0.5617218017578125,-0.00067135773,0.08574219,0.0067779785,326
14.7106,1351.66,1464.994341135025,2.0883708,669696,853.45409155,669696,482,0.7906471639871597,-0.002042504,0.031298827,0.0029174765,327
7.404761,1341.06,1469.2405021190643,2.0828724,671744,846.06186626,671744,467,0.8057777583599091,-0.0048179426,0.040722657,0.00398203,328
10.026656,1341.06,1473.624641418457,2.0658937,673792,845.71086886,673792,459,0.6154616177082062,-0.001113706,0.029785156,0.0029663527,329
13.093668,1347.93,1478.077897310257,2.0608306,675840,848.6825106600002,675840,478,0.7209429144859314,-0.0013648946,0.07114258,0.0062618135,330
6.061573,1336.0,1482.3585088253021,2.0757165,677888,839.49949733,677888,449,0.7485703527927399,-0.0053628916,0.081445314,0.0076858876,331
15.883087,1337.26,1486.9177260398865,2.0914483,679936,838.9732428599999,679936,442,0.6788899898529053,-0.0046612616,0.05698242,0.0051515233,332
13.061168,1319.77,1491.5463817119598,2.1125004,681984,827.4857306499999,681984,461,0.74754399061203,-0.0028631142,0.05390625,0.004427299,333
20.466684,1287.59,1495.9853887557983,2.1192124,684032,808.0400930899999,684032,431,0.7584530413150787,-0.0009781063,0.029199218,0.002822825,334
18.96764,1255.6,1500.7369148731232,2.1249042,686080,785.4349211699998,686080,452,0.7820899039506912,-0.0030069028,0.044970702,0.0038979773,335
11.544997,1255.6,1505.2589764595032,2.1242743,688128,784.7186192300001,688128,424,0.6229248940944672,-0.00012519173,0.032226562,0.0032113916,336
9.577227,1255.6,1510.080528974533,2.1238303,690176,784.49495678,690176,495,0.6245333254337311,-0.0037281148,0.07675781,0.006636318,337
6.202883,1239.5,1514.2118816375732,2.127083,692224,773.1572873900001,692224,472,0.7969205230474472,-0.0025404112,0.043798827,0.0040248395,338
8.902462,1239.5,1518.5425918102264,2.1254492,694272,772.47130492,694272,457,0.489587664604187,-0.0014087228,0.0980957,0.007904481,339
19.823763,1232.17,1523.016649723053,2.127584,696320,766.5698157799999,696320,474,0.6881844103336334,-0.0014905988,0.05288086,0.0044959085,340
14.383512,1231.7,1527.3337304592133,2.1309972,698368,765.54779807,698368,453,0.7282621264457703,-0.003783989,0.053222656,0.0052692923,341
8.987232,1231.7,1531.8548550605774,2.139805,700416,765.3213905999999,700416,448,0.6546125113964081,-8.447552e-05,0.054638673,0.0045831664,342
9.180307,1240.4,1536.4191715717316,2.1305661,702464,771.5084306800001,702464,421,0.6227189898490906,-0.002224819,0.059912108,0.005106483,343
16.342264,1235.19,1541.2809700965881,2.119288,704512,766.6232298200001,704512,480,0.7865890711545944,-0.0026165757,0.033154298,0.0032700554,344
10.786162,1210.62,1545.544929742813,2.1163745,706560,748.7977365500001,706560,487,0.7984846532344818,-0.0015720368,0.022851562,0.002194013,345
10.432051,1228.6,1549.7460594177246,2.1192555,708608,760.2523867900002,708608,457,0.4427574872970581,-0.0029027977,0.09804688,0.008018365,346
8.545948,1245.16,1554.221751689911,2.124895,710656,770.5179262500001,710656,415,0.5943672955036163,-0.003275719,0.06967773,0.005363279,347
9.123259,1245.16,1559.1483376026154,2.1407723,712704,770.0193186,712704,454,0.5753047466278076,-0.0052409964,0.0894043,0.007027066,348
30.81985,1191.31,1563.653644323349,2.148234,714752,733.79152584,714752,457,0.624657392501831,-0.00292358,0.064453125,0.005679098,349
10.859464,1191.31,1568.1330742835999,2.1453958,716800,734.75391799,716800,478,0.6231082677841187,-0.0009772772,0.087207034,0.0066606714,350
20.816113,1124.7,1572.411955356598,2.145236,718848,689.3558598299999,718848,468,0.7574304491281509,-0.0037414618,0.041064452,0.0037697456,351
14.394002,1123.03,1576.7799110412598,2.154555,720896,687.5187119499999,720896,450,0.5772402584552765,-3.030479e-05,0.07768555,0.0063083903,352
19.10673,1123.43,1581.322895526886,2.1649315,722944,688.6761372199998,722944,471,0.8279979079961777,-0.0017699931,0.035498045,0.0032038775,353
5.543277,1135.75,1585.6655945777893,2.1830902,724992,698.2713208799998,724992,445,0.8400487303733826,-0.0045726304,0.033496093,0.0031195902,354
17.058584,1098.34,1590.2627656459808,2.1881843,727040,673.2581499899998,727040,435,0.7306835055351257,-0.0077705807,0.10546875,0.010495884,355
18.40645,1096.2,1594.9634976387024,2.1868825,729088,671.8623004499999,729088,449,0.5973320305347443,-0.0052137137,0.06538086,0.0055121747,356
10.424241,1098.4,1599.5228428840637,2.1914248,731136,673.20568353,731136,427,0.8558553904294968,-0.0031791993,0.058203124,0.005052938,357
14.186544,1082.53,1604.310070991516,2.1985736,733184,662.42731191,733184,423,0.6596984565258026,-0.0010025488,0.07539062,0.0066168522,358
9.997362,1058.78,1609.1450550556183,2.199387,735232,645.6618732899999,735232,446,0.8531490713357925,4.012218e-05,0.025390625,0.0027436728,359
12.84181,1032.26,1613.73544216156,2.2054124,737280,627.4654135100002,737280,480,0.8594890832901001,-0.0018181572,0.028173828,0.0027905956,360
9.188499,1032.26,1617.9994480609894,2.1977153,739328,629.56345114,739328,439,0.6982663869857788,-0.004372897,0.047021486,0.00445534,361
12.152499,1050.61,1622.6640255451202,2.1769364,741376,642.42265649,741376,490,0.7507225573062897,-0.0034466586,0.09091797,0.006804095,362
9.498621,1066.9,1626.8368768692017,2.1806307,743424,654.37903528,743424,434,0.6552545428276062,-0.0024291198,0.071826175,0.0060040015,363
9.278004,1069.33,1631.5465292930603,2.1816015,745472,657.18588514,745472,460,0.8571836650371552,-0.004145403,0.059521485,0.0049984204,364
14.269239,1059.5,1635.9905953407288,2.191225,747520,650.52714608,747520,495,0.8202513605356216,-0.0045422977,0.0418457,0.003589591,365
24.93872,1031.94,1640.121526002884,2.1912746,749568,633.0298952599999,749568,498,0.6997884511947632,-0.0031645254,0.05644531,0.0049250643,366
10.262045,1048.0,1644.233862400055,2.187375,751616,645.0281482,751616,486,0.8183250576257706,-0.0019920818,0.043847658,0.00412164,367
5.15822,1035.73,1648.441385269165,2.1829314,753664,635.1334469199999,753664,430,0.8616482317447662,-0.007759238,0.06533203,0.0056765946,368
22.641489,1023.75,1653.2027497291565,2.1810346,755712,626.4902165,755712,489,0.639789491891861,-0.0024322881,0.052246094,0.0045705754,369
4.4622874,1007.43,1657.3891100883484,2.1894422,757760,615.9504833499999,757760,502,0.8757517412304878,-0.0012767178,0.04272461,0.0037937718,370
16.80904,1002.77,1661.4625301361084,2.1870625,759808,610.8323780000001,759808,498,0.7360952198505402,-0.0047141397,0.054980468,0.0057471204,371
12.350019,1019.1,1665.5739426612854,2.1901624,761856,622.98407486,761856,505,0.644981861114502,-0.0017796408,0.06035156,0.005156532,372
9.295036,1036.19,1669.6231381893158,2.1865778,763904,635.7937538700002,763904,467,0.7222722470760345,-0.0016832899,0.04008789,0.0036675693,373
16.639254,1024.88,1674.0017807483673,2.1872633,765952,628.5503520199999,765952,475,0.7271339297294617,-0.0031772112,0.064697266,0.0053715194,374
10.812586,1038.46,1678.3133857250214,2.190536,768000,637.46418368,768000,447,0.5655063986778259,-0.0022699088,0.07172851,0.00777123,375
9.019147,1055.38,1682.8905947208405,2.1938746,770048,649.9675615199999,770048,495,0.734957367181778,-0.0022162492,0.093164064,0.0071545905,376
4.9069753,1051.91,1687.0238678455353,2.2083015,772096,648.1026222500001,772096,474,0.8839555457234383,-0.0042647207,0.04160156,0.0037008151,377
8.483298,1051.91,1691.3368382453918,2.2172773,774144,649.2083590000001,774144,466,0.7751534581184387,-0.0024774447,0.081445314,0.006477406,378
9.196006,1051.91,1695.7242782115936,2.2282043,776192,649.49490114,776192,475,0.5501141548156738,-0.0052662604,0.08657227,0.0070164343,379
10.895412,1077.34,1700.0325410366058,2.2442818,778240,666.6438234400001,778240,440,0.8357589542865753,-0.0018644597,0.047314454,0.004150967,380
11.455136,1077.34,1704.6789410114288,2.2581189,780288,667.12948367,780288,443,0.6663238704204559,-0.004390936,0.030126953,0.0030251602,381
10.862867,1064.44,1709.2938439846039,2.267901,782336,659.1369850100001,782336,439,0.8362080454826355,-0.0019871462,0.047167968,0.004095423,382
9.495847,1076.37,1713.9521629810333,2.2791085,784384,666.9650964699999,784384,418,0.5629128515720367,-0.0019284568,0.08017578,0.006640074,383
16.848354,1075.47,1718.8495519161224,2.2821426,786432,668.8116466099999,786432,452,0.7391580045223236,-0.005662317,0.057763673,0.005205645,384
4.864827,1064.02,1723.379060268402,2.2802186,788480,660.84571474,788480,491,0.9216809943318367,-0.0032169581,0.04145508,0.0038647235,385
17.023493,1070.23,1727.54692196846,2.2771766,790528,665.3108717299999,790528,468,0.690774142742157,-0.0014016244,0.034765624,0.0033074927,386
9.413779,1083.9,1731.9144229888916,2.281799,792576,671.8885921499999,792576,474,0.804869532585144,-0.003568276,0.04863281,0.004123775,387
12.945506,1094.77,1736.234061717987,2.2895558,794624,677.4385156200002,794624,483,0.8214718252420425,-0.00430387,0.06796875,0.005940848,388
7.864834,1072.69,1740.4663662910461,2.3020678,796672,663.26973018,796672,433,0.8769815638661385,-0.0044574025,0.04824219,0.0043626465,389
11.691782,1072.69,1745.1897187232971,2.308663,798720,663.82961435,798720,454,0.5426143705844879,-0.003325225,0.072070315,0.006524933,390
11.6185055,1088.79,1749.695646762848,2.3130596,800768,675.4788809300001,800768,474,0.6356410086154938,-0.0030470411,0.058740236,0.004796755,391
11.023777,1088.79,1754.0151047706604,2.3177748,802816,677.04185524,802816,508,0.672029435634613,-0.003838602,0.06015625,0.00468105,392
8.816661,1088.79,1758.0463993549347,2.3252933,804864,678.6990472699998,804864,451,0.7286937236785889,-0.001558191,0.027685547,0.0026389621,393
10.499915,1106.62,1762.5851531028748,2.332389,806912,690.55300108,806912,479,0.756865605711937,-0.00018882594,0.04863281,0.0042044725,394
9.424542,1123.4,1766.8598968982697,2.3431926,808960,702.1129151599998,808960,490,0.7069822251796722,-0.0059983614,0.08828125,0.0076729665,395
12.124483,1123.4,1771.0376117229462,2.3626354,811008,702.14682212,811008,480,0.50332310795784,-0.00013693911,0.095214844,0.0081967935,396
10.462963,1140.22,1775.297684431076,2.3744416,813056,713.46480148,813056,414,0.4994981288909912,0.0008620117,0.084228516,0.0076443055,397
14.906517,1122.63,1780.2432644367218,2.3796844,815104,701.40038443,815104,466,0.71841099858284,-0.0034933295,0.07773437,0.006549249,398
12.404441,1124.58,1784.630616426468,2.3907344,817152,702.7323923199999,817152,480,0.7196947336196899,-0.003061972,0.062841795,0.005484527,399
9.216445,1140.17,1788.8969142436981,2.3938336,819200,711.20664011,819200,460,0.7548401951789856,-0.0014322624,0.043554686,0.0037409465,400
12.824347,1155.84,1793.3461771011353,2.3921342,821248,721.60705003,821248,431,0.49345266819000244,-0.0026993062,0.047167968,0.003939758,401
9.048587,1170.55,1798.0907008647919,2.3884456,823296,731.4844906899999,823296,450,0.5985338389873505,-0.0016135058,0.06064453,0.004993858,402
10.111621,1187.37,1802.638133764267,2.3924909,825344,742.7139257399999,825344,455,0.6299349665641785,-0.0020756042,0.05629883,0.004752322,403
9.975092,1187.37,1807.1324019432068,2.39598,827392,743.3887395500001,827392,453,0.5059550106525421,-0.0017738469,0.076611325,0.006707435,404
9.346406,1187.37,1811.6510512828827,2.3862786,829440,743.9568616900001,829440,415,0.6869655251502991,-0.0011102252,0.048779298,0.004339218,405
10.628199,1187.37,1816.5840647220612,2.3881721,831488,744.88804159,831488,442,0.6743776500225067,-0.0027160621,0.019335937,0.0020339007,406
10.32382,1192.54,1821.2130191326141,2.3875346,833536,747.4821447699999,833536,515,0.844055563211441,-0.00627078,0.045654297,0.004721711,407
12.157549,1212.54,1825.1872482299805,2.3924825,835584,760.5064629399999,835584,494,0.3572860360145569,-0.0017860904,0.04799805,0.0041872906,408
5.8691597,1221.53,1829.328241109848,2.3912208,837632,764.95590405,837632,521,0.8879353329539299,-0.00022753332,0.039941408,0.003767229,409
9.43423,1238.09,1833.2585895061493,2.3851595,839680,776.67637639,839680,521,0.8412741720676422,-0.0015977236,0.049609374,0.004248936,410
12.602333,1232.25,1837.1881663799286,2.387232,841728,768.12404924,841728,497,0.7509569078683853,-0.0035566967,0.065820314,0.0052942513,411
9.334133,1252.24,1841.302212715149,2.3888278,843776,781.8129227100002,843776,432,0.7032743096351624,-0.0037159235,0.04399414,0.0039171064,412
9.4887085,1270.11,1846.0351481437683,2.3892496,845824,794.14777248,845824,469,0.7510119080543518,-0.00023555031,0.02836914,0.0028644842,413
15.68761,1273.17,1850.4020590782166,2.3939006,847872,796.37353828,847872,418,0.7698758095502853,-0.004618636,0.050927736,0.004617953,414
5.3025737,1277.15,1855.2959747314453,2.3934877,849920,798.3021147100002,849920,432,0.8108730465173721,-0.0056711147,0.06621094,0.00560795,415
6.117189,1293.44,1860.0295896530151,2.3917134,851968,805.3616530600001,851968,442,0.8596315830945969,-0.0052617914,0.056591798,0.004709971,416
8.3558,1310.23,1864.6619515419006,2.3909016,854016,816.5666307000001,854016,455,0.6493674516677856,-0.0028731436,0.049804688,0.0043852683,417
15.509295,1322.16,1869.1607656478882,2.3894544,856064,823.7598130099999,856064,447,0.7517223507165909,-0.00026725416,0.04663086,0.004050981,418
8.663045,1324.31,1873.7363803386688,2.3974369,858112,824.9850808100001,858112,468,0.5871948301792145,-0.004711113,0.10874023,0.009564855,419
15.94903,1327.82,1878.1058621406555,2.410807,860160,826.8158467,860160,421,0.5921957194805145,-0.003729341,0.046582032,0.0042652353,420
13.258006,1327.8,1882.9601151943207,2.4291625,862208,825.6930623300001,862208,478,0.6985300183296204,-0.0016605684,0.0609375,0.005004202,421
9.5875225,1345.69,1887.239521741867,2.4402413,864256,837.3057832900001,864256,452,0.5112253427505493,-0.0005892733,0.07333984,0.0059171105,422
9.954611,1359.3,1891.7684962749481,2.44313,866304,846.4908753799999,866304,465,0.5437018275260925,-0.002127781,0.06689453,0.0053505776,423
10.389323,1375.97,1896.1676349639893,2.444736,868352,858.0313917099999,868352,460,0.6097984611988068,-0.004253368,0.064013675,0.0053370716,424
14.98257,1373.98,1900.6163444519043,2.4456675,870400,856.61913599,870400,461,0.6114801466464996,-0.0071950867,0.07851563,0.006538649,425
9.658955,1380.06,1905.057936668396,2.4520655,872448,860.87947852,872448,412,0.6200985908508301,-0.0038013712,0.07856445,0.0060480973,426
17.491491,1376.15,1910.023507118225,2.461432,874496,856.7981233,874496,432,0.7152540385723114,-0.0024320788,0.058886718,0.0049960846,427
14.640593,1374.21,1914.7599368095398,2.4596562,876544,853.8531033200001,876544,480,0.6719520390033722,-0.0027153408,0.05493164,0.0045375465,428
14.74143,1373.4,1919.0247485637665,2.4482486,878592,854.15348985,878592,481,0.7528475224971771,-0.0015837948,0.026464844,0.0026610675,429
14.51993,1343.95,1923.2811069488525,2.4539733,880640,831.8312579900002,880640,467,0.8211342841386795,-0.00489528,0.04921875,0.004311403,430
14.749008,1351.96,1927.6582243442535,2.4707153,882688,837.85972492,882688,441,0.7644269168376923,-0.004219727,0.036230467,0.00339953,431
30.72701,1340.32,1932.2978603839874,2.4823337,884736,829.8695511100002,884736,485,0.6671793758869171,-0.0060585146,0.047021486,0.00538743,432
14.396436,1323.21,1936.5149972438812,2.500237,886784,819.62596184,886784,454,0.7950816601514816,-0.0077599175,0.0574707,0.005251727,433
23.793255,1306.56,1941.0181558132172,2.5210638,888832,810.2848067,888832,437,0.7843726873397827,-0.003633694,0.03237305,0.0030481794,434
21.505032,1251.27,1945.6983623504639,2.5297494,890880,770.6213269600001,890880,426,0.8087000399827957,-0.005955686,0.046533205,0.0039825374,435
14.330022,1227.93,1950.5006206035614,2.5462005,892928,754.1550714399999,892928,456,0.8293654024600983,-0.0019466381,0.022900391,0.002132467,436
17.76194,1183.2,1954.9844717979431,2.5451705,894976,722.48841769,894976,495,0.823473647236824,-0.0047229356,0.053222656,0.0045740614,437
8.980417,1190.9,1959.1151056289673,2.5443254,897024,727.6117042100002,897024,473,0.6471834182739258,-0.0018901948,0.07163086,0.0058963234,438
8.240069,1170.11,1963.4379484653473,2.541653,899072,714.2295103500002,899072,432,0.8846393376588821,-0.0020506312,0.033984374,0.0031539872,439
16.905245,1152.12,1968.1712064743042,2.5390298,901120,702.4932443500002,901120,475,0.7781896144151688,-0.004616408,0.04375,0.0036710326,440
10.924893,1146.49,1972.47705078125,2.5346444,903168,698.9479040400001,903168,463,0.8353976160287857,-0.004637233,0.06669922,0.0053225225,441
18.177841,1130.82,1976.8944087028503,2.5370603,905216,690.0210836,905216,486,0.7622168213129044,-0.0030977863,0.037744142,0.0034420993,442
9.764896,1140.79,1981.1008338928223,2.544494,907264,698.88195811,907264,492,0.7007699608802795,-0.0014182536,0.048828125,0.004205148,443
12.464274,1145.88,1985.2611339092255,2.5429642,909312,704.64939279,909312,502,0.7939852923154831,-0.005949817,0.046582032,0.00396785,444
13.179106,1164.48,1989.3375070095062,2.5495362,911360,718.1541197000001,911360,486,0.7779410779476166,-0.0024902865,0.050048828,0.0042167148,445
13.036774,1138.98,1993.549623966217,2.5603762,913408,700.8778309699999,913408,472,0.8593595772981644,-0.003320321,0.04145508,0.0035100896,446
16.355938,1096.02,1997.88818192482,2.5674558,915456,670.1158134399999,915456,391,0.7901863753795624,-0.0010240254,0.021044921,0.0021538308,447
11.768749,1096.02,2003.1239624023438,2.5639591,917504,670.94920159,917504,471,0.6698252558708191,-0.0038154926,0.04663086,0.004391035,448
7.4481263,1096.02,2007.4677481651306,2.5550544,919552,672.27003826,919552,483,0.8038167357444763,-0.006273008,0.026220703,0.0026862738,449
5.25526,1084.1,2011.7037591934204,2.5425978,921600,664.54692616,921600,384,0.8840188980102539,-0.0059540155,0.038085938,0.0036367667,450
13.56747,1084.84,2017.0407423973083,2.5414476,923648,665.96480348,923648,385,0.7636205554008484,-0.002874143,0.05708008,0.005078529,451
18.111078,1068.07,2022.3476221561432,2.5490575,925696,657.82005637,925696,491,0.7595475614070892,-0.0014125712,0.020117188,0.001995128,452
4.9105525,1058.25,2026.5168948173523,2.5447974,927744,651.4495591899998,927744,472,0.8735694289207458,-0.006947013,0.06123047,0.0051790043,453
9.784455,1058.25,2030.8562984466553,2.5409806,929792,652.5790300799999,929792,496,0.7708593606948853,-0.00026943214,0.035205077,0.0034399151,454
18.44009,1024.53,2034.978012084961,2.547066,931840,631.7398971399999,931840,478,0.7981716096401215,-0.0033123635,0.04321289,0.0037338655,455
9.286417,1024.53,2039.2608184814453,2.5487368,933888,632.38323585,933888,485,0.7743198424577713,-0.003771625,0.06967773,0.0056022014,456
15.953374,1018.53,2043.480969429016,2.54317,935936,630.89926355,935936,497,0.7482357323169708,-0.0024257756,0.04765625,0.0043221875,457
6.3829336,1018.53,2047.5998275279999,2.5289574,937984,627.59935115,937984,516,0.8683342933654785,-0.0008241903,0.08071289,0.007487698,458
15.12997,1013.5,2051.562115430832,2.5153947,940032,625.2276039499999,940032,451,0.7118205726146698,-0.00073449966,0.07744141,0.0063587413,459
12.538178,1013.5,2056.097559452057,2.5083318,942080,630.2002832899999,942080,463,0.6258067488670349,-0.0013393442,0.03696289,0.0037049465,460
14.712384,978.77,2060.514486551285,2.5012076,944128,606.4040396799999,944128,413,0.8204628378152847,-0.0011114568,0.09760742,0.008648868,461
9.739755,975.39,2065.465104818344,2.515047,946176,604.1119552700001,946176,459,0.8503567427396774,-0.006184257,0.043847658,0.004018567,462
13.453839,989.25,2069.926685333252,2.5264273,948224,615.59951793,948224,414,0.7336937189102173,-0.0015043464,0.05234375,0.0046852343,463
13.13427,989.25,2074.867292881012,2.5285814,950272,620.1816560500001,950272,381,0.6195277273654938,-0.0030344862,0.055761717,0.004795803,464
4.0759454,989.18,2080.2290675640106,2.5348887,952320,621.2245042700001,952320,476,0.907441571354866,-0.0070580384,0.05996094,0.005170892,465
10.435794,989.18,2084.5269980430603,2.549423,954368,622.5424127800001,954368,453,0.6995945572853088,-0.0067413924,0.09643555,0.008493834,466
12.143468,1006.83,2089.039121866226,2.5655165,956416,635.4541281300001,956416,462,0.6818394958972931,-0.0049100365,0.061328124,0.0052558044,467
27.176453,963.78,2093.4661300182343,2.5909095,958464,606.9361914100001,958464,490,0.6435431241989136,-0.006408223,0.054833986,0.0046667936,468
16.392506,947.79,2097.640556335449,2.6193461,960512,596.89457577,960512,457,0.8240817040205002,-0.004647754,0.02055664,0.0023480156,469
7.282519,926.67,2102.118132352829,2.6277862,962560,582.32286834,962560,358,0.9163508862257004,-0.005581812,0.044140626,0.0038944161,470
14.568883,910.29,2107.8379135131836,2.6402535,964608,571.66977788,964608,351,0.8394881188869476,-0.0033032608,0.034960937,0.0031512186,471
13.062367,933.82,2113.6619107723236,2.6421962,966656,588.8100934299999,966656,466,0.830338329076767,-0.0033953302,0.038183592,0.003560334,472
13.698361,933.82,2118.056889772415,2.6456475,968704,589.76791638,968704,383,0.5790064036846161,-0.00083128887,0.043408204,0.003821763,473
11.1532135,950.38,2123.3914108276367,2.6442113,970752,601.40310088,970752,424,0.6622119247913361,-0.006189187,0.078710936,0.0065342346,474
14.87843,943.08,2128.2136154174805,2.6320846,972800,596.16233362,972800,429,0.8205640465021133,-0.00045855794,0.018164063,0.002076069,475
8.642859,938.11,2132.9870142936707,2.6325035,974848,592.8680701300001,974848,457,0.8994926661252975,-0.0022627662,0.028710937,0.002734243,476
18.606611,936.38,2137.461933851242,2.640941,976896,592.89778976,976896,505,0.8382399678230286,-0.0029550586,0.048828125,0.0042627924,477
15.556562,953.79,2141.5100321769714,2.6363978,978944,603.99773713,978944,468,0.6129449605941772,-0.004556014,0.07783203,0.006140822,478
5.837447,956.06,2145.8843348026276,2.6346955,980992,605.6824618200001,980992,450,0.8118439614772797,-0.0015924178,0.051123045,0.004466829,479
11.387007,973.85,2150.429190158844,2.6509173,983040,617.1775518800001,983040,445,0.36358577013015747,-0.0033343635,0.10112305,0.009230321,480
10.105336,991.54,2155.02272105217,2.6724885,985088,628.4746170000001,985088,450,0.40517860651016235,-0.006826197,0.086523436,0.0074709645,481
26.245983,990.51,2159.5743839740753,2.6776834,987136,627.23875263,987136,498,0.7859718650579453,-0.0060751787,0.04243164,0.0036634444,482
13.638769,1008.61,2163.681654691696,2.675428,989184,640.12861908,989184,467,0.761898398399353,-0.0027516675,0.046826173,0.0039619096,483
9.947743,1025.5,2168.063141107559,2.6709425,991232,651.82772937,991232,444,0.7508059293031693,-0.00413797,0.039941408,0.0037653358,484
7.9120193,1028.69,2172.669434785843,2.6758792,993280,653.79552326,993280,442,0.749458909034729,-0.00489715,0.041503906,0.003382355,485
20.766438,1043.19,2177.3029963970184,2.6770613,995328,664.1123417499999,995328,485,0.6970254480838776,-0.0038364318,0.031054687,0.0031690702,486
11.383345,1057.53,2181.5253958702087,2.6745489,997376,673.7804994499999,997376,449,0.6777712404727936,-0.004583021,0.0578125,0.0050851754,487
12.288732,1074.53,2186.0796568393707,2.6771107,999424,685.42236209,999424,426,0.5332018733024597,-0.001888296,0.072216794,0.0060188617,488
