serial_timesteps,explained_variance,policy_loss,policy_entropy,ep_reward_mean,n_updates,ep_len_mean,clipfrac,time_elapsed,fps,value_loss,total_timesteps,approxkl
2048,-0.3615760803222656,-0.0038291626,1.4182837,182.4800875,1,938.5,0.046679687,3.337860107421875e-06,522,4.800489,2048,0.004351925
4096,0.19058656692504883,-0.0063143587,1.4121212,113.78485214285713,2,576.4285714285714,0.06123047,3.918529987335205,551,4.667538,4096,0.0047302325
6144,0.0294114351272583,-0.0023274221,1.3990343,69.59867835294118,3,357.4117647058824,0.029589843,7.634060621261597,590,3.6749458,6144,0.0030093929
8192,-0.12851548194885254,-0.0024870667,1.4006616,59.205180740740744,4,299.51851851851853,0.018164063,11.103077411651611,601,4.23284,8192,0.0023162114
10240,0.14912259578704834,-0.00235698,1.3992517,55.14409102702702,5,275.72972972972974,0.0146484375,14.50893783569336,577,3.9844887,10240,0.0018642226
12288,0.16592705249786377,-0.0032150664,1.39332,56.46815911363637,6,277.47727272727275,0.030664062,18.056477069854736,577,4.7100472,12288,0.0031340073
14336,0.5417889654636383,-0.005410518,1.4022804,51.65898410714285,7,253.82142857142858,0.05546875,21.605892419815063,594,2.851272,14336,0.0047893813
16384,0.515366405248642,-0.0024240483,1.4140742,53.426995793650796,8,259.22222222222223,0.02475586,25.053921937942505,615,3.9874527,16384,0.0027585758
18432,0.7079601287841797,-0.0010765184,1.4180892,53.17805623943661,9,257.50704225352115,0.017236328,28.38452124595642,603,2.8143067,18432,0.0022419954
20480,0.8345180749893188,-0.0063768355,1.4175702,52.4352381392405,10,255.37974683544303,0.07290039,31.777446269989014,565,1.884464,20480,0.005605031
22528,0.8685163706541061,-0.005263337,1.417908,53.928347523809514,11,264.35714285714283,0.07299805,35.40124559402466,633,1.823103,22528,0.005849544
24576,0.8472615331411362,-0.004784108,1.4151663,55.52223724418603,12,273.33720930232556,0.058935545,38.63445425033569,639,2.4409494,24576,0.0048031947
26624,0.8324155211448669,-0.002151148,1.4146807,59.50839239080457,13,293.7471264367816,0.047949217,41.839763164520264,646,2.5396326,26624,0.0045082667
28672,0.18713361024856567,-0.0020892965,1.4001386,64.11234335227272,14,313.6931818181818,0.05834961,45.00778913497925,640,2.5525362,28672,0.0051483028
30720,0.09058123826980591,-0.0068408684,1.4029043,68.59169893258426,15,333.19101123595505,0.10869141,48.20644569396973,633,2.3966453,30720,0.007998446
32768,0.39156532287597656,-0.001068876,1.407865,73.21862038888888,16,352.25555555555553,0.026220703,51.44113779067993,643,2.306027,32768,0.0027992423
34816,0.23289549350738525,-0.002054669,1.4034569,77.87482508791209,17,370.9010989010989,0.05,54.62578511238098,635,2.207175,34816,0.004125853
36864,0.05938142538070679,-0.00020872494,1.4065677,82.15290285869564,18,389.14130434782606,0.01796875,57.85170650482178,641,1.968602,36864,0.0022840514
38912,0.34107381105422974,-0.0023770158,1.399799,86.33267733333332,19,406.98924731182797,0.03173828,61.04680323600769,631,1.6912148,38912,0.0031423245
40960,0.007533431053161621,-0.0023413848,1.3993258,90.55382606382977,20,424.4574468085106,0.050341796,64.2899284362793,624,1.9064881,40960,0.004333394
43008,0.17818880081176758,-0.0036954521,1.4090108,94.87696599999998,21,441.5578947368421,0.057910156,67.57198548316956,637,1.717181,43008,0.004863037
45056,0.3209812045097351,-0.0046182824,1.410799,98.68927448958333,22,458.3020833333333,0.09125976,70.7869234085083,634,1.5131414,45056,0.006774024
47104,0.29996055364608765,-0.000558945,1.4161187,102.7854022371134,23,474.70103092783506,0.03022461,74.01780796051025,546,1.82037,47104,0.002914687
49152,0.42770880460739136,-0.0030529678,1.4120271,106.59982006122448,24,490.765306122449,0.0680664,77.76886582374573,552,1.3077865,49152,0.0059828865
51200,0.6872756779193878,-0.0027620567,1.4046482,110.81247711,25,510.72,0.027636718,81.47485303878784,536,1.3009214,51200,0.00300781
53248,0.8186610788106918,-0.0059592784,1.4001377,113.58502034000001,26,522.6,0.06943359,85.30392599105835,616,1.1042428,53248,0.00553451
55296,0.7751592695713043,-0.0018532211,1.383403,115.17200799,27,529.18,0.034326173,88.62975192070007,638,0.91320056,55296,0.0033614985
57344,0.6243245303630829,-0.0016595846,1.3653733,118.73790277,28,545.21,0.07695313,91.83593583106995,628,0.7590496,57344,0.006174783
59392,0.23060625791549683,-0.0014572928,1.3518008,121.79592276,29,558.68,0.040136717,95.09610295295715,633,0.9746634,59392,0.0038422798
61440,0.15392369031906128,0.0004465037,1.3367227,126.11447900000002,30,576.47,0.028466797,98.33031964302063,629,1.032591,61440,0.0029033418
63488,0.1799830198287964,-0.0010673257,1.3330055,129.98315688,31,592.95,0.027636718,101.58708429336548,566,0.968832,63488,0.0027423745
65536,0.30616843700408936,-0.0014468257,1.3294123,134.02231188,32,610.05,0.030908203,105.20114922523499,592,0.974182,65536,0.0030908955
67584,0.3121669292449951,-0.0014207897,1.3287705,138.53865288999998,33,628.56,0.039794922,108.66012525558472,634,1.1446974,67584,0.0036345657
69632,0.3466801643371582,-0.0021544662,1.3262125,143.19876623,34,647.11,0.041552734,111.88720631599426,612,1.1307641,69632,0.003898044
71680,0.24144762754440308,0.00035656136,1.3172716,148.09183539000003,35,666.06,0.051123045,115.23085975646973,590,1.1133142,71680,0.0044664335
73728,0.21643680334091187,-0.0020991482,1.3102738,152.80595474,36,684.31,0.0847168,118.70009589195251,588,1.0183482,73728,0.006446419
75776,0.20842742919921875,-0.00042988377,1.3168077,157.23017363000002,37,700.96,0.038183592,122.18022751808167,617,1.0095928,75776,0.0034366897
77824,0.006196022033691406,-0.0021163926,1.3205113,161.89640198000004,38,719.62,0.043017577,125.49728059768677,596,1.1019663,77824,0.0038033698
79872,0.12584251165390015,5.3934946e-05,1.3151028,166.56480275,39,738.0,0.048291016,128.9325873851776,612,1.010968,79872,0.0040420736
81920,0.08151471614837646,-0.0021685432,1.3189867,171.42371115000003,40,756.73,0.064892575,132.27696108818054,610,1.057777,81920,0.005114287
83968,0.0670539140701294,-0.0022262752,1.3319201,176.35718218000002,41,775.77,0.049609374,135.63421535491943,647,1.0299151,83968,0.0041056266
86016,0.07137137651443481,-0.00055578107,1.3607923,181.21294561,42,794.54,0.041748047,138.7969627380371,631,1.0433255,86016,0.0037031758
88064,0.06643950939178467,-0.0013447972,1.3821152,186.29926877999998,43,813.53,0.0340332,142.03937125205994,639,1.1445496,88064,0.003124571
90112,0.07403534650802612,-0.00080944475,1.3896762,191.44080010999997,44,832.17,0.059570312,145.2440664768219,587,1.1305039,90112,0.004761731
92160,0.07419478893280029,-0.0011536289,1.3838425,196.43244861,45,850.08,0.047607422,148.72823929786682,575,1.2501976,92160,0.0040928246
94208,0.025170505046844482,-0.0029732015,1.3817719,201.63950001,46,867.93,0.03984375,152.28807258605957,533,1.3221756,94208,0.0038131787
96256,0.024742960929870605,-0.0017536447,1.3897485,207.10904879999998,47,887.0,0.03881836,156.12816977500916,616,1.3666087,96256,0.0034816545
98304,0.05770343542098999,-0.0023287,1.395025,212.75603646,48,905.66,0.053222656,159.4531021118164,617,1.5095909,98304,0.0045912224
100352,0.044019222259521484,-0.0009422785,1.389936,218.55028599000002,49,924.81,0.035351563,162.77230167388916,612,1.4635694,100352,0.0035462354
102400,0.06761765480041504,-0.0050301035,1.3860693,223.7379313,50,941.24,0.05332031,166.1175000667572,616,1.6118221,102400,0.0042087166
104448,0.065929114818573,-0.0014328909,1.3930317,229.79814679000003,51,960.37,0.016259765,169.44340062141418,599,1.676655,104448,0.0018236833
106496,0.02743065357208252,-0.0031550284,1.4030482,235.66620183000003,52,979.33,0.037841797,172.8631157875061,593,1.6572325,106496,0.0037658573
108544,0.04027825593948364,-0.00059942866,1.397751,241.58549651,53,997.99,0.014111328,176.31560254096985,614,1.6676353,108544,0.0019554654
110592,0.08492851257324219,0.00031981734,1.3914355,247.66893504,54,1016.87,0.020458985,179.65077352523804,591,1.7402347,110592,0.0023713647
112640,0.040851891040802,-0.0034487948,1.3993464,253.69270306999996,55,1035.98,0.055371094,183.11499333381653,609,1.6922462,112640,0.0047793807
114688,0.05794799327850342,-0.0028308872,1.4097129,259.54988681,56,1052.51,0.047021486,186.47614932060242,587,1.9838645,114688,0.004065333
116736,0.12046706676483154,-0.0042900536,1.4063694,265.89947002,57,1071.07,0.03203125,189.9605689048767,588,2.078324,116736,0.003323463
118784,0.13801467418670654,-0.0012622073,1.4188917,271.90492988,58,1087.98,0.04145508,193.44162583351135,576,1.9079508,118784,0.0036384172
120832,0.12808144092559814,-0.0019766758,1.43947,278.38501775000003,59,1106.98,0.046582032,196.99236035346985,589,1.93346,120832,0.0037904766
122880,0.19399809837341309,-0.002038893,1.4367771,285.42788390000004,60,1125.88,0.05239258,200.4661741256714,553,2.669347,122880,0.004301043
124928,0.10037332773208618,-0.001670934,1.435565,291.52923344000004,61,1143.75,0.06035156,204.16664123535156,569,1.8713639,124928,0.0050296667
126976,0.19370973110198975,-0.00085986155,1.4271818,298.57260137,62,1163.08,0.02836914,207.76440477371216,596,2.4413702,126976,0.003094291
129024,0.08981406688690186,-0.0020079585,1.4235711,303.37127423000004,63,1179.15,0.046679687,211.20075917243958,586,1.6248604,129024,0.0039572828
131072,0.010323941707611084,-0.00024318125,1.4330245,308.55988644,64,1197.49,0.059033204,214.69425868988037,612,1.5325949,131072,0.0048188847
133120,0.08116424083709717,-0.00026576305,1.4539899,313.29183292,65,1213.3,0.037597656,218.0391969680786,621,1.4578277,133120,0.0034818284
135168,0.03251004219055176,-0.003352223,1.4693934,318.99286435,66,1232.46,0.06499024,221.33808135986328,575,1.6937072,135168,0.005236883
137216,0.05994737148284912,-0.0017720159,1.4859091,324.65823734,67,1251.43,0.05605469,224.89628958702087,611,1.5665925,137216,0.004675638
139264,0.13354718685150146,-0.0010599648,1.4836962,329.94342099,68,1268.68,0.03300781,228.24791193008423,586,1.5313284,139264,0.003335851
141312,0.11231505870819092,-0.003829768,1.4860758,334.79669685,69,1286.44,0.13583985,231.73870158195496,630,1.5008255,141312,0.009509057
143360,0.06510424613952637,-0.0012815098,1.4842678,339.96090533999995,70,1305.01,0.03828125,234.98795819282532,629,1.5505497,143360,0.0038170703
145408,0.3575226068496704,-0.0035149436,1.4946649,346.10688475,71,1324.19,0.047167968,238.23979830741882,589,1.5322578,145408,0.0040739086
147456,0.1845201849937439,-0.0029950563,1.5116389,354.27676532,72,1342.98,0.027392577,241.71343207359314,554,5.7891912,147456,0.0029168979
149504,0.2911756634712219,-0.0028595163,1.5082787,361.56113003999997,73,1362.12,0.031933594,245.40652894973755,595,3.2788062,149504,0.0031268257
151552,0.15667086839675903,-0.0028222292,1.5024502,369.82209603999996,74,1380.17,0.037988283,248.84778141975403,606,5.9735537,151552,0.0035968903
153600,0.3173852562904358,-0.001668343,1.4998066,378.79850443,75,1399.22,0.02060547,252.22517347335815,624,6.3179803,153600,0.0024166193
155648,0.3653991222381592,-0.007334004,1.4764377,384.33320848000005,76,1412.08,0.042041015,255.50756406784058,592,4.6608343,155648,0.0039994125
157696,0.4179803729057312,-0.0010202845,1.4732791,388.48468133,77,1421.43,0.025195312,258.96766781806946,580,5.057288,157696,0.002604526
159744,0.3536800742149353,-5.1732313e-05,1.4763637,397.3488441,78,1440.61,0.01015625,262.49914836883545,606,6.846816,159744,0.0017446481
161792,0.35994696617126465,-0.001835634,1.4715896,406.76726449,79,1459.19,0.026855469,265.87495613098145,620,7.141037,161792,0.0025963634
163840,0.3895866870880127,-0.0026809734,1.4704674,416.30617452999996,80,1477.3,0.029052734,269.1779477596283,616,6.1929617,163840,0.0029213247
165888,0.47947484254837036,-0.007692024,1.4716802,428.92774497,81,1501.26,0.06455078,272.4989125728607,614,6.119437,165888,0.005349418
167936,0.49212586879730225,-0.0024073583,1.4743087,438.25902464,82,1519.11,0.04057617,275.8330976963043,608,5.8180556,167936,0.0038080793
169984,0.5735854506492615,-0.0031415143,1.4765922,449.0502039800001,83,1540.84,0.04633789,279.1978266239166,618,6.4187875,169984,0.0041571427
172032,0.6390173733234406,-0.0025103632,1.4771698,455.21612564,84,1552.99,0.030615235,282.5089843273163,614,4.682308,172032,0.0030788132
174080,0.5372574031352997,-0.0034906685,1.4762089,464.86357135000003,85,1570.89,0.039746094,285.84246826171875,620,7.3127832,174080,0.0037968731
176128,0.6016728281974792,-0.0016975751,1.4784304,472.10363062000005,86,1584.42,0.030957032,289.14362621307373,612,5.3561196,176128,0.0031513528
178176,0.6471031010150909,-0.002644013,1.4768249,480.27851879,87,1600.85,0.02709961,292.48953199386597,606,5.63552,178176,0.0027373487
180224,0.662900298833847,-0.0017720999,1.4768614,494.82100106000007,88,1628.4,0.023388673,295.86708521842957,623,6.7667136,180224,0.0023171841
182272,0.6924074590206146,-0.004317866,1.4823393,500.54201443,89,1640.24,0.041650392,299.15521717071533,612,3.9986343,182272,0.003718193
184320,0.7545916140079498,-0.0038025272,1.4828081,510.6842098700001,90,1659.49,0.040234376,302.50007224082947,621,4.625136,184320,0.0036908635
186368,0.7158291339874268,-0.0024636392,1.4754422,516.06734633,91,1670.01,0.013720703,305.7963695526123,605,4.3618836,186368,0.001827394
188416,0.5999359488487244,-0.0045409393,1.4641227,529.70117131,92,1693.79,0.04042969,309.1796085834503,623,7.260553,188416,0.00362792
190464,0.8457620590925217,-0.004328954,1.4689202,535.78563769,93,1705.08,0.043652344,312.4669373035431,600,3.147323,190464,0.0036060412
192512,0.7762501984834671,-0.0027570839,1.4790137,544.2423399200001,94,1720.78,0.028320312,315.88030195236206,585,4.91354,192512,0.0028958304
194560,0.6491184234619141,-0.0012907502,1.4811939,557.21811095,95,1745.46,0.014697266,319.3795611858368,615,6.9351377,194560,0.001718391
196608,0.6088593900203705,-0.004610382,1.4708929,567.13473135,96,1764.32,0.038867187,322.706787109375,584,5.442782,196608,0.0038028532
198656,0.8059860318899155,-0.0034363824,1.4785361,570.59491146,97,1771.13,0.044042967,326.2087514400482,603,3.5205612,198656,0.0039213025
200704,0.6112191081047058,-0.0032040612,1.4945345,583.0804228,98,1792.79,0.031884767,329.60453271865845,612,7.461562,200704,0.0029077039
202752,0.7897146791219711,-0.0012715185,1.5108632,588.02479729,99,1800.83,0.020898437,332.94958686828613,599,3.7708611,202752,0.0023388679
204800,0.6970391571521759,-0.0018121073,1.5205481,598.6298269499999,100,1816.0,0.02836914,336.36917185783386,598,6.6036124,204800,0.0029883017
206848,0.7337709963321686,-0.002645052,1.5115793,600.7285538299999,101,1817.95,0.025,339.795392036438,607,3.9364178,206848,0.0025570993
208896,0.7166476845741272,-0.00485431,1.5005006,605.6564813299999,102,1805.39,0.050634764,343.1702718734741,604,6.4126663,208896,0.004495864
210944,0.7535116672515869,-0.0021333867,1.5015724,606.5700832899998,103,1786.93,0.025488282,346.55929350852966,609,6.0944457,210944,0.0026971041
212992,0.7115660607814789,-0.0011497242,1.5046026,607.31146133,104,1768.15,0.035302736,349.9199860095978,611,6.8878746,212992,0.003216238
215040,0.7426056861877441,-0.0012679471,1.4994012,603.0824384699999,105,1739.97,0.027490234,353.2728374004364,597,6.22573,215040,0.0028053825
217088,0.7669188380241394,-0.004018898,1.493879,606.6529634899999,106,1725.82,0.049609374,356.70170736312866,588,6.399415,217088,0.0046144957
219136,0.7955546081066132,-0.00174259,1.4907229,607.6544221199999,107,1717.84,0.036328126,360.1803390979767,583,3.8274117,219136,0.003719187
221184,0.765070766210556,-0.0015736334,1.4844466,611.0823917199999,108,1703.78,0.034375,363.69400334358215,613,5.9582243,221184,0.0032155619
223232,0.7437034249305725,-0.002684235,1.4778183,614.2501850900001,109,1694.97,0.037402343,367.03335070610046,628,6.3949347,223232,0.0032669615
225280,0.7741625756025314,-8.221828e-05,1.4791585,618.39702484,110,1679.86,0.019580077,370.2911100387573,633,5.877076,225280,0.00230043
227328,0.7983066737651825,-0.004255068,1.4783882,617.9127677,111,1657.67,0.043701172,373.52373337745667,614,5.5580635,227328,0.0039732764
229376,0.741692841053009,-0.0032868763,1.477032,614.4658022,112,1619.78,0.039746094,376.85568475723267,573,8.769437,229376,0.0033787102
231424,0.7652665376663208,-0.0009076546,1.470773,607.74127682,113,1577.67,0.012304688,380.4259784221649,622,7.3676558,231424,0.0016790914
233472,0.7415596544742584,-0.0023463948,1.4663603,601.50310259,114,1536.43,0.030859375,383.7182364463806,622,8.431906,233472,0.0029070037
235520,0.726147472858429,-0.002225788,1.4615681,591.66956255,115,1479.32,0.035253905,387.01144003868103,613,10.15093,235520,0.0033642196
237568,0.6803824007511139,-0.0031856555,1.4595327,582.5123708599999,116,1435.45,0.051123045,390.3492305278778,615,9.223885,237568,0.004276166
239616,0.6767333745956421,-0.0012263891,1.4662865,567.4653184399999,117,1374.1,0.032080077,393.6764214038849,625,10.338285,239616,0.0029945518
241664,0.6307959258556366,-0.001507866,1.4676954,551.4284864,118,1313.43,0.02734375,396.95184445381165,593,11.775279,241664,0.0028222299
243712,0.8107774555683136,-0.0020340842,1.4622749,544.0978829499999,119,1285.17,0.045458984,400.40656042099,632,5.125384,243712,0.0040525757
245760,0.693220466375351,-0.0027989224,1.4642884,536.91521235,120,1251.01,0.0359375,403.64792251586914,604,9.015974,245760,0.0032906104
247808,0.7141780853271484,-0.00098768,1.4700367,529.75984847,121,1224.85,0.031689454,407.037362575531,627,6.92817,247808,0.0029845561
249856,0.6763619780540466,-0.0025615073,1.473849,518.1684136399999,122,1170.96,0.050683595,410.2995719909668,617,11.783255,249856,0.004393409
251904,0.7806698679924011,-0.002474302,1.4871789,507.21449548,123,1125.67,0.02578125,413.61588764190674,592,6.3817644,251904,0.0028815595
253952,0.7618088275194168,-0.0053524715,1.4850127,507.12752198999993,124,1106.94,0.05332031,417.07152819633484,604,5.973134,253952,0.004477597
256000,0.8141484260559082,-0.0052789273,1.4867733,500.05841706,125,1082.76,0.09672852,420.4613182544708,628,5.062959,256000,0.0074385083
258048,0.7074873447418213,-0.0015661285,1.489744,485.38912598999997,126,1044.92,0.052099608,423.7236361503601,612,9.459097,258048,0.004401034
260096,0.8037294447422028,-0.00202937,1.4847572,486.38409561000003,127,1043.06,0.07451172,427.06626892089844,629,5.2020636,260096,0.006137827
262144,0.7360612452030182,-0.0023262058,1.4785827,473.80606121999995,128,1016.35,0.04272461,430.3203480243683,627,6.2742147,262144,0.0037139829
264192,0.8464498817920685,8.7895234e-05,1.4749835,472.78067612,129,1013.51,0.06782226,433.5839750766754,632,2.936792,264192,0.0057355934
266240,0.7945244163274765,-0.0019905767,1.4830137,463.57125116,130,993.14,0.031396486,436.82167530059814,606,7.6837296,266240,0.0030007137
268288,0.7537907212972641,-0.0020877759,1.4803569,457.48767116000005,131,979.13,0.043261718,440.1967704296112,607,6.5412,268288,0.0040521477
270336,0.6718153059482574,0.0006232684,1.4799612,453.29458526,132,968.46,0.034570314,443.56932520866394,612,11.7683325,270336,0.003347102
272384,0.7224675118923187,-0.00029507128,1.4871025,453.66856296000003,133,968.25,0.051171876,446.9154772758484,605,4.710965,272384,0.0044770096
274432,0.7426447570323944,-0.0010819526,1.4837248,451.27286524999994,134,962.48,0.04501953,450.3005602359772,626,4.2286935,274432,0.004079679
276480,0.6641169190406799,-0.0016758727,1.4841692,452.39742565999984,135,964.18,0.06113281,453.56889486312866,606,5.9467726,276480,0.0055175866
278528,0.6427525579929352,0.0011734469,1.487901,456.4248178999998,136,971.16,0.060253907,456.9444308280945,629,5.9206843,278528,0.005326758
280576,0.6101099252700806,-0.003790149,1.4819556,457.22597820999994,137,971.18,0.0859375,460.2010877132416,611,10.557974,280576,0.0068560317
282624,0.82284215092659,-0.0010159288,1.4689825,459.92250757999994,138,974.3,0.05493164,463.55223989486694,613,3.6859462,282624,0.0049491446
284672,0.6464871168136597,-0.0007612627,1.4611474,462.44819499000005,139,978.35,0.050927736,466.88960790634155,608,9.083055,284672,0.004306788
286720,0.6013448536396027,-0.0012867185,1.4569288,464.36001417000006,140,982.09,0.0847168,470.2556781768799,609,6.3997808,286720,0.006930601
288768,0.6473918855190277,-0.0030091612,1.4490944,461.9890311000001,141,977.08,0.06279297,473.6171340942383,612,8.378349,288768,0.0051375157
290816,0.7205872237682343,-0.008046251,1.4402864,462.7846030000001,142,977.99,0.066992186,476.95960760116577,597,4.830133,290816,0.0054033557
292864,0.7831589728593826,-0.0028570804,1.4468976,462.0708704400001,143,974.83,0.059814453,480.38751339912415,592,7.3391595,292864,0.0056623477
294912,0.6243198215961456,-0.0010838489,1.4548123,462.60721090000004,144,974.83,0.042333983,483.8444390296936,609,6.174,294912,0.0038549672
296960,0.7513195425271988,-0.004140964,1.4517505,463.41815831000014,145,974.9,0.08647461,487.20534682273865,612,4.4021974,296960,0.007272427
299008,0.6115780472755432,0.0005900356,1.4447485,469.35887047000006,146,984.49,0.0668457,490.54718828201294,625,6.388011,299008,0.005519663
301056,0.698435515165329,-0.0012745864,1.4394326,470.14840331000005,147,985.13,0.050976563,493.82279229164124,634,5.5729628,301056,0.005207962
303104,0.7116833627223969,-0.0015430192,1.4397252,475.1565395199999,148,993.42,0.058300782,497.050644159317,604,5.911556,303104,0.004939073
305152,0.8137653917074203,-0.0033825268,1.4471934,478.63277111,149,996.05,0.06894531,500.4378798007965,609,8.736498,305152,0.0060616536
307200,0.7250365018844604,0.00067920785,1.4462368,481.09407988000004,150,998.65,0.054589845,503.80066537857056,637,5.878851,307200,0.005000365
309248,0.8692877143621445,-0.0011458708,1.4365703,479.9956340500001,151,993.95,0.040039062,507.0177710056305,628,5.688847,309248,0.0035335463
311296,0.8513244688510895,-0.004240818,1.4427211,482.0214971700001,152,994.75,0.061669923,510.27799558639526,618,5.875804,311296,0.0055927844
313344,0.9266925305128098,0.00043489295,1.4379678,483.59442490000004,153,996.13,0.042529296,513.5914394855499,631,2.1171207,313344,0.0038158584
315392,0.7580961734056473,-0.0016220333,1.4386173,482.66883441999994,154,992.15,0.050830077,516.8342380523682,630,9.619213,315392,0.004157971
317440,0.8415335714817047,-0.00221418,1.4468129,481.88555937999996,155,987.82,0.058789063,520.0832765102386,643,7.5289583,317440,0.0058116843
319488,0.9058978036046028,-0.0048780376,1.44277,478.4163183500001,156,977.65,0.057275392,523.2676260471344,640,6.183341,319488,0.0051903813
321536,0.8813843205571175,0.0008540616,1.4382799,472.87369762,157,965.19,0.071582034,526.4648311138153,556,5.928485,321536,0.005923057
323584,0.8554534167051315,-0.00022329242,1.4410484,474.14387071,158,964.61,0.038964845,530.145884513855,610,7.977062,323584,0.003690699
325632,0.7778025269508362,-0.0015119953,1.4422202,474.98612264,159,963.76,0.06147461,533.5012562274933,641,11.220394,325632,0.0053271046
327680,0.7121264040470123,-0.0027500964,1.4431683,484.24596914999995,160,979.68,0.080566406,536.6948289871216,642,5.6814003,327680,0.0069269687
329728,0.6623048186302185,-0.00068966136,1.4428053,485.46034344,161,980.75,0.07348633,539.8822255134583,625,10.486135,329728,0.006061542
331776,0.6227096319198608,-0.00037510303,1.4488074,489.32324278000016,162,985.3,0.08339844,543.155953168869,636,15.207136,331776,0.0073282
333824,0.7254880964756012,-0.00091036985,1.4543202,496.7719812800001,163,997.86,0.06938477,546.373113155365,607,5.258642,333824,0.006233032
335872,0.8624261319637299,-0.0025282232,1.4523221,499.33027283999996,164,1000.87,0.038085938,549.7463841438293,622,5.918609,335872,0.003738281
337920,0.6224371492862701,-0.0017365608,1.4525963,507.42714362,165,1014.18,0.077539064,553.0387184619904,612,12.024581,337920,0.006942486
339968,0.768091470003128,-0.0001246353,1.4599015,513.1547515500001,166,1022.58,0.062109374,556.3809344768524,612,9.063902,339968,0.0051915273
342016,0.8929893374443054,-0.0022536311,1.4685453,516.16000025,167,1024.93,0.074316405,559.7236397266388,606,7.648538,342016,0.0068018073
344064,0.9038795307278633,-0.00064263877,1.4743642,521.27857035,168,1031.27,0.05644531,563.1017565727234,575,5.818362,344064,0.0048853112
346112,0.8065904527902603,-0.0024010963,1.4795371,516.3115539900001,169,1018.42,0.038671874,566.6602125167847,615,13.060656,346112,0.003916269
348160,0.9032313078641891,-0.00016597963,1.4919786,520.8922401899999,170,1025.05,0.052734375,569.9859087467194,604,4.363175,348160,0.004502186
350208,0.8790146633982658,-0.0052822432,1.507527,523.47389687,171,1027.7,0.06459961,573.3736264705658,619,5.1196995,350208,0.0055925352
352256,0.9037062972784042,-6.186676e-05,1.5053065,527.6715230699999,172,1033.34,0.047314454,576.678450345993,601,4.0790067,352256,0.0045320415
354304,0.7924387007951736,0.00049186044,1.4987957,528.72191669,173,1031.89,0.061181642,580.083279132843,595,13.727338,354304,0.005561783
356352,0.785121500492096,-0.0059147365,1.4995162,531.85477863,174,1035.34,0.056103516,583.5215630531311,611,8.552107,356352,0.0052093756
358400,0.8339584022760391,-2.8981105e-05,1.5089178,528.13017097,175,1026.5,0.060253907,586.8722946643829,616,8.803844,358400,0.0052440274
360448,0.8849216923117638,-0.00052027643,1.5217899,528.78992356,176,1023.68,0.05913086,590.1983509063721,622,6.6877046,360448,0.0051024444
362496,0.8117317259311676,-0.0017743731,1.541578,521.9489081999999,177,1006.52,0.042822264,593.4872577190399,617,10.480505,362496,0.0037700303
364544,0.8042200803756714,-0.00081963895,1.5521004,509.21355909,178,979.9,0.042529296,596.8031620979309,619,13.592367,364544,0.004062812
366592,0.8740504682064056,1.8005177e-05,1.5573208,507.9594406400001,179,973.44,0.0578125,600.1112520694733,632,9.646674,366592,0.004971844
368640,0.9010615050792694,-0.0038770419,1.5680237,496.80368639999995,180,950.34,0.043652344,603.3511230945587,617,6.562135,368640,0.0040993793
370688,0.8430051952600479,-0.0025806422,1.5707572,473.17882645,181,902.77,0.05810547,606.6712772846222,607,9.715197,370688,0.005034441
372736,0.9517499953508377,-0.00515264,1.5703962,460.78825568,182,875.71,0.072314456,610.0419313907623,635,3.4886863,372736,0.006201825
374784,0.9516631998121738,-0.0035121657,1.573386,453.9733493400001,183,858.71,0.056152344,613.2660782337189,631,3.553574,374784,0.0048933113
376832,0.8756671324372292,0.002920914,1.5690181,437.14924478000006,184,824.49,0.06518555,616.5117263793945,622,11.013628,376832,0.006000542
378880,0.8514886796474457,-0.0026500325,1.5655698,411.95586257,185,774.86,0.051464844,619.8037765026093,595,11.583254,378880,0.0047867056
380928,0.9240846186876297,-0.0019068569,1.5571339,401.49402732000004,186,755.02,0.03691406,623.2444608211517,613,5.0020585,380928,0.0035363869
382976,0.8796315416693687,-0.0048399083,1.5426301,387.4222327,187,728.79,0.06010742,626.5827894210815,621,9.951559,382976,0.0050070216
385024,0.9496973864734173,-0.0009053202,1.5424743,377.02855450000004,188,708.97,0.038964845,629.8802306652069,626,4.100066,385024,0.0035405657
387072,0.9150666669011116,-0.0032343506,1.5470102,368.1002373500001,189,692.62,0.047167968,633.1505470275879,615,7.298031,387072,0.004380679
389120,0.9231996834278107,-0.002370622,1.5511004,357.17772757,190,674.54,0.055371094,636.4763004779816,620,7.3979387,389120,0.0048678415
391168,0.8166511505842209,-0.0009376506,1.55407,354.50392167999996,191,669.53,0.05698242,639.7766726016998,639,10.933832,391168,0.004998165
393216,0.96352943405509,-0.004432827,1.553372,340.61425091999996,192,643.37,0.05595703,642.9781830310822,623,3.5410607,393216,0.004944202
395264,0.8368951976299286,-0.0024933435,1.5525416,339.15670178,193,639.43,0.051123045,646.2640132904053,598,11.385916,395264,0.0044130944
397312,0.9448179975152016,-0.0021227188,1.5591333,334.42976208,194,629.09,0.06557617,649.689138174057,613,4.1514254,397312,0.0057209646
399360,0.8666003346443176,0.00031957607,1.5650508,326.8942879,195,614.24,0.03413086,653.030912399292,615,11.037981,399360,0.0038463033
401408,0.9440234415233135,-0.0022322736,1.5728228,319.56896911,196,600.79,0.04848633,656.3597822189331,616,4.639658,401408,0.0040951697
403456,0.9421063736081123,-0.0017463729,1.5856607,317.03179928000003,197,596.3,0.030664062,659.685604095459,634,4.9664564,403456,0.0028621075
405504,0.9687068797647953,-0.0018169619,1.5878471,318.42232164,198,598.34,0.04453125,662.9170351028442,624,3.2767406,405504,0.004264896
407552,0.9309330433607101,-0.0024955594,1.5888608,310.42550507000004,199,584.34,0.031298827,666.1949694156647,616,6.307583,407552,0.0029427623
409600,0.8876208811998367,-0.0039467053,1.5940883,302.18494037000005,200,569.89,0.06137695,669.5172758102417,617,8.114249,409600,0.005132974
411648,0.8733565956354141,-0.003092864,1.5978078,302.79539331,201,569.99,0.0574707,672.8350117206573,584,10.569635,411648,0.004770836
413696,0.8104743808507919,-0.0004860151,1.593432,296.40615355,202,558.97,0.037890624,676.3429577350616,624,11.250581,413696,0.0034770567
415744,0.9064638614654541,-0.005608515,1.5876346,295.80750509,203,556.27,0.05756836,679.6219210624695,610,9.164677,415744,0.0050053555
417792,0.9624675214290619,-0.0028469302,1.5863861,294.99376904,204,554.46,0.048779298,682.9805281162262,623,3.363015,417792,0.0044933497
419840,0.9222249463200569,-0.001775221,1.5845492,295.3131231,205,554.65,0.07138672,686.2664256095886,635,8.127157,419840,0.005790562
421888,0.9408222027122974,0.00054937496,1.5817456,295.95067165000006,206,555.9,0.057275392,689.4900605678558,634,4.5189066,421888,0.0050294525
423936,0.9014959335327148,-0.0014364619,1.5819734,296.39224895,207,557.0,0.037988283,692.7209928035736,632,6.801885,423936,0.0035726675
425984,0.9609932117164135,-0.0016209467,1.5828147,298.93021334,208,561.2,0.041748047,695.9582953453064,628,3.2509265,425984,0.0037681027
428032,0.968749862164259,-0.0018641071,1.5877004,304.16543344999997,209,569.36,0.057421874,699.2181615829468,624,2.6556773,428032,0.0048737363
430080,0.9617671146988869,-0.00077038154,1.5933492,304.09910104000005,210,569.76,0.086035155,702.5007750988007,629,2.9811497,430080,0.0071158656
432128,0.9719974976032972,-0.003973729,1.5918516,303.22534969000003,211,569.12,0.04838867,705.7565205097198,622,2.415447,432128,0.0048167203
434176,0.9412212558090687,-0.005140857,1.593709,305.52748715,212,573.72,0.041796874,709.0453443527222,582,3.5515442,434176,0.0037093628
436224,0.9553115144371986,-0.00084732845,1.591584,310.68122422,213,581.55,0.0453125,712.5594401359558,576,3.7148654,436224,0.0040502986
438272,0.9426661171019077,-0.0038264648,1.5900929,312.80978838,214,584.98,0.059814453,716.114420413971,525,5.7132754,438272,0.0052442933
440320,0.9556353837251663,-0.0031251516,1.5849082,316.39509697,215,591.22,0.05317383,720.013396024704,615,4.1119657,440320,0.004811713
442368,0.9704627636820078,-0.00287893,1.575778,321.48198742,216,599.83,0.084179685,723.3392968177795,646,2.188702,442368,0.007387052
444416,0.9592477716505527,-0.0018650817,1.5689402,323.95123062,217,604.28,0.056347657,726.5077266693115,634,2.7598934,444416,0.004904169
446464,0.945243451744318,0.0010097746,1.5710107,333.53903323,218,619.75,0.04536133,729.7377460002899,635,3.9716797,446464,0.0041142358
448512,0.9426265358924866,-0.0025329539,1.5750313,338.92265241,219,628.34,0.046240233,732.9619805812836,562,4.3704586,448512,0.0042612758
450560,0.8737226575613022,-0.002035561,1.5735207,341.30429538,220,632.31,0.056591798,736.6024932861328,581,8.339892,450560,0.0048067374
452608,0.9429453574120998,-0.002393764,1.5692704,350.0559413,221,646.69,0.048876952,740.1271512508392,573,5.812077,452608,0.004411815
454656,0.9354882761836052,-0.002593982,1.5706112,351.37700228,222,648.63,0.07446289,743.6992998123169,629,7.5642486,454656,0.0062293466
456704,0.9544233195483685,-0.0041156067,1.5716921,354.79949249999993,223,653.87,0.08085938,746.9542450904846,638,4.2072244,456704,0.0068873763
458752,0.969788271933794,3.2659264e-05,1.5601734,361.57719004000006,224,664.95,0.043652344,750.1633229255676,628,2.8700755,458752,0.004090355
460800,0.9903126116842031,-0.0017538328,1.5439532,364.79194889000007,225,669.51,0.05644531,753.4212491512299,643,0.757632,460800,0.0050022644
462848,0.9442055746912956,-0.0021122927,1.5281413,368.83576365,226,676.42,0.04501953,756.6068968772888,642,4.4641943,462848,0.0042900937
464896,0.9374463930726051,-0.0019851602,1.527678,369.7885118699999,227,678.44,0.03720703,759.7954430580139,642,4.333513,464896,0.0033356242
466944,0.9718109779059887,-0.0013955634,1.5248573,372.83332002999987,228,683.65,0.034082033,762.9817335605621,636,2.7080057,466944,0.0031874024
468992,0.9840513132512569,-0.0013364895,1.5172807,372.71140192,229,683.81,0.058544923,766.2000753879547,626,0.8811261,468992,0.005351444
471040,0.9470745325088501,-0.0037309967,1.5240648,383.3596536000001,230,700.75,0.05571289,769.4680037498474,634,4.750648,471040,0.0049620685
473088,0.937077559530735,-0.004760959,1.5238922,388.57441217,231,709.49,0.064404294,772.6971385478973,625,7.149787,473088,0.005625908
475136,0.9388662353157997,-0.0024979764,1.513521,389.77001001,232,711.53,0.037353516,775.9729940891266,640,5.2972326,475136,0.0035879791
477184,0.9472404308617115,-0.004367764,1.514128,392.46214081,233,716.27,0.056005858,779.1710915565491,642,5.716318,477184,0.0053628203
479232,0.8085253834724426,-0.00018237854,1.507728,401.94829151,234,731.24,0.069042966,782.3606834411621,643,6.78617,479232,0.0059233
481280,0.8493827283382416,-0.0026588908,1.5079529,412.34251049,235,747.04,0.06621094,785.5436265468597,649,6.3067765,481280,0.0054396098
483328,0.8970604836940765,-0.003246269,1.5243989,409.68267344000014,236,741.51,0.04033203,788.6998870372772,644,13.225174,483328,0.0035233381
485376,0.8941166922450066,-0.0008725062,1.5255363,411.23043638,237,744.53,0.043115236,791.8791489601135,628,9.955249,485376,0.0039603193
487424,0.9326526001095772,-0.005507372,1.5210721,416.80021858,238,753.53,0.056005858,795.139340877533,617,5.906325,487424,0.005522407
489472,0.9146039113402367,-0.0011163432,1.5280349,423.34501047000003,239,763.82,0.053466797,798.457780122757,640,7.3743973,489472,0.004527377
491520,0.9397815465927124,-0.0005516014,1.5364287,430.6390889700001,240,774.78,0.054492187,801.653787612915,648,6.488162,491520,0.0051681986
493568,0.9152393564581871,-0.0027630494,1.5339435,429.1185063200001,241,773.06,0.050585937,804.8127882480621,642,9.8921175,493568,0.0045441156
495616,0.8898907452821732,-0.0016427891,1.5125986,432.48054507,242,778.27,0.0725586,808.0011141300201,648,8.293291,495616,0.006289513
497664,0.8844405487179756,0.0011378351,1.4963808,423.28857297999997,243,762.69,0.057617188,811.16259598732,641,16.344336,497664,0.004982609
499712,0.7232232689857483,0.00040765275,1.4969342,433.79529192999996,244,778.41,0.05673828,814.3543858528137,655,16.805906,499712,0.0046679364
501760,0.9567437097430229,-0.0034745722,1.5051259,437.0393508599999,245,783.88,0.027832031,817.4780261516571,644,4.4885683,501760,0.0028755446
503808,0.8956651911139488,-0.0031734915,1.5093181,422.0386165599999,246,757.35,0.055078126,820.6543006896973,654,13.943979,503808,0.004638131
505856,0.9006088823080063,-0.002074948,1.4985416,422.02486037999995,247,756.28,0.05239258,823.7862210273743,649,7.7058463,505856,0.004720726
507904,0.8981834873557091,-0.0016209756,1.4827319,402.70696936,248,721.85,0.04082031,826.9420580863953,637,14.665865,507904,0.0037922033
509952,0.6812891662120819,0.00045949797,1.4638377,281.46932523,249,511.6,0.09628906,830.1543543338776,657,54.160667,509952,0.008407473
512000,0.8554288446903229,-0.001927485,1.4596823,201.02817098999995,250,373.18,0.060302734,833.2717108726501,638,28.5173,512000,0.005227237
514048,0.8987070471048355,-0.0013927872,1.460116,154.52446235000002,251,296.29,0.0234375,836.4811410903931,647,18.658785,514048,0.002623446
516096,0.9178365096449852,-0.0030762055,1.456341,134.76853526000002,252,263.81,0.033740234,839.6474828720093,642,10.405638,516096,0.0031599968
518144,0.92969960719347,-0.008327667,1.4588643,109.27800249999999,253,221.78,0.06552734,842.8349118232727,572,11.398253,518144,0.0056309327
520192,0.9387975186109543,-0.0012919868,1.4649132,99.54351605000004,254,207.34,0.055419922,846.4113869667053,632,9.450285,520192,0.004533817
522240,0.947472769767046,-0.0033973507,1.4664686,97.19860972000002,255,202.75,0.037841797,849.649906873703,634,5.1407094,522240,0.0036013208
524288,0.9119009673595428,-0.003451915,1.4607476,101.15154582000001,256,209.73,0.0902832,852.879316329956,639,6.471799,524288,0.007620249
526336,0.8370527774095535,-0.00031104253,1.4553035,108.83313854,257,220.63,0.043798827,856.0824961662292,639,10.9338665,526336,0.004945065
528384,0.8594993948936462,-0.0012808535,1.4636486,116.45554582999999,258,232.31,0.054101564,859.2858848571777,637,19.076021,528384,0.004514102
530432,0.72246915102005,-0.006149902,1.4807822,121.53755484,259,239.71,0.083789065,862.4973766803741,641,13.4129505,530432,0.0075161206
532480,0.8645479679107666,-0.00012828596,1.4713755,134.12429643,260,259.36,0.05234375,865.6924364566803,651,8.2681875,532480,0.005546133
534528,0.9047423228621483,-0.003238144,1.4633642,144.82619857,261,276.83,0.049609374,868.8358857631683,638,5.3495417,534528,0.004343535
536576,0.6489364802837372,0.0031576469,1.4481491,157.49849459,262,296.72,0.087451175,872.0450472831726,652,13.37767,536576,0.007816931
538624,0.8182590454816818,0.0010010591,1.4349445,165.81010639,263,308.94,0.08125,875.1849184036255,650,15.294771,538624,0.00757322
540672,0.8236854821443558,-0.002285744,1.4332893,175.26293989,264,321.95,0.07446289,878.336446762085,654,12.879686,540672,0.0062124636
542720,0.8945958912372589,-0.003986799,1.4355788,180.91312383000002,265,331.58,0.061669923,881.4671266078949,654,5.3833494,542720,0.0053858254
544768,0.8529750555753708,-0.0011057991,1.4335994,193.76748677,266,351.32,0.05214844,884.5987062454224,664,7.2931113,544768,0.004893663
546816,0.9232635647058487,-0.0018473964,1.4316206,206.23158227000005,267,370.41,0.049365234,887.682986497879,643,4.7565145,546816,0.0043347543
548864,0.7810119539499283,-0.002822425,1.4290208,219.31759029,268,390.32,0.07373047,890.8667469024658,637,9.351706,548864,0.006508252
550912,0.7011667191982269,0.0021736962,1.4229804,232.41062847,269,410.18,0.06679688,894.0811622142792,639,10.32158,550912,0.0056647663
552960,0.8236335664987564,-0.0044005318,1.4210418,245.21060188000004,270,429.99,0.070458986,897.284937620163,650,7.155465,552960,0.0056761582
555008,0.7293776869773865,-0.0010301083,1.423036,258.05185188,271,449.83,0.06728516,900.4349110126495,655,11.113,555008,0.00668476
557056,0.7905436605215073,-0.0013784592,1.4255468,271.24156111,272,469.67,0.06352539,903.5592315196991,653,8.51058,557056,0.005267107
559104,0.812445804476738,-0.0011659011,1.4289763,283.86857749,273,489.56,0.06777344,906.6918866634369,647,7.7824044,559104,0.005465078
561152,0.8051728159189224,-0.0026563774,1.4402179,296.10947680000004,274,509.47,0.091113284,909.8564977645874,652,7.719966,561152,0.009619742
563200,0.760553628206253,-0.0005603572,1.4441057,309.32918328000005,275,529.35,0.05654297,912.9947595596313,637,10.400342,563200,0.0048927977
565248,0.7644040733575821,-1.7370441e-05,1.4412363,322.39932543000003,276,549.23,0.055908203,916.2099437713623,645,10.904523,565248,0.0046050865
567296,0.7351827919483185,-0.00563665,1.4369439,335.23978094000006,277,569.07,0.06503906,919.3826358318329,637,10.691881,567296,0.005569443
569344,0.7933365106582642,-0.0013919232,1.4435085,348.43079119000004,278,588.93,0.064697266,922.5962357521057,642,10.522738,569344,0.0056188907
571392,0.8037802428007126,-0.0071311705,1.4488251,361.68254051,279,608.77,0.09995117,925.7824938297272,649,9.791536,571392,0.008163417
573440,0.8203851133584976,-0.0027284722,1.438928,374.48707375000004,280,628.68,0.07192383,928.9345257282257,648,9.091494,573440,0.0055774925
575488,0.8155614137649536,-0.0013177254,1.4432312,387.77259844,281,648.49,0.07563476,932.0947058200836,649,10.323756,575488,0.0074423505
577536,0.7357250154018402,1.8142153e-05,1.4476057,401.01755734,282,668.36,0.04091797,935.2509112358093,650,10.784169,577536,0.0037926633
579584,0.7219811081886292,0.00060796743,1.4499035,414.10790983,283,688.23,0.0418457,938.4001662731171,641,11.487133,579584,0.003873863
581632,0.83338862657547,-0.0011551774,1.4560249,427.1615477099999,284,708.1,0.051074218,941.5942413806915,575,7.836976,581632,0.0042461148
583680,0.8151383996009827,-0.001868311,1.464426,440.36328513999996,285,727.93,0.052783202,945.1513111591339,618,10.028749,583680,0.004516895
585728,0.8183818161487579,-0.00081706094,1.4687221,453.15078057999995,286,747.76,0.08222656,948.4662988185883,642,8.403482,585728,0.006937484
587776,0.7572955191135406,-0.0046401313,1.4744992,465.9663763499999,287,767.66,0.09541015,951.6535792350769,644,11.837071,587776,0.008043068
589824,0.805538609623909,-0.00058213074,1.4765071,478.5966104099999,288,787.49,0.05683594,954.8301918506622,631,8.972471,589824,0.005316123
591872,0.8084907084703445,-4.8401183e-05,1.4688749,491.8384241099999,289,807.39,0.058154296,958.076183795929,656,10.829345,591872,0.005226516
593920,0.8292136639356613,-0.004378629,1.4715132,505.01866108999997,290,827.27,0.079882815,961.1957519054413,656,10.796761,593920,0.006274669
595968,0.8296121656894684,-0.0026367772,1.4782767,517.4442076600001,291,847.09,0.05756836,964.3139686584473,636,11.02066,595968,0.0054902877
598016,0.8350938707590103,-0.0014879856,1.4702528,530.3186884300001,292,867.0,0.07094727,967.5312757492065,647,8.690813,598016,0.005866227
600064,0.8422966748476028,-0.0061391816,1.4532869,544.58478735,293,888.79,0.06611328,970.6940903663635,617,14.356276,600064,0.0072937184
602112,0.8470052927732468,-0.001856472,1.4486693,557.5281810900001,294,908.7,0.07460938,974.013614654541,632,9.054804,602112,0.006446513
604160,0.8251085430383682,-0.0016139973,1.4498427,570.4012812000001,295,928.59,0.10229492,977.2516882419586,641,9.1106415,604160,0.008348455
606208,0.830113023519516,-0.0053267856,1.4599235,583.45234409,296,948.42,0.11948242,980.4474809169769,641,9.534791,606208,0.009647632
608256,0.8365622311830521,-0.0012032575,1.4688526,596.90335998,297,970.36,0.058398437,983.6412100791931,656,14.369583,608256,0.0059118005
610304,0.8417032063007355,-0.0023195106,1.4629825,610.06580622,298,990.25,0.046826173,986.7630577087402,645,9.035329,610304,0.0040557007
612352,0.7957945019006729,-0.00019329514,1.4550377,623.01537603,299,1010.16,0.07094727,989.9365966320038,640,11.937572,612352,0.0068183253
614400,0.8104227930307388,-0.0021138364,1.4570355,635.8155615300001,300,1030.07,0.05620117,993.1357715129852,643,8.976538,614400,0.004910716
616448,0.8449604958295822,-0.007117295,1.4695235,649.1034601099999,301,1049.9,0.09765625,996.320531129837,641,10.247831,616448,0.008779148
618496,0.8363679200410843,-0.0014578977,1.4721386,661.88239778,302,1069.68,0.1043457,999.5155816078186,645,10.707607,618496,0.008561188
620544,0.8477162420749664,-0.0010885799,1.4757626,674.8307696500001,303,1089.51,0.08828125,1002.6871159076691,629,9.855083,620544,0.0075443285
622592,0.7663332372903824,-0.00081307645,1.4888763,684.3176784500001,304,1103.55,0.11015625,1005.9408805370331,617,10.876933,622592,0.009221612
624640,0.7619601637125015,-0.006853691,1.5056636,697.03588371,305,1123.46,0.07109375,1009.2591254711151,654,12.295614,624640,0.006120348
626688,0.8326411545276642,-0.005236603,1.5150583,709.6815072899999,306,1143.32,0.09794922,1012.3887672424316,638,8.980841,626688,0.008246705
628736,0.7195804119110107,-0.003483324,1.5147703,722.8196147499999,307,1163.2,0.052099608,1015.5960249900818,632,12.206179,628736,0.004482675
630784,0.7731709331274033,-0.0021810872,1.5232385,736.02777516,308,1183.04,0.06865235,1018.8333239555359,631,11.82955,630784,0.0057453415
632832,0.8052614033222198,0.0026627218,1.5410109,745.85461543,309,1196.04,0.06772461,1022.076146364212,650,12.211103,632832,0.0062625734
634880,0.8497951030731201,-0.0025367555,1.53392,758.7924311500001,310,1215.92,0.08842774,1025.2262783050537,640,9.059774,634880,0.0070279436
636928,0.8015990257263184,-0.0022913513,1.5292981,772.2155122800001,311,1235.8,0.07006836,1028.4275534152985,632,10.788675,636928,0.005974154
638976,0.8095136880874634,-0.0019806507,1.5241525,785.01648732,312,1255.66,0.078466795,1031.6661584377289,630,10.2040615,638976,0.0061264117
641024,0.860005646944046,-0.0018663073,1.5217942,798.10693916,313,1275.56,0.079394534,1034.917989730835,643,8.151006,641024,0.0075007724
643072,0.7430740296840668,-0.00026139402,1.5321404,807.05299438,314,1288.22,0.06015625,1038.0995042324066,656,12.492924,643072,0.0056015183
645120,0.734812319278717,-0.0012617676,1.5341874,820.22616269,315,1308.02,0.07280274,1041.2192392349243,649,12.405155,645120,0.0060653253
647168,0.7664737105369568,-0.00018499252,1.527786,833.46623617,316,1327.92,0.077539064,1044.374727010727,616,11.95966,647168,0.007327778
649216,0.7839009463787079,-0.0052722497,1.5341004,846.6834304699998,317,1347.75,0.06601562,1047.6951127052307,647,15.4009495,649216,0.0057975324
651264,0.8227352648973465,-0.0021650426,1.5488689,860.2317261999998,318,1367.63,0.09101562,1050.8584110736847,637,9.034979,651264,0.007373534
653312,0.7360347807407379,-0.00043554342,1.5596948,873.6067344799998,319,1387.4,0.06713867,1054.0698511600494,638,12.391688,653312,0.0056411205
655360,0.7520629167556763,-0.0042603025,1.5654376,882.9526222999998,320,1400.34,0.06479492,1057.2773504257202,632,11.699274,655360,0.005377427
657408,0.7772532999515533,-0.0057706027,1.5820373,893.67187035,321,1414.23,0.073632814,1060.517602443695,649,11.672152,657408,0.006431423
659456,0.8207456469535828,-0.0017931486,1.6125835,908.0584896600001,322,1437.49,0.051416017,1063.6728610992432,650,20.416286,659456,0.0043092696
661504,0.782476469874382,-0.001127817,1.6328942,921.2932510500001,323,1457.36,0.05996094,1066.8218548297882,643,11.848999,661504,0.005115249
663552,0.8323003798723221,-0.0060313363,1.6357563,931.2411370400001,324,1471.21,0.06269531,1070.007178068161,610,8.649516,663552,0.0051797116
665600,0.7720405012369156,-0.004027204,1.641702,941.85376869,325,1486.69,0.055029295,1073.3628282546997,608,17.174932,665600,0.0051996675
667648,0.8907119631767273,-0.0036423772,1.6575673,952.8302800199998,326,1502.94,0.07973633,1076.7311685085297,640,6.523851,667648,0.006821075
669696,0.8223256468772888,-0.003182231,1.6653488,958.0754684999999,327,1511.34,0.06171875,1079.9296126365662,617,8.534567,669696,0.0050438116
671744,0.8500961810350418,-0.0030085982,1.6607456,968.50455257,328,1527.27,0.045996092,1083.24595785141,613,13.681439,671744,0.004112883
673792,0.7209845185279846,0.00044593136,1.6583614,981.3169044499998,329,1547.12,0.02631836,1086.5864560604095,588,11.316406,673792,0.0028209256
675840,0.7778774946928024,-0.0013883001,1.6530594,994.82432327,330,1567.0,0.07036133,1090.0655462741852,601,11.0030575,675840,0.0062234155
677888,0.7848886698484421,-0.0019218816,1.6449134,1004.5576211799998,331,1580.19,0.089941405,1093.4736335277557,639,10.764208,677888,0.007424558
679936,0.80345618724823,-0.0031062257,1.6451664,1015.1920879400001,332,1595.64,0.07324219,1096.677814245224,607,15.191261,679936,0.0062565617
681984,0.8053177744150162,-0.0017948032,1.6440876,1029.57389834,333,1617.36,0.03984375,1100.0475254058838,587,16.148315,681984,0.0037439684
684032,0.7769387066364288,-0.0039370847,1.6494354,1042.71271544,334,1637.25,0.08618164,1103.537404537201,598,9.624573,684032,0.007564933
686080,0.754735991358757,-0.0040590903,1.662714,1052.3605785299999,335,1651.12,0.055322267,1106.9630365371704,591,10.907961,686080,0.0044996208
688128,0.8009282499551773,-0.0009841925,1.6677911,1065.2664974900001,336,1670.9,0.057373047,1110.4291887283325,592,9.320862,688128,0.005223046
690176,0.7972783148288727,-0.0051593008,1.6708505,1068.5387247199997,337,1675.84,0.10727539,1113.8851985931396,628,7.7702546,690176,0.009343483
692224,0.7763072848320007,-0.001122738,1.6769584,1076.7062904999998,338,1687.42,0.051513672,1117.1450300216675,633,9.755365,692224,0.004186905
694272,0.776353195309639,-0.0075205243,1.6773268,1074.51344563,339,1682.93,0.06572266,1120.3780069351196,622,13.756528,694272,0.005687254
696320,0.799913763999939,-0.00013294138,1.6760948,1074.99202603,340,1682.93,0.0515625,1123.6683523654938,632,9.319287,696320,0.0046508713
698368,0.7012409269809723,-0.0045691496,1.6848131,1088.1721936000001,341,1702.79,0.099804685,1126.905529975891,624,11.230613,698368,0.0110510755
700416,0.66524538397789,-0.00524965,1.6866062,1101.75855842,342,1722.66,0.0725586,1130.1841781139374,600,13.427585,700416,0.0060364204
702464,0.7133434414863586,-0.0020373785,1.682712,1122.16708446,343,1754.89,0.05722656,1133.5957629680634,592,17.86483,702464,0.004758715
704512,0.8508682101964951,-0.0050950763,1.6856928,1120.69205101,344,1752.32,0.049707033,1137.0555016994476,595,7.0525866,704512,0.005492096
706560,0.6885245144367218,-0.0033675332,1.6893784,1108.77308536,345,1732.97,0.06289063,1140.4967153072357,596,18.565393,706560,0.0052622585
708608,0.7492997646331787,-0.0009241648,1.6939323,1101.74286616,346,1720.98,0.06660156,1143.9300298690796,630,15.051798,708608,0.005436146
710656,0.5992432236671448,-0.008241469,1.7050842,1102.09387129,347,1720.98,0.068408206,1147.181221485138,604,12.4373865,710656,0.0057537802
712704,0.6619569659233093,-0.002224638,1.715407,1115.27769936,348,1740.83,0.06748047,1150.5722172260284,616,11.009394,712704,0.0057211732
714752,0.6649143099784851,-0.0066673965,1.7311901,1113.78251624,349,1739.27,0.08339844,1153.8968694210052,628,19.042273,714752,0.010010473
716800,0.6508777439594269,-0.0012575468,1.7420648,1127.51800597,350,1759.15,0.059277344,1157.1583688259125,623,12.776825,716800,0.005024369
718848,0.7149422466754913,-0.0025043283,1.7318885,1135.18427381,351,1769.34,0.0647461,1160.4437205791473,599,9.977182,718848,0.005389741
720896,0.6826408505439758,-0.0054397173,1.726548,1135.39732823,352,1769.34,0.078271486,1163.863211631775,613,11.213752,720896,0.006496792
722944,0.6572972536087036,-0.0027717194,1.7280451,1136.1734614400002,353,1770.1,0.08242188,1167.2011075019836,607,11.2739315,722944,0.007758118
724992,0.6472734808921814,-0.0010335512,1.7335031,1136.3510464100002,354,1770.1,0.07739258,1170.573480606079,613,11.653841,724992,0.0063419244
727040,0.7545866221189499,-0.001930746,1.7551647,1137.28010711,355,1770.1,0.08461914,1173.9141170978546,621,9.830862,727040,0.007268918
729088,0.6772966086864471,-0.0026029642,1.7772024,1138.1962979800003,356,1770.1,0.035302736,1177.2080388069153,618,11.654807,729088,0.003195574
731136,0.7224093079566956,-0.0023951973,1.7872356,1138.4420768900002,357,1770.1,0.0609375,1180.5182015895844,622,9.097539,731136,0.0049543087
733184,0.6498223543167114,-0.0012538653,1.7898161,1138.23532401,358,1770.1,0.053759765,1183.8066248893738,615,10.894126,733184,0.0045943325
735232,0.6055744886398315,-0.00198847,1.7897465,1121.1619797100002,359,1743.22,0.06225586,1187.1324172019958,605,19.649807,735232,0.005614728
737280,0.7573854774236679,0.00048513996,1.7954324,1120.73936896,360,1743.22,0.082617186,1190.51833152771,595,9.128303,737280,0.00695617
739328,0.6602332592010498,-0.0032856595,1.8139725,1120.7962599199998,361,1743.22,0.065625,1193.956207036972,603,10.787508,739328,0.006133424
741376,0.7215765416622162,-0.00807305,1.83325,1121.3232742899997,362,1743.22,0.119628906,1197.3512635231018,618,9.607134,741376,0.0120824715
743424,0.7186762988567352,-0.0026510418,1.8446373,1121.3083150599998,363,1743.22,0.07397461,1200.6651968955994,616,11.539587,743424,0.0061311387
745472,0.652710884809494,-0.0028240946,1.8503431,1121.5188607999999,364,1743.22,0.070654295,1203.9856188297272,628,11.933202,745472,0.005859636
747520,0.7579011023044586,-0.0026084553,1.8469431,1122.31105305,365,1743.22,0.055029295,1207.2425549030304,599,10.834442,747520,0.004544446
749568,0.6638101935386658,-0.002553768,1.8408782,1122.4132172,366,1743.22,0.06870117,1210.6620862483978,619,10.464479,749568,0.0056467233
751616,0.682512640953064,-0.004975869,1.8347332,1122.61885142,367,1743.22,0.061767578,1213.9671165943146,617,12.252425,751616,0.005315757
753664,0.646874725818634,-0.0015147289,1.8338659,1122.69396592,368,1743.22,0.05317383,1217.2832934856415,599,12.221368,753664,0.0046652397
755712,0.5822097063064575,-0.0038038134,1.8520129,1123.00031107,369,1743.22,0.06782226,1220.700850725174,597,12.72479,755712,0.005519215
757760,0.7801203429698944,0.0010969663,1.8729107,1120.48249093,370,1740.04,0.051220704,1224.1303126811981,595,9.409651,757760,0.0046924422
759808,0.69151371717453,-0.0023095286,1.8728765,1121.3098120000002,371,1740.04,0.04814453,1227.5702176094055,608,10.9528675,759808,0.0044283513
761856,0.7655215859413147,-0.0021360044,1.8672726,1121.5171025700001,372,1740.04,0.052783202,1230.936849117279,597,9.0742655,761856,0.004818503
763904,0.7438992261886597,-0.0019445724,1.8572737,1122.27245556,373,1740.04,0.06875,1234.367576122284,602,10.433719,763904,0.006134597
765952,0.7371408343315125,-0.0029568607,1.8536009,1122.5631211700002,374,1740.04,0.062451173,1237.7654383182526,597,10.766362,765952,0.0050233593
768000,0.781661793589592,-0.0037811794,1.8560919,1110.6867086500001,375,1720.14,0.068408206,1241.1963028907776,640,12.903357,768000,0.006809014
770048,0.7476710677146912,-0.00075228524,1.8513114,1111.57210605,376,1720.14,0.05913086,1244.3979489803314,598,9.152089,770048,0.0054506483
772096,0.7367570996284485,-0.0029747724,1.8400824,1111.46193618,377,1720.14,0.047265626,1247.8182723522186,618,9.526755,772096,0.004134523
774144,0.6597767472267151,-0.0047600917,1.8470562,1124.3972306100002,378,1738.09,0.065136716,1251.1301362514496,614,12.439494,774144,0.005383512
776192,0.5935006737709045,-0.0034893614,1.8601297,1116.4070439800003,379,1725.77,0.10087891,1254.4631991386414,637,16.875744,776192,0.008621588
778240,0.6833738386631012,-0.0018926287,1.8736851,1116.42224779,380,1725.77,0.058886718,1257.6791429519653,623,11.082108,778240,0.004939595
