n_updates,total_timesteps,policy_entropy,clipfrac,time_elapsed,approxkl,explained_variance,policy_loss,serial_timesteps,fps,value_loss,ep_len_mean,ep_reward_mean
1,2048,4.548365,0.044433594,2.1457672119140625e-06,0.0037770395,0.892180323600769,-0.005404177,2048,482,3.0426328,,
2,4096,4.543268,0.03173828,4.241339206695557,0.0028390163,0.4911709427833557,-0.0034412318,4096,574,42.418274,406.7,193.3536376
3,6144,4.549153,0.024414062,7.804521560668945,0.0023108837,0.5953419804573059,-0.0017217979,6144,575,37.15883,319.4736842105263,139.40352968421053
4,8192,4.5670986,0.049072266,11.3646399974823,0.009362034,0.6815301477909088,-0.005206231,8192,577,31.305338,288.5,119.65405096428572
5,10240,4.5720363,0.031689454,14.910378456115723,0.0030456153,0.742396742105484,-0.002065647,10240,510,27.989605,272.8378378378378,109.9021785135135
6,12288,4.561851,0.038134765,18.9268536567688,0.0035320006,0.7416810989379883,-0.00388805,12288,526,26.44495,263.17391304347825,104.10585691304347
7,14336,4.5755453,0.041015625,22.818649291992188,0.0044281604,0.7970107346773148,-0.004452747,14336,563,25.252377,255.39285714285714,99.32568478571429
8,16384,4.5964565,0.036865234,26.45732045173645,0.0029969472,0.8446717113256454,-0.0047294656,16384,561,19.908644,250.35384615384615,96.14826676923077
9,18432,4.6091127,0.029443359,30.103970050811768,0.0030166244,0.851076528429985,-0.0019602724,18432,531,19.500965,246.36486486486487,93.79377512162162
10,20480,4.6103835,0.011376953,33.956746101379395,0.0013806409,0.7662354856729507,-0.0016069593,20480,497,22.367752,243.67857142857142,91.94498011904763
11,22528,4.606709,0.019921875,38.072805404663086,0.0019499023,0.8185057491064072,-0.0006209179,22528,569,18.737206,241.5268817204301,90.67452981720433
12,24576,4.6066165,0.027929688,41.6710045337677,0.0026540044,0.8702877163887024,-0.0041126898,24576,578,14.470039,221.79,78.37945865
13,26624,4.6093516,0.013574218,45.21137738227844,0.0013581252,0.820040687918663,-0.003943589,26624,563,17.06736,225.4,80.52139022
14,28672,4.6008034,0.017480468,48.847963094711304,0.0016046797,0.8560593873262405,-0.0028818096,28672,592,18.23499,229.34,82.79250897
15,30720,4.604741,0.01826172,52.30765223503113,0.0019373235,0.825509786605835,-0.0048145233,30720,589,16.048494,230.34,83.3698261
16,32768,4.6039762,0.04042969,55.78557515144348,0.0035666246,0.8949034214019775,-0.003965926,32768,578,11.378233,230.05,83.22455335000001
17,34816,4.6036406,0.036865234,59.3243191242218,0.0032985744,0.910689502954483,-0.003811426,34816,579,10.524096,229.82,83.04894738000003
18,36864,4.601265,0.016162109,62.86284303665161,0.0017672118,0.8477583676576614,-0.0025544513,36864,579,12.484168,230.71,83.23955719000001
19,38912,4.597638,0.03881836,66.3957006931305,0.003302812,0.7454692125320435,-0.0037238882,38912,579,21.597853,247.71,93.92326793999999
20,40960,4.5924916,0.039111327,69.93361067771912,0.003452735,0.8196248710155487,-0.002791533,40960,558,13.201014,248.08,94.09301144999999
21,43008,4.584415,0.026953125,73.59899950027466,0.0023337125,0.8806234523653984,-0.004529923,43008,486,15.075106,267.03,105.78695192
22,45056,4.5887446,0.047167968,77.80876183509827,0.0040532295,0.9127744436264038,-0.006005217,45056,496,8.742732,267.61,105.75909427
23,47104,4.5890026,0.034375,81.93601775169373,0.0030431969,0.8549463152885437,-0.004254859,47104,534,10.9144945,267.99,106.01677061999999
24,49152,4.5859203,0.01977539,85.76669955253601,0.0019637565,0.9074649885296822,-0.0014890168,49152,525,8.022869,268.63,106.03067714000001
25,51200,4.577544,0.018847656,89.66315579414368,0.0021998363,0.8755538836121559,-0.0066972114,51200,486,9.301209,269.59,106.28922684999999
26,53248,4.571067,0.027001953,93.89562249183655,0.0023128553,0.8983628302812576,-0.0038158973,53248,464,8.165853,262.32,101.73337203999999
27,55296,4.5688305,0.009960937,98.30533385276794,0.0012601416,0.8575512021780014,-0.003438674,55296,556,9.06215,263.7,102.44559614000002
28,57344,4.561324,0.024853516,101.98495292663574,0.0022078764,0.6136491894721985,-0.003726466,57344,541,19.781118,267.79,104.79917280000001
29,59392,4.562234,0.023291016,105.76789784431458,0.0019508831,0.7202959656715393,-0.004114231,59392,561,14.131412,270.35,106.06896565000001
30,61440,4.5626097,0.0069335937,109.41406536102295,0.0008192528,0.7086570858955383,-0.0032014898,61440,586,18.814077,277.61,110.18013922
31,63488,4.5572844,0.016308594,112.90492081642151,0.0016069658,0.21582883596420288,-0.004724599,63488,571,26.100418,283.75,113.45312495
32,65536,4.549801,0.004345703,116.48879647254944,0.00076375285,0.5948607325553894,-0.0014451491,65536,552,13.981842,287.33,115.53215182
33,67584,4.5476675,0.011962891,120.20012092590332,0.0012338298,0.6849413812160492,-0.003411393,67584,531,16.619862,275.74,107.98286812999999
34,69632,4.5530496,0.018652344,124.0509033203125,0.0017972437,0.025270164012908936,-0.0035963927,69632,557,23.328487,268.51,102.95795791999998
35,71680,4.5518694,0.007958984,127.72442531585693,0.0009650521,0.7662485092878342,-0.0017607913,71680,579,8.431712,272.62,105.19177322
36,73728,4.5391407,0.025634766,131.26058316230774,0.0023107626,0.42950624227523804,-0.0040124836,73728,538,16.035349,280.68,109.66506465
37,75776,4.527343,0.02998047,135.0626084804535,0.0028414775,0.7657949328422546,-0.0025544236,75776,536,8.700908,286.34,112.62338179
38,77824,4.53805,0.05131836,138.87944316864014,0.004510914,0.7849605232477188,-0.0073604537,77824,543,14.006345,296.16,117.67208641999997
39,79872,4.547282,0.017480468,142.6476137638092,0.0017060157,0.8077871054410934,-0.0026239755,79872,547,18.91591,308.44,125.29320779999998
40,81920,4.540327,0.014208985,146.38680958747864,0.0014032553,0.4480888247489929,-0.0024012695,81920,577,13.477615,315.91,129.40799572
41,83968,4.5389986,0.027832031,149.9367597103119,0.0028942,0.7702882289886475,-0.0035735846,83968,592,13.818453,324.67,134.95093092
42,86016,4.544616,0.022265624,153.39409184455872,0.0020460158,0.6035768091678619,-0.0031045256,86016,585,14.987187,332.53,139.73290376
43,88064,4.5528107,0.030664062,156.89469051361084,0.002959847,0.6583943367004395,-0.0024767758,88064,550,14.479314,343.2,145.85074736
44,90112,4.555604,0.032910157,160.61750769615173,0.0032010272,0.7326707541942596,-0.0055559236,90112,586,13.77079,352.36,150.85263176
45,92160,4.5524793,0.025048828,164.1117820739746,0.0023306082,0.47297632694244385,-0.0029485316,92160,549,15.454401,361.02,155.93327293000002
46,94208,4.548933,0.012646484,167.84083795547485,0.0014369474,0.5580754578113556,-0.0025956114,94208,565,13.793524,363.36,157.01509962
47,96256,4.546546,0.033154298,171.4616503715515,0.0036029662,0.6703148186206818,-0.0057256245,96256,557,16.04459,371.46,161.50786243
48,98304,4.5402226,0.010546875,175.13352346420288,0.0011814843,0.748269110918045,-0.00021022404,98304,565,14.561786,381.25,166.92034993999997
49,100352,4.5353475,0.022216797,178.75408792495728,0.0022057367,0.7084840834140778,-0.00050057715,100352,557,13.081424,389.89,171.84759150000002
50,102400,4.5405726,0.018994141,182.42692041397095,0.0017612058,0.7148735821247101,-0.00259749,102400,583,13.434454,396.07,175.19989247000004
51,104448,4.5456657,0.026757812,185.9380705356598,0.002391604,0.725295901298523,-0.003706082,104448,588,9.052286,404.11,180.19515901000003
52,106496,4.5466866,0.030712891,189.4220163822174,0.0028246832,0.41016584634780884,-0.0019061571,106496,577,16.002842,406.77,181.63933053
53,108544,4.5474963,0.04399414,192.96957349777222,0.0038061268,0.6612075567245483,-0.0027726437,108544,565,12.100565,423.43,192.06754108999996
54,110592,4.5474305,0.03286133,196.5947723388672,0.0029237655,0.8787074536085129,-0.0019348683,110592,576,6.98823,424.51,192.48528518
55,112640,4.5367045,0.05239258,200.1491723060608,0.0045901714,0.6800251305103302,-0.0044004368,112640,570,8.829118,438.08,200.63813122000002
56,114688,4.518237,0.03461914,203.73943829536438,0.0034085587,0.6382981538772583,-0.0020946458,114688,585,13.452133,457.17,212.55809469000005
57,116736,4.5103292,0.043652344,207.2409040927887,0.0056952657,0.5160626769065857,-0.00746516,116736,552,18.434237,463.33,216.51159094000002
58,118784,4.503631,0.03618164,210.94932079315186,0.0031745385,0.7701725363731384,-0.0017300753,118784,516,13.610995,469.94,220.52534050000003
59,120832,4.5006223,0.047265626,214.91226053237915,0.0041637938,0.7134531140327454,0.0005809935,120832,533,12.944888,489.78,233.03455085000004
60,122880,4.501032,0.016455078,218.74994087219238,0.00158419,0.6809306144714355,-0.0023948138,122880,552,12.312006,491.24,234.15419755
61,124928,4.5052233,0.019824218,222.4577865600586,0.0018678304,0.7225613594055176,-0.003669768,124928,544,12.526072,501.19,240.58520110999999
62,126976,4.5086484,0.083984375,226.22306084632874,0.007474462,0.8991123363375664,-0.0037898335,126976,562,12.006681,518.03,253.49650235999997
63,129024,4.520289,0.06635742,229.86769723892212,0.005098545,0.8572030961513519,-0.004715288,129024,546,4.778775,520.35,255.01144336999997
64,131072,4.5248632,0.05253906,233.61876511573792,0.0044077826,0.720954418182373,-0.002772084,131072,468,7.2546816,538.34,266.18308464
65,133120,4.5221252,0.0815918,237.98942184448242,0.0062304097,0.8829611986875534,-0.006819661,133120,492,10.243946,555.63,277.34493865999997
66,135168,4.514858,0.0390625,242.1498727798462,0.0038629775,0.7363986372947693,-0.0036479037,135168,488,10.951029,569.88,288.23113193
67,137216,4.5139203,0.03730469,246.34076142311096,0.0035395399,0.6457245945930481,-0.0028163702,137216,506,14.643694,581.77,295.86114417
68,139264,4.529786,0.07739258,250.3888394832611,0.0076547833,0.7331940233707428,-0.0069297566,139264,492,12.486226,599.87,307.48886983
69,141312,4.540737,0.06845703,254.55258464813232,0.0056169257,0.9178160950541496,-0.0055099116,141312,468,11.326348,617.0,320.71959051
70,143360,4.5242324,0.07558594,258.9259967803955,0.0058534453,0.9017525166273117,-0.007138134,143360,498,8.407347,634.03,332.82190678
71,145408,4.510461,0.032910157,263.03438997268677,0.003242333,0.8915929049253464,-0.00438255,145408,541,9.624929,639.22,336.08009088
72,147456,4.4936943,0.034375,266.81890988349915,0.0032145318,0.7343961894512177,-0.003164462,147456,545,9.8431835,656.16,347.53884525999996
73,149504,4.485911,0.026953125,270.57170033454895,0.0024432167,0.8249923437833786,-0.0011124023,149504,565,21.578854,676.29,361.71844127
74,151552,4.486439,0.05,274.1967182159424,0.00412021,0.8841182962059975,-0.006029749,151552,551,5.0401425,680.39,364.26838635
75,153600,4.487981,0.05102539,277.9122676849365,0.0049551027,0.952060654759407,-0.0036695402,153600,525,8.296348,697.21,375.34014149
76,155648,4.4859095,0.042578124,281.8118691444397,0.0037823662,0.892431914806366,-0.005659721,155648,527,17.044542,714.31,391.30088481000007
77,157696,4.479379,0.043359376,285.69874143600464,0.0038823888,0.8300074934959412,-0.0026552454,157696,541,15.856485,727.9,404.85796946000005
78,159744,4.4663153,0.0453125,289.4845609664917,0.003867951,0.8368959873914719,-0.005223021,159744,474,23.174065,755.86,426.14529773999993
79,161792,4.455172,0.03828125,293.8057506084442,0.0033969835,0.9038921147584915,-0.0029183426,161792,548,17.716675,772.84,440.63733410000003
80,163840,4.452598,0.034472656,297.53841376304626,0.0030658103,0.7266158163547516,-0.0044124527,163840,548,19.347263,780.4,444.68109587000004
81,165888,4.4492116,0.02446289,301.2711753845215,0.0025937469,0.8737879991531372,-0.0014791948,165888,564,18.348112,795.57,457.52767857
82,167936,4.4422417,0.01826172,304.90286111831665,0.0016648493,0.7820256352424622,-0.0034608792,167936,561,13.870905,798.66,459.33721755999994
83,169984,4.4396386,0.072753906,308.5497360229492,0.006432117,0.9117804318666458,-0.0053242813,169984,568,10.623892,815.83,471.13736096999986
84,172032,4.4347224,0.039208986,312.15068912506104,0.0036000297,0.8968150764703751,-0.0014019536,172032,526,17.819458,832.64,486.93536882999985
85,174080,4.4289565,0.046240233,316.043594121933,0.0037462085,0.8944705799221992,-0.003042753,174080,520,22.747736,851.29,501.83163667
86,176128,4.4225626,0.036132812,319.98137855529785,0.0033839662,0.9500965885818005,-0.0040733675,176128,555,11.268667,851.52,502.43889424
87,178176,4.4256024,0.04423828,323.6668529510498,0.0038534994,0.8965100720524788,-0.0026806279,178176,471,17.94581,867.59,518.04490647
88,180224,4.4234285,0.031640626,328.0139887332916,0.0029571403,0.8908073529601097,-0.003168435,180224,527,18.200174,884.3,533.72800879
89,182272,4.4152765,0.04897461,331.8978548049927,0.0044603674,0.9141274839639664,-0.0036590241,182272,519,18.057611,901.15,548.77603769
90,184320,4.41012,0.026660156,335.8442690372467,0.0026561497,0.8938691392540932,-0.0015982203,184320,535,18.690632,917.36,563.20368841
91,186368,4.4095707,0.04160156,339.67304587364197,0.0036318754,0.8848075196146965,-0.006014531,186368,561,20.551947,932.53,577.8536128899999
92,188416,4.4110394,0.016210938,343.3243308067322,0.0019975635,0.8920040652155876,-0.0007873856,188416,497,18.004433,949.42,592.0940679500001
93,190464,4.409665,0.027294923,347.4401171207428,0.002644485,0.874897688627243,-0.002217137,190464,552,20.677591,966.45,608.5202325900001
94,192512,4.419162,0.05698242,351.14625239372253,0.0045358343,0.8948776796460152,-0.002265934,192512,460,18.290777,983.4,622.5616523700002
95,194560,4.4329805,0.031835936,355.5939190387726,0.002908794,0.8871107399463654,-0.002383747,194560,511,18.218462,1000.57,638.7738980700001
96,196608,4.4412985,0.027294923,359.5978775024414,0.0028508562,0.8564007878303528,-0.0042662355,196608,560,26.565212,1019.25,656.12091214
97,198656,4.4475923,0.023583984,363.2538044452667,0.002054728,0.8052021265029907,-0.0040261964,198656,584,13.349597,1028.06,662.4239881300001
98,200704,4.44443,0.027832031,366.75677967071533,0.0025107658,0.8659834861755371,-0.0022185647,200704,552,14.735614,1041.2,671.6390077600001
99,202752,4.440491,0.05239258,370.46541357040405,0.0044044023,0.8484138995409012,-0.0061957515,202752,568,20.422916,1058.39,684.99426338
100,204800,4.447427,0.042578124,374.0718069076538,0.003935786,0.8999395221471786,-0.0031854592,204800,518,18.054676,1074.46,696.92857234
101,206848,4.4541907,0.019873047,378.0231442451477,0.0022064412,0.7754043489694595,-0.002435075,206848,506,19.542059,1091.25,711.9742701
102,208896,4.457061,0.025878906,382.07138442993164,0.0025732277,0.9142903387546539,-0.0031705915,208896,534,11.880083,1102.52,720.3542954299999
103,210944,4.453902,0.0203125,385.90421748161316,0.0020524634,0.70219486951828,-0.0028847917,210944,522,42.295284,1118.49,734.1388389999998
104,212992,4.4531,0.033740234,389.82336950302124,0.0040647266,0.9044925719499588,-0.0028393797,212992,502,24.303143,1129.99,746.8405914099999
105,215040,4.4543962,0.028857421,393.89753317832947,0.0027554706,0.8803141415119171,-0.0038473282,215040,548,18.336445,1145.31,760.00066133
106,217088,4.4510684,0.11005859,397.6350107192993,0.008083054,0.8858388215303421,-0.004975525,217088,530,18.55916,1162.45,776.4207123699999
107,219136,4.455359,0.038427733,401.4934992790222,0.0037198518,0.9497394785284996,-0.002910552,219136,516,9.650832,1160.01,775.2209341
108,221184,4.4561253,0.04321289,405.45617413520813,0.003988628,0.8877339661121368,-0.0017453514,221184,513,18.1375,1175.74,790.76642419
109,223232,4.4472213,0.04560547,409.4475073814392,0.003871147,0.8811084404587746,-0.0036893138,223232,519,19.761604,1190.95,805.96513278
110,225280,4.438691,0.038769532,413.39214754104614,0.0034782472,0.895584411919117,-0.0026090962,225280,478,18.822603,1206.19,819.4272825
111,227328,4.4378877,0.027832031,417.6739740371704,0.0028598083,0.8942552655935287,-0.0016209927,227328,512,19.3903,1221.63,833.2557862500001
112,229376,4.4335413,0.05419922,421.66992354393005,0.0054126205,0.8978312313556671,-0.006446533,229376,486,27.544498,1238.48,849.5595236199999
113,231424,4.4291945,0.06928711,425.88019824028015,0.0052580573,0.8930826485157013,-0.0049683694,231424,520,19.677378,1255.09,865.5737104099999
114,233472,4.424026,0.0328125,429.81496596336365,0.0033003036,0.8989826664328575,-0.002586018,233472,558,33.085674,1272.33,881.4200888099999
115,235520,4.43318,0.044921875,433.4860460758209,0.003913854,0.9046912044286728,-0.00098395,235520,543,19.533695,1289.19,897.6980300700001
116,237568,4.4290676,0.080273435,437.2565281391144,0.0075047114,0.8981419578194618,-0.004438231,237568,532,19.765099,1306.23,913.1392392200001
117,239616,4.4340487,0.04477539,441.1045002937317,0.0046778647,0.9002783298492432,-0.0038727429,239616,546,30.366323,1305.88,917.1735657299998
118,241664,4.4412603,0.053271484,444.8558521270752,0.0046205064,0.8872711732983589,-0.0025206292,241664,559,20.364136,1322.99,931.09473585
119,243712,4.4396544,0.018603515,448.5180869102478,0.0020033505,0.9427124410867691,-0.0026209496,243712,571,13.681668,1286.95,908.7451440500002
120,245760,4.4451885,0.017724609,452.1024081707001,0.001824248,0.903865285217762,-0.0022396294,245760,517,26.79719,1306.26,925.4437279900001
121,247808,4.449794,0.046142578,456.0580379962921,0.0039117234,0.8987745121121407,-0.0033669819,247808,539,19.313023,1321.81,940.14516322
122,249856,4.456157,0.04482422,459.8581600189209,0.003943055,0.9068146795034409,-0.0024436906,249856,494,20.107092,1338.66,956.3421248999999
123,251904,4.4535346,0.027197266,463.99830770492554,0.0027858415,0.9067450687289238,-0.0020402435,251904,488,19.908108,1355.56,971.8199955099999
124,253952,4.4348307,0.03046875,468.1879165172577,0.0028963755,0.901062548160553,-0.0022636612,253952,505,20.493904,1370.35,985.7833701199997
125,256000,4.416604,0.058691405,472.240886926651,0.00512516,0.8491730391979218,-0.00468348,256000,563,14.567761,1385.7,996.0013030899999
126,258048,4.4209566,0.042773437,475.88131070137024,0.004576976,0.97280496917665,-0.0042828238,258048,538,9.729837,1381.66,993.3371425099998
127,260096,4.4436555,0.03125,479.6857855319977,0.0029050026,0.805149033665657,-0.0037351898,260096,540,41.141136,1383.82,998.0839833200001
128,262144,4.4581347,0.06298828,483.47700572013855,0.0053814272,0.8249529451131821,-0.007069683,262144,561,14.525348,1382.43,996.9768233400002
129,264192,4.4684563,0.062646486,487.12838435173035,0.0060524093,0.9394255504012108,-0.009401341,264192,505,12.0663,1399.54,1007.7279302100002
130,266240,4.4822774,0.021386718,491.17681312561035,0.0020891652,0.7876061052083969,-0.0046376204,266240,545,36.454716,1417.03,1023.4169109999999
131,268288,4.4843335,0.011767578,494.9341962337494,0.0013058821,0.45454806089401245,-0.0023995845,268288,558,28.576565,1366.52,987.7875151700001
132,270336,4.4846506,0.053369142,498.6044363975525,0.004464875,0.9287156835198402,-0.0030983011,270336,526,13.115974,1366.52,988.4648045900001
133,272384,4.489915,0.03022461,502.4927201271057,0.00290977,0.7111249268054962,-0.004581117,272384,598,19.004717,1334.03,966.44150184
134,274432,4.501008,0.021484375,505.9168996810913,0.0022485657,0.523142397403717,-0.0039003633,274432,589,25.616022,1298.77,939.1577886899998
135,276480,4.5067954,0.04086914,509.3930244445801,0.004568686,0.9876859560608864,0.0007243387,276480,548,3.4612598,1284.75,929.0027950799999
136,278528,4.5067816,0.05307617,513.1280987262726,0.0042764945,0.9042153358459473,-0.003185148,278528,548,20.326344,1284.75,932.6023578599998
137,280576,4.5118217,0.01508789,516.8622016906738,0.0016186556,0.8890799880027771,-0.0023542535,280576,563,31.177547,1265.7,918.0597480999999
138,282624,4.5208144,0.035058595,520.4985117912292,0.0030887963,0.7820796966552734,-0.005288552,282624,587,15.408483,1208.87,868.1097368300001
139,284672,4.526671,0.040234376,523.9868557453156,0.0036210164,0.9012529477477074,-0.0048797596,284672,556,22.23071,1222.13,879.7285405900001
140,286720,4.5201063,0.050683595,527.6675970554352,0.0042546885,0.9786461088806391,-0.0068167234,286720,509,5.9562016,1221.53,879.09208644
141,288768,4.508706,0.035107423,531.6882944107056,0.0033759798,0.9015691876411438,-0.0051436173,288768,537,28.379618,1220.28,880.2941341599998
142,290816,4.499441,0.023925781,535.4984502792358,0.0020957564,0.725702702999115,-0.0025282598,290816,576,20.85386,1193.46,855.88947048
143,292864,4.501217,0.024316406,539.0549035072327,0.002896341,0.7720733880996704,-0.004058005,292864,542,19.262196,1191.51,851.2938743400002
144,294912,4.498555,0.032226562,542.8334038257599,0.0027729648,0.9015806168317795,-0.003202765,294912,596,11.240077,1198.15,854.8187690000002
145,296960,4.486319,0.03793945,546.2674300670624,0.0033942375,0.9124333262443542,-0.004622314,296960,574,20.78609,1198.15,852.4835225499999
146,299008,4.473765,0.031835936,549.836531162262,0.0033740313,0.991363282315433,0.0006283248,299008,526,2.5597816,1184.0,837.7790859400001
147,301056,4.465175,0.040625,553.7244856357574,0.0038455208,0.6980177164077759,-0.002059477,301056,540,25.098648,1184.0,837.76904362
148,303104,4.463954,0.025976563,557.5161564350128,0.002715793,0.852472260594368,-0.0041045086,303104,580,17.683771,1169.17,818.3509376200002
149,305152,4.467,0.04799805,561.0432407855988,0.00475349,0.8521851301193237,-0.0059778327,305152,566,14.263628,1169.17,814.98450585
150,307200,4.46934,0.022509765,564.6624460220337,0.002180559,0.7906305342912674,-0.0018352245,307200,563,20.868723,1136.56,779.80386979
151,309248,4.478753,0.03540039,568.3024632930756,0.0030950964,0.8632577210664749,-0.005193874,309248,604,12.808248,1116.02,759.46238758
152,311296,4.4816566,0.04921875,571.6912133693695,0.004217926,0.8962093070149422,-0.0037758648,311296,576,12.048461,1116.02,759.0331955399998
153,313344,4.488302,0.058251955,575.2483496665955,0.008449775,0.9066185429692268,-0.0023744805,313344,543,19.82998,1116.02,761.4788424100001
154,315392,4.5004835,0.07646485,579.0185043811798,0.0068752817,0.9165147691965103,-0.006048934,315392,561,11.156902,1116.02,759.6283762099999
155,317440,4.506303,0.073876955,582.66463971138,0.0057200133,0.9288416728377342,-0.0037597443,317440,533,25.05241,1099.02,748.99133381
156,319488,4.5071015,0.067919925,586.5024948120117,0.0056407596,0.8945272415876389,-0.005976494,319488,510,20.606785,1099.02,749.8049499100001
157,321536,4.511093,0.046679687,590.5139129161835,0.004083446,0.9365892484784126,-0.003985382,321536,586,4.5902667,1100.69,750.9188901799998
158,323584,4.5117164,0.055615235,594.0080664157867,0.0056091943,0.929162323474884,-0.0031249083,323584,556,12.953755,1117.54,761.4657121600001
159,325632,4.517928,0.04350586,597.6866884231567,0.0035479101,0.8955606296658516,-0.0012232913,325632,564,28.660044,1118.29,760.3147136599999
160,327680,4.511974,0.05214844,601.3165075778961,0.004437563,0.8762679100036621,-0.006997168,327680,567,20.165432,1135.21,776.56413544
161,329728,4.5116587,0.035791017,604.9257907867432,0.0032023606,0.9226598292589188,-0.0052647437,329728,574,13.946402,1120.75,759.2755497300001
162,331776,4.510352,0.03984375,608.4925808906555,0.0033859822,0.9120014384388924,-0.0033230546,331776,550,25.173195,1118.34,757.3575564500002
163,333824,4.4996533,0.027246093,612.216415643692,0.0027347063,0.8990615233778954,-0.0015742916,333824,507,19.669962,1118.34,756.41272396
164,335872,4.5010037,0.02055664,616.2508697509766,0.002234443,0.8785642236471176,-0.001428434,335872,518,21.360554,1118.34,755.8058144600001
165,337920,4.501009,0.016601562,620.2053365707397,0.0016189478,0.8003703206777573,-0.0023644338,337920,568,29.059872,1100.62,736.3676313699999
166,339968,4.506255,0.04033203,623.8067696094513,0.0041567385,0.8218512982130051,-0.007637809,339968,535,16.960583,1070.92,707.1012710199998
167,342016,4.5118146,0.07338867,627.6306488513947,0.005572924,0.873092457652092,-0.0049556717,342016,561,21.137619,1087.92,720.7998254999999
168,344064,4.524044,0.039111327,631.281721830368,0.0032529335,0.7616896629333496,-0.0032304316,344064,562,21.796452,1088.35,716.2501212
169,346112,4.525814,0.052734375,634.9230945110321,0.004370108,0.9272361844778061,-0.007270752,346112,560,11.501528,1088.35,714.41023504
170,348160,4.5190125,0.029003907,638.5796048641205,0.00276677,0.8085621446371078,-0.0060828947,348160,581,18.750069,1079.05,704.74986399
171,350208,4.522176,0.06274414,642.1049726009369,0.0060582478,0.9085168242454529,-0.008314673,350208,530,23.888779,1078.42,705.4446686000001
172,352256,4.5170984,0.11367188,645.9635083675385,0.015295249,0.9649459198117256,-0.012644781,352256,508,6.02004,1079.68,706.42651733
173,354304,4.50626,0.01928711,649.9897704124451,0.0017852606,0.6309581995010376,-0.0028979275,354304,580,26.86999,1088.93,713.5251419499998
174,356352,4.5140004,0.07353516,653.5208075046539,0.0059549375,0.8810699284076691,-0.00039179236,356352,529,19.819193,1101.69,725.6379645599998
175,358400,4.5106306,0.07944336,657.3872156143188,0.0063039036,0.8715043514966965,-0.0025440073,358400,526,18.952156,1101.69,726.6612992099998
176,360448,4.516785,0.061425783,661.2812945842743,0.0048097637,0.8896253556013107,-0.005909021,360448,549,19.1557,1101.69,726.9997238699999
177,362496,4.5280476,0.013330078,665.0109374523163,0.0015567632,0.8782663196325302,-0.0020275803,362496,551,30.230793,1086.96,711.9419698600001
178,364544,4.531068,0.03491211,668.7278215885162,0.0028319908,0.9399757981300354,-0.0024051387,364544,529,10.269681,1070.22,700.8881762000002
179,366592,4.532853,0.09858398,672.5987088680267,0.0075529553,0.8733257800340652,-0.0026676473,366592,507,19.17586,1087.05,714.4938725800001
180,368640,4.5352416,0.047949217,676.6333661079407,0.0041817506,0.8782307803630829,-0.0031384497,368640,531,19.725588,1105.21,731.9313454400002
181,370688,4.5348043,0.049072266,680.488269329071,0.004652707,0.8808952420949936,-0.0069261873,370688,501,21.200365,1105.21,733.010881
182,372736,4.5231066,0.030419922,684.5762033462524,0.002995152,0.8731388747692108,-0.0019096121,372736,531,19.597023,1118.9,747.23769795
183,374784,4.5081506,0.038623046,688.4279346466064,0.0036260716,0.8819861859083176,-0.0033321523,374784,526,21.007082,1135.85,764.1014358799999
184,376832,4.508221,0.052734375,692.3150103092194,0.0043310747,0.8799202144145966,-0.0021322651,376832,482,19.812326,1150.74,778.5437429499999
185,378880,4.5000377,0.061816406,696.556722164154,0.0052989754,0.8764137476682663,-0.002570555,378880,535,20.621792,1167.66,795.02202142
186,380928,4.4909377,0.058691405,700.3841528892517,0.0054545994,0.9153984487056732,-0.00032842404,380928,561,23.457384,1154.2,786.30028815
187,382976,4.489623,0.03642578,704.0331480503082,0.0033289094,0.8761610984802246,-0.0008450798,382976,534,19.61047,1165.8,799.74646133
188,385024,4.483152,0.017480468,707.8690340518951,0.0021471025,0.8700058460235596,0.00052208424,385024,524,19.177555,1180.71,815.61902352
189,387072,4.483525,0.037060548,711.7783002853394,0.0032224574,0.8906319588422775,-0.0037823624,387072,552,19.574541,1195.44,831.3843102300001
190,389120,4.4875445,0.03828125,715.4837644100189,0.0036461807,0.8743749558925629,-0.0028518098,389120,561,22.027702,1209.49,844.8807822200001
191,391168,4.4854116,0.03466797,719.1321473121643,0.0032536928,0.8988827541470528,-0.004245672,391168,510,26.868027,1228.5,860.75676108
192,393216,4.479688,0.04472656,723.146265745163,0.0038834605,0.8863654285669327,-0.0028106219,393216,481,19.383419,1245.63,877.71937223
193,395264,4.4802985,0.06123047,727.4036149978638,0.0045734765,0.8694325983524323,-0.0043275068,395264,543,20.288881,1245.63,881.11306442
194,397312,4.4874887,0.06948242,731.1701011657715,0.005357885,0.866281047463417,-0.005743643,397312,499,19.998827,1262.55,897.47213815
195,399360,4.4870057,0.030566406,735.2751824855804,0.003319654,0.8770498037338257,-0.0012118915,399360,529,28.757458,1280.23,915.3174644200002
196,401408,4.492181,0.055664062,739.1428527832031,0.0046442756,0.8677391111850739,-0.002398859,401408,504,19.72865,1294.47,931.0425897000002
197,403456,4.4798417,0.04018555,743.1995949745178,0.0038316804,0.871508851647377,-0.0038335952,403456,527,19.674831,1308.23,946.1676589800003
198,405504,4.4579554,0.025146484,747.0870888233185,0.0026341048,0.9638682156801224,-0.003230416,405504,527,7.816536,1308.21,946.2109540300002
199,407552,4.454349,0.04057617,750.9712779521942,0.004560068,0.9153148308396339,-0.0039320397,407552,534,20.0582,1326.35,962.27070802
200,409600,4.465832,0.03779297,754.8014044761658,0.0032489884,0.8715058416128159,-0.001971235,409600,517,19.916943,1340.51,977.7355991700001
201,411648,4.466298,0.031689454,758.7600157260895,0.0030258107,0.873129352927208,-0.0005835094,411648,512,19.960093,1354.53,993.0544640300001
202,413696,4.470861,0.021630859,762.7558355331421,0.0023261013,0.9296459257602692,-0.0031684763,413696,535,13.013959,1354.53,993.5437515599999
203,415744,4.4701095,0.042138673,766.5842282772064,0.0036724966,0.8780669644474983,-0.0036019136,415744,489,19.636442,1354.53,994.83496938
204,417792,4.4615927,0.035058595,770.7728078365326,0.0058685327,0.9001530632376671,-0.005633938,417792,548,24.302193,1370.23,1008.726045
205,419840,4.4614,0.03666992,774.5061376094818,0.0056808232,0.8187669664621353,-0.006776707,419840,544,43.116753,1382.44,1022.1192424600001
206,421888,4.4591722,0.022070313,778.2703065872192,0.002440457,0.8838869109749794,-0.0014896317,421888,515,19.21756,1397.49,1036.6588390600002
207,423936,4.4615016,0.04296875,782.2477738857269,0.0035486598,0.8768820241093636,-0.0034703992,423936,546,21.38205,1412.27,1050.21131218
208,425984,4.4573517,0.045654297,785.9966559410095,0.004110316,0.8718993961811066,-0.0018505044,425984,518,20.220152,1412.27,1052.95942871
209,428032,4.453526,0.08461914,789.9477550983429,0.006442116,0.8739412873983383,-0.002123186,428032,511,20.12859,1426.84,1068.48070033
210,430080,4.4588747,0.026464844,793.9538547992706,0.0027602753,0.872139647603035,-0.003665433,430080,566,20.202946,1411.58,1054.06340363
211,432128,4.4557204,0.046191406,797.569723367691,0.0037473,0.8709784895181656,-0.0015435948,432128,502,20.051022,1426.48,1069.78943115
212,434176,4.4620295,0.032177735,801.6468379497528,0.0028118636,0.8687431663274765,-0.0013943859,434176,498,19.986794,1440.46,1084.97375359
213,436224,4.4702826,0.011474609,805.756233215332,0.0013929463,0.8874461352825165,-0.0028760135,436224,502,29.654074,1436.97,1089.24431996
214,438272,4.4753857,0.030957032,809.8327100276947,0.0029464094,0.9479423351585865,-0.0033505678,438272,540,10.692275,1441.8,1092.23600227
215,440320,4.4741983,0.08232422,813.6220698356628,0.006364841,0.8742254972457886,-0.0021149502,440320,508,20.177032,1456.74,1108.0860875600001
216,442368,4.4763403,0.10478516,817.649594783783,0.007943274,0.8731573969125748,-0.0036643997,442368,524,20.020773,1465.26,1119.67251049
217,444416,4.484972,0.037988283,821.5568654537201,0.003238427,0.8720653057098389,-0.0021604262,444416,516,20.749735,1465.26,1122.57141361
218,446464,4.493289,0.027490234,825.5215318202972,0.0027269037,0.8495482057332993,-0.0034515143,446464,559,21.95154,1479.41,1137.4767054000001
219,448512,4.503979,0.055859376,829.1798377037048,0.005365851,0.9123004376888275,-0.0097436365,448512,512,14.941907,1479.41,1133.4257892100002
220,450560,4.521513,0.04477539,833.1788926124573,0.004005374,0.8893459588289261,-0.0036060947,450560,530,20.436296,1479.41,1139.6296024800001
221,452608,4.529868,0.12558594,837.0443336963654,0.008954073,0.8794171363115311,-0.0063104504,452608,549,20.05363,1494.24,1153.78932007
222,454656,4.533757,0.04448242,840.7707436084747,0.0037341441,0.851857140660286,-0.004433029,454656,573,38.456554,1478.54,1150.135046
223,456704,4.5284123,0.02055664,844.3427135944366,0.0021146224,0.9330765604972839,-0.0035566506,456704,581,15.059135,1479.3,1152.4556917200002
224,458752,4.5296307,0.03642578,847.8667259216309,0.00325091,0.8627871125936508,-0.0012045094,458752,540,19.881866,1494.04,1167.6500727300001
225,460800,4.542123,0.054736327,851.6579344272614,0.004492463,0.8650110960006714,-0.00054495985,460800,542,19.806587,1494.04,1173.3647459699998
226,462848,4.5409575,0.035595704,855.4342730045319,0.0035725422,0.899588905274868,-0.0059831953,462848,550,31.235312,1461.13,1148.42635686
227,464896,4.542459,0.0703125,859.152881860733,0.0057316036,0.8598036915063858,-0.0051776255,464896,543,20.152529,1478.13,1165.1052692600001
228,466944,4.554305,0.044677734,862.9219837188721,0.00376547,0.8607380092144012,-0.0011509957,466944,548,19.920124,1478.13,1166.84879183
229,468992,4.564486,0.012792969,866.656601190567,0.0015250298,0.8656242936849594,-0.0022468623,468992,606,20.254131,1448.18,1144.81138257
230,471040,4.577782,0.050488282,870.0366959571838,0.0040880297,0.8764298558235168,-0.0029575187,471040,548,20.193562,1462.82,1159.71031968
231,473088,4.5870776,0.054003906,873.772985458374,0.004801214,0.7997464537620544,-0.0023583535,473088,581,12.98559,1462.82,1154.22046355
232,475136,4.59229,0.058447264,877.2962908744812,0.004964468,0.8630240857601166,-0.0011935786,475136,538,20.188843,1462.82,1158.96583072
233,477184,4.600884,0.03720703,881.101931810379,0.0036008563,0.8553774356842041,-0.002223645,477184,507,32.17193,1460.71,1158.6070877900002
234,479232,4.615458,0.012890625,885.1389148235321,0.0015125026,0.8141472190618515,-0.0017597796,479232,574,15.825165,1448.17,1146.33252121
235,481280,4.6221285,0.024316406,888.7048015594482,0.002200857,0.8629036694765091,-0.0022879879,481280,554,19.553211,1448.17,1143.37352351
236,483328,4.641269,0.025341798,892.3993978500366,0.0022634058,0.868496298789978,-0.0018399833,483328,549,31.963093,1449.38,1148.43708265
237,485376,4.6650558,0.053271484,896.1289331912994,0.0052401302,0.8963664323091507,-0.009446032,485376,534,26.595737,1466.89,1165.27966121
238,487424,4.6678824,0.050439455,899.9605078697205,0.0044038696,0.8510878384113312,-0.005167893,487424,523,8.19234,1465.83,1164.72590211
239,489472,4.6718307,0.034716796,903.8748564720154,0.004081848,0.9306470900774002,-0.0033722457,489472,494,17.15521,1450.11,1151.38114183
240,491520,4.682289,0.030615235,908.0151200294495,0.002648269,0.8949998468160629,-0.0035418286,491520,499,26.981684,1451.7,1155.5519356199998
241,493568,4.688448,0.05810547,912.1135516166687,0.0050310222,0.8748451918363571,-0.0044467626,493568,498,28.874084,1467.88,1170.35455301
242,495616,4.6929803,0.02084961,916.2211661338806,0.002328428,0.8779442831873894,-0.0031421483,495616,559,21.61118,1479.51,1181.92359254
243,497664,4.692969,0.02866211,919.8822894096375,0.0028154133,0.9708472453057766,-0.0036161586,497664,559,5.894559,1464.55,1168.73759896
244,499712,4.695278,0.027685547,923.5440537929535,0.0024833602,0.8509660810232162,-0.0027770097,499712,584,28.263596,1486.03,1188.77492241
245,501760,4.687058,0.04160156,927.0492522716522,0.003968469,0.8608754873275757,-0.0024164098,501760,554,21.10884,1486.03,1186.51981487
246,503808,4.686725,0.010058594,930.7425899505615,0.0013722454,0.8671061992645264,-0.0011280898,503808,530,33.963886,1477.27,1183.2086336999998
247,505856,4.6889143,0.018310547,934.6067261695862,0.0023327293,0.9637126587331295,-0.002792041,505856,542,7.1252236,1466.48,1170.8112911599999
248,507904,4.692992,0.015673827,938.383930683136,0.0016834408,0.83126200735569,-0.0029318146,507904,542,22.735394,1466.48,1170.85926075
249,509952,4.6872005,0.033447266,942.1617546081543,0.002968499,0.8793944641947746,-0.005130158,509952,533,25.952133,1465.13,1168.1916928599999
250,512000,4.6969748,0.049072266,946.0010712146759,0.0043347017,0.888480618596077,-0.0055056466,512000,542,35.38173,1447.72,1153.76593292
251,514048,4.700098,0.05341797,949.7819662094116,0.0041531418,0.8901144191622734,-0.0050720656,514048,542,26.510534,1429.63,1135.85193296
252,516096,4.6980877,0.08066406,953.5569705963135,0.0061289873,0.8754250109195709,-0.002094997,516096,548,20.219357,1429.63,1135.39299017
253,518144,4.6971655,0.04863281,957.2952070236206,0.0044087237,0.8753379955887794,-0.0044912654,518144,535,19.427475,1429.63,1136.5810024099999
254,520192,4.7009006,0.06918945,961.121007680893,0.0055136527,0.8706084936857224,-0.00220482,520192,519,19.987373,1429.63,1136.8634478899999
255,522240,4.700229,0.016552735,965.0675258636475,0.0016965782,0.9162150770425797,-0.0046702656,522240,562,19.99583,1393.96,1103.53512241
256,524288,4.7141576,0.050341796,968.710159778595,0.004098848,0.8754260316491127,-0.0012312386,524288,529,19.885914,1393.96,1102.7637427299999
257,526336,4.721336,0.027783204,972.579852104187,0.0026504595,0.9026121199131012,-0.0021105455,526336,531,25.727818,1375.88,1087.1247900099997
258,528384,4.716673,0.026904296,976.4336190223694,0.0026939842,0.883637085556984,-0.0021187165,528384,529,32.928684,1375.14,1088.86827752
259,530432,4.725359,0.0515625,980.3009786605835,0.0043900837,0.8751781582832336,-0.0017822577,530432,540,19.887093,1375.14,1088.31062343
260,532480,4.740291,0.015917968,984.0923700332642,0.0020482624,0.9416851811110973,-0.001690677,532480,559,11.197085,1360.0,1073.18954701
261,534528,4.7528806,0.025537109,987.7509050369263,0.0024311491,0.9052704125642776,-0.002740427,534528,551,25.002197,1345.14,1056.3621324
262,536576,4.7639685,0.012207031,991.4667432308197,0.0013629035,0.9040808230638504,-0.0009957072,536576,552,23.139462,1343.23,1054.68841306
263,538624,4.7604294,0.052685548,995.1729748249054,0.0045738667,0.8745114952325821,-0.004237525,538624,542,17.92275,1343.23,1053.84820714
264,540672,4.7632036,0.03857422,998.945898771286,0.0040990417,0.8799885287880898,-0.006793002,540672,511,29.927612,1344.86,1056.9824896100001
265,542720,4.760973,0.047802735,1002.9502975940704,0.004880707,0.9584505036473274,-0.0065856464,542720,529,6.595847,1344.86,1056.77696522
266,544768,4.7551126,0.066552736,1006.8171174526215,0.0051758266,0.8764665424823761,-0.0037606086,544768,524,18.940685,1344.86,1056.79282055
267,546816,4.747736,0.03022461,1010.722847700119,0.0031204685,0.879675380885601,-0.0013752393,546816,539,19.081059,1344.86,1056.77911073
268,548864,4.7332873,0.010058594,1014.5233459472656,0.0012435596,0.8765535801649094,-0.0015052326,548864,538,19.143208,1344.86,1057.08845818
269,550912,4.726954,0.025683593,1018.3244740962982,0.002597514,0.8482462614774704,-0.0058410163,550912,579,37.58057,1330.13,1045.15418118
270,552960,4.7296906,0.04423828,1021.8623349666595,0.004089086,0.8708940595388412,-0.0057637147,552960,526,20.237072,1330.13,1046.11910154
271,555008,4.7295346,0.023339843,1025.7557682991028,0.0025153633,0.8661844730377197,-0.0031600564,555008,559,37.918896,1332.59,1048.8218592
272,557056,4.7290535,0.017041016,1029.419944524765,0.0022045975,0.9748859368264675,-0.0039147814,557056,554,5.9552836,1316.32,1034.7867449500002
273,559104,4.7409577,0.028955078,1033.115121126175,0.00270671,0.8786433860659599,-0.0023453995,559104,546,20.062565,1316.32,1034.83170878
274,561152,4.758754,0.07397461,1036.8614308834076,0.005825683,0.8784150779247284,-0.006632981,561152,516,20.086496,1316.32,1033.7439026500003
275,563200,4.781022,0.034082033,1040.8283705711365,0.0031383545,0.8606235980987549,-0.0044401977,563200,519,21.791033,1333.02,1049.7463498000002
276,565248,4.786233,0.02626953,1044.776603460312,0.0025204779,0.8750411719083786,-0.00090455014,565248,554,28.902563,1347.36,1063.6120146700002
277,567296,4.7849445,0.01303711,1048.4719862937927,0.0016602546,0.8685488104820251,-0.0027871523,567296,548,38.515556,1315.28,1031.1723760300001
278,569344,4.777131,0.06958008,1052.2066097259521,0.005662487,0.869949534535408,-0.0005396832,569344,528,19.902775,1331.96,1047.65859532
279,571392,4.763116,0.008691406,1056.0819993019104,0.0010410716,0.9491463974118233,-0.0017506469,571392,513,13.263535,1312.59,1029.90847609
280,573440,4.7631903,0.019580077,1060.0741910934448,0.001991531,0.8725573867559433,-0.0017831989,573440,520,21.066662,1312.59,1029.8607609399999
281,575488,4.761971,0.048193358,1064.011034488678,0.0039179446,0.8719803988933563,-0.0021599676,575488,471,19.614887,1312.59,1027.45890508
282,577536,4.749743,0.080761716,1068.352834701538,0.006528821,0.8665732145309448,-0.0031119739,577536,517,19.927452,1312.59,1028.0900052900001
283,579584,4.748612,0.02055664,1072.3093564510345,0.0023018057,0.8398133516311646,-0.001711732,579584,555,41.093655,1283.67,1005.3598276
284,581632,4.751548,0.015039062,1075.9980807304382,0.0016415719,0.8482241481542587,-0.00083426276,581632,591,18.536963,1270.03,990.8028208999999
285,583680,4.7490907,0.02060547,1079.4643926620483,0.002154024,0.9013656824827194,0.0004518603,583680,546,26.339127,1285.07,1004.4385330299999
286,585728,4.7527533,0.03466797,1083.214881658554,0.0030667228,0.8634279072284698,-0.0006772479,585728,516,19.911604,1301.01,1020.3497705499999
287,587776,4.766719,0.06660156,1087.1807942390442,0.0061656283,0.9588870443403721,-0.0034568931,587776,556,7.570666,1306.06,1023.9089644100001
288,589824,4.7828264,0.04033203,1090.8632764816284,0.003552128,0.8765252530574799,-0.0069734408,589824,541,33.99642,1274.81,992.5844721100001
289,591872,4.7745748,0.048583984,1094.6463904380798,0.0045300173,0.8728934526443481,-0.003254167,591872,520,19.970108,1291.0,1008.3037549200001
290,593920,4.7660003,0.037988283,1098.585238456726,0.0032282383,0.8746610134840012,-0.0025060063,593920,529,19.95593,1307.72,1024.6584349000002
291,595968,4.780118,0.032421876,1102.4540281295776,0.0028743634,0.9568253308534622,-0.000101319674,595968,534,7.632058,1292.04,1008.9426539000001
292,598016,4.7849073,0.02060547,1106.288935661316,0.0024807397,0.879398949444294,-0.00032284256,598016,538,20.454628,1292.04,1009.0376463700002
293,600064,4.7813377,0.02216797,1110.0906825065613,0.0023651912,0.8951380699872971,-0.002299625,600064,569,26.047543,1307.52,1024.2535989799999
294,602112,4.7845883,0.010498047,1113.6865618228912,0.0012686051,0.876866526901722,-0.001060989,602112,572,29.282171,1306.68,1023.1375597899998
295,604160,4.7833056,0.053125,1117.2673490047455,0.0046642325,0.9009045585989952,-0.0068499334,604160,555,25.62291,1290.85,1012.4024470200001
296,606208,4.7857533,0.013476563,1120.957797050476,0.0013564902,0.7749118357896805,-0.0018674219,606208,598,27.060532,1275.64,997.19653604
297,608256,4.7871294,0.021435548,1124.3820164203644,0.0024191276,0.7968204319477081,-0.0054409495,608256,586,31.149006,1234.68,960.30947041
298,610304,4.782531,0.016113281,1127.8728549480438,0.0016058985,0.9214663282036781,-0.0006127689,610304,588,10.5386,1238.76,962.9190857999998
299,612352,4.772069,0.041796874,1131.3548295497894,0.0045930287,0.8833136036992073,-0.004156025,612352,552,25.663776,1240.58,969.2391412799999
300,614400,4.7526445,0.06069336,1135.0664505958557,0.005177849,0.8689674139022827,-0.0007804303,614400,539,19.463072,1240.58,969.12944238
301,616448,4.740283,0.06040039,1138.8643567562103,0.004920309,0.8642632067203522,-0.0015221086,616448,534,18.928083,1255.5,984.3750630999999
302,618496,4.739661,0.054882813,1142.6947767734528,0.004683121,0.8633973151445389,-0.0035043345,618496,527,19.442228,1255.5,985.76362721
303,620544,4.7432966,0.03046875,1146.5803937911987,0.0030728686,0.7874645441770554,-0.0044295276,620544,596,28.217154,1224.26,955.7497037799999
304,622592,4.744657,0.056640625,1150.0142443180084,0.0046237055,0.8796923458576202,-0.0026855902,622592,534,19.04164,1236.72,968.6542407399998
305,624640,4.75286,0.026904296,1153.849662065506,0.0028471607,0.9724943414330482,-0.0024228105,624640,542,6.196468,1221.17,955.3439022799998
306,626688,4.770243,0.047460936,1157.623707294464,0.0044856877,0.8929636180400848,-0.0046266248,626688,562,25.709433,1225.4,958.0187414200002
307,628736,4.7778344,0.042626955,1161.2675712108612,0.004082165,0.9069009646773338,-0.0038435007,628736,552,28.923962,1203.15,941.5647916600001
308,630784,4.7920027,0.046826173,1164.9735777378082,0.0042223684,0.8853204548358917,-0.002661872,630784,541,19.495043,1219.23,957.10228447
309,632832,4.811468,0.06459961,1168.7541027069092,0.0051866053,0.8824532851576805,-0.0013531535,632832,550,20.080557,1219.23,957.34799383
310,634880,4.809729,0.037890624,1172.4754724502563,0.0037048715,0.8863666132092476,-0.0030788477,634880,549,20.67088,1237.09,973.46999608
311,636928,4.8162093,0.052441407,1176.2061948776245,0.004429357,0.8865877240896225,-0.003992481,636928,545,20.46337,1253.38,988.8502929299998
312,638976,4.827021,0.027734375,1179.962604045868,0.0027975054,0.8861076682806015,-0.003149515,638976,544,20.017504,1253.38,989.4612027699998
313,641024,4.831656,0.033203125,1183.7239744663239,0.0031556361,0.7503088414669037,-0.0067687607,641024,590,21.01408,1244.58,978.4919923999998
314,643072,4.8300014,0.023486327,1187.195785999298,0.0025446517,0.9384715221822262,-0.0029606607,643072,543,17.671684,1211.83,946.19934925
315,645120,4.842263,0.043408204,1190.9647071361542,0.0036394887,0.9057709947228432,-0.0045835716,645120,541,16.012032,1229.08,961.2937653700001
316,647168,4.853839,0.041748047,1194.7484991550446,0.0035652337,0.8812190964818001,-0.0056489734,647168,548,34.953316,1209.48,941.7751730200001
317,649216,4.8461194,0.03720703,1198.4811322689056,0.0036811754,0.8990397229790688,-0.0031591833,649216,528,33.936943,1208.86,940.58479874
318,651264,4.8316956,0.039501954,1202.3554923534393,0.0039024644,0.8621938079595566,-0.0039442615,651264,521,27.228952,1206.3,939.10924363
319,653312,4.824683,0.039355468,1206.285685300827,0.0037129584,0.9712213259190321,-0.0030216244,653312,550,6.9010973,1188.51,924.05878265
320,655360,4.824277,0.029443359,1210.006607055664,0.0028796797,0.8812175467610359,-0.0009261434,655360,531,19.571444,1203.37,938.7556032
321,657408,4.836989,0.03339844,1213.8636479377747,0.0029571191,0.8803025931119919,-0.0015258931,657408,509,19.675266,1203.37,938.4426165099999
322,659456,4.84732,0.02265625,1217.8859407901764,0.002469717,0.7105493545532227,-0.0021765954,659456,587,47.81774,1190.65,924.5715958800002
323,661504,4.8477693,0.018896485,1221.374767780304,0.0017416598,0.9275751262903214,-0.003981715,661504,577,20.96799,1156.88,891.68348405
324,663552,4.8545747,0.022558594,1224.9232368469238,0.0020797534,0.8900892212986946,-0.0028137018,663552,553,35.12221,1139.49,874.80482317
325,665600,4.859507,0.071826175,1228.6214606761932,0.0055265883,0.8691568225622177,-0.002880801,665600,534,19.232948,1154.72,890.2499353399998
326,667648,4.867547,0.0418457,1232.4533410072327,0.003756829,0.8718720972537994,-0.0028831002,667648,536,20.765444,1154.72,890.1075631799999
327,669696,4.8629236,0.029101562,1236.2734475135803,0.0032037576,0.876120999455452,-0.0022594624,669696,551,20.265905,1154.72,889.4039263799998
328,671744,4.8504796,0.042822264,1239.9905445575714,0.0037457068,0.8733999282121658,-0.0016574044,671744,535,19.626411,1170.23,904.9041155399999
329,673792,4.8463736,0.064648435,1243.8199956417084,0.0051758178,0.8808193728327751,-0.002256535,673792,524,19.641294,1185.88,920.13271895
330,675840,4.8443813,0.029150391,1247.7248735427856,0.0029846288,0.8763325288891792,-0.001890967,675840,523,20.414227,1202.15,935.57848444
331,677888,4.837361,0.019140625,1251.6374652385712,0.0020598695,0.8897373825311661,-0.001162526,677888,539,19.973095,1202.15,934.99170296
332,679936,4.843124,0.044677734,1255.435208082199,0.0041584373,0.9704747032374144,-0.0050086877,679936,540,5.038331,1184.19,918.7449228700002
333,681984,4.848588,0.055322267,1259.2248780727386,0.004380268,0.8801531568169594,-0.003227158,681984,543,19.501642,1184.19,918.3619351000001
334,684032,4.8449087,0.03466797,1262.9955749511719,0.0033803782,0.8910602927207947,-0.0018420874,684032,543,19.786587,1184.19,919.3060318400002
335,686080,4.8383284,0.042285156,1266.765548467636,0.0035361338,0.8796011805534363,-0.0019041076,686080,544,19.72451,1198.25,933.26964951
336,688128,4.8337274,0.02451172,1270.5268650054932,0.002437191,0.68506720662117,-0.0026120683,688128,598,34.16133,1202.01,936.07525334
337,690176,4.838331,0.035888672,1273.9508097171783,0.0032175886,0.8736326098442078,-0.002012611,690176,547,20.259953,1202.01,934.6373362899999
338,692224,4.850611,0.06552734,1277.6926007270813,0.005247097,0.8978104218840599,-0.0030950685,692224,539,19.899437,1217.68,949.8293507900001
339,694272,4.860105,0.023779297,1281.4879179000854,0.0024326849,0.9707934781908989,-0.002886461,694272,536,4.991469,1220.93,951.70808911
340,696320,4.8644447,0.02709961,1285.3075785636902,0.0024188017,0.8930548503994942,-0.0027851164,696320,568,19.718351,1220.93,951.5690596800002
341,698368,4.871161,0.035742186,1288.911139011383,0.0027978946,0.901141993701458,-0.0031681322,698368,570,23.92098,1208.05,937.5381952600002
342,700416,4.8719883,0.034765624,1292.4989364147186,0.0031361654,0.8846310526132584,-0.0030812824,700416,551,19.93064,1208.05,936.8737262400001
343,702464,4.8656244,0.04140625,1296.2130517959595,0.003878568,0.8835344389081001,-0.0027793758,702464,480,19.310413,1223.25,949.81078828
344,704512,4.862212,0.029003907,1300.4729969501495,0.0034376897,0.8801410347223282,-0.0027254648,704512,530,26.953833,1238.7,965.33003333
345,706560,4.860275,0.019384766,1304.3337182998657,0.0019404746,0.9705729857087135,-0.0034142719,706560,545,5.3093715,1237.43,964.67403022
346,708608,4.8558106,0.0578125,1308.0878341197968,0.0053295675,0.9066439121961594,-0.0046449746,708608,524,16.255482,1237.43,963.2226838500001
347,710656,4.849292,0.07680664,1311.9955034255981,0.006056371,0.9025169685482979,-0.0042837,710656,535,16.62681,1252.07,977.8404947900002
348,712704,4.8320804,0.049365234,1315.8180525302887,0.0044177854,0.8836338967084885,-0.0016382219,712704,529,17.86519,1252.07,977.2312216600002
349,714752,4.8238635,0.06040039,1319.684825181961,0.0049365405,0.8901085630059242,-0.0029217496,714752,553,18.355701,1263.25,989.55340815
350,716800,4.8261814,0.06367187,1323.3828783035278,0.005473494,0.8988300785422325,-0.0029782015,716800,531,18.857122,1263.25,988.4874520599999
351,718848,4.8178954,0.061669923,1327.2400114536285,0.0053584594,0.8840810358524323,-0.003958703,718848,537,18.635681,1278.9,1003.4428267699998
352,720896,4.806526,0.06279297,1331.0529618263245,0.005203233,0.8744644373655319,-0.003958597,720896,530,18.979292,1294.5,1019.1324434499999
353,722944,4.794675,0.1,1334.9119160175323,0.0072948174,0.8741779327392578,-0.005796854,722944,529,18.865158,1294.5,1019.5621126499999
354,724992,4.7771583,0.020410156,1338.782472372055,0.0024084854,0.8835199400782585,-0.0045742644,724992,531,19.054132,1294.5,1019.59162306
355,727040,4.76667,0.069970705,1342.6394112110138,0.005708282,0.8804220706224442,-0.0033182867,727040,521,18.564915,1310.18,1035.26604529
356,729088,4.76247,0.049121093,1346.5681703090668,0.0038801755,0.8765185996890068,-0.004318786,729088,551,29.844702,1294.65,1020.3998944100001
357,731136,4.7650185,0.02836914,1350.2836089134216,0.0026455321,0.8656138479709625,-0.001386148,731136,539,19.852352,1309.37,1035.5737064300001
358,733184,4.765712,0.046679687,1354.0818667411804,0.0047031934,0.8948185071349144,-0.0067567825,733184,555,27.408321,1309.56,1036.4437896099998
359,735232,4.774537,0.016162109,1357.7684841156006,0.0017421276,0.876693569123745,-0.00018099895,735232,533,19.475574,1309.56,1037.3749498299999
360,737280,4.78115,0.09291992,1361.6060206890106,0.0071022636,0.8681710660457611,-0.0016745608,737280,533,19.52586,1325.39,1053.1772606700004
361,739328,4.7838507,0.035888672,1365.448252916336,0.0034845048,0.8910911977291107,-0.0020085091,739328,536,20.328894,1341.04,1068.8385207400001
362,741376,4.779956,0.059033204,1369.2675898075104,0.0052244114,0.8985786139965057,-0.004068318,741376,520,26.07658,1360.48,1085.45806215
363,743424,4.7730055,0.06508789,1373.1999707221985,0.005275286,0.8775847926735878,-0.0030986022,743424,524,19.747028,1375.91,1101.03959995
364,745472,4.761708,0.027246093,1377.10764169693,0.0027006227,0.8812071084976196,-0.0018247381,745472,540,20.006025,1391.01,1116.12343496
365,747520,4.7688937,0.038769532,1380.900966644287,0.003606207,0.8758713006973267,-0.00088928046,747520,538,19.745436,1403.14,1129.1757341900002
366,749568,4.7812676,0.037353516,1384.7019877433777,0.0034400292,0.8740140795707703,-0.0026584843,749568,539,20.121195,1417.86,1144.3483284200001
367,751616,4.7929406,0.03388672,1388.4989049434662,0.0029011709,0.8777916952967644,-0.0015244429,751616,560,20.720766,1433.38,1157.98885126
368,753664,4.805375,0.066748045,1392.1561183929443,0.0053819795,0.8726681172847748,-0.003547286,753664,536,19.243626,1445.57,1171.44010332
369,755712,4.8071322,0.030517578,1395.976077079773,0.0026401067,0.9195490404963493,-0.004521706,755712,575,18.841764,1429.34,1156.5157060400002
370,757760,4.8094454,0.024951171,1399.5363113880157,0.0028458408,0.8837354779243469,-0.0019934021,757760,553,20.17466,1443.24,1170.825882
371,759808,4.8016405,0.022460938,1403.2356181144714,0.0024091783,0.8705128580331802,-0.0023469718,759808,541,19.781363,1443.24,1169.7869826
372,761856,4.8066316,0.09609375,1407.020382642746,0.0072755455,0.8639753460884094,-0.0047907503,761856,542,19.737347,1443.24,1169.76324242
373,763904,4.826835,0.034375,1410.7965502738953,0.0032255233,0.859135240316391,-0.0037033167,763904,553,19.86454,1443.24,1169.83904949
374,765952,4.838523,0.043945312,1414.4996445178986,0.003938082,0.869655653834343,-0.004062972,765952,554,20.018421,1459.65,1185.88876749
375,768000,4.8372903,0.025976563,1418.195882320404,0.0024054272,0.866274893283844,-0.0014873482,768000,547,19.67342,1474.52,1200.70380505
376,770048,4.8358107,0.051953126,1421.9381420612335,0.0043810206,0.8778199031949043,-0.0035165497,770048,551,20.309008,1489.86,1216.04654399
377,772096,4.8400617,0.016992187,1425.6513636112213,0.0017633175,0.890821136534214,-0.0029219447,772096,568,26.296885,1490.55,1216.09448114
378,774144,4.8414564,0.04472656,1429.2568423748016,0.0037458222,0.8844179809093475,-0.004249609,774144,537,19.789398,1506.1,1231.0099542799999
379,776192,4.829581,0.039453126,1433.0678057670593,0.0039928616,0.9640826247632504,-0.0046257,776192,560,6.1893864,1492.94,1216.6392290600002
380,778240,4.8095884,0.06503906,1436.7250061035156,0.005160822,0.8843730017542839,-0.0026229979,778240,542,19.05588,1505.45,1228.66036923
381,780288,4.794673,0.05546875,1440.4992616176605,0.004621008,0.661194235086441,-0.005281116,780288,598,57.06657,1473.8,1197.38914096
382,782336,4.798385,0.079882815,1443.9201354980469,0.006165787,0.8750251159071922,-0.0026975535,782336,547,18.987337,1473.8,1197.4244651
383,784384,4.7963,0.05961914,1447.6620228290558,0.0048384285,0.8593137413263321,-0.002572662,784384,543,20.07525,1473.8,1198.08858581
384,786432,4.7919483,0.08520508,1451.43230843544,0.0067000343,0.8672311305999756,-0.0029640358,786432,538,19.447432,1473.8,1198.7620238099998
385,788480,4.7829857,0.017919922,1455.2345957756042,0.0016771101,0.8649244606494904,-0.00022680452,788480,491,19.63562,1488.0,1213.49900193
386,790528,4.780362,0.030322265,1459.402616262436,0.0028314495,0.8540120720863342,-0.0055969628,790528,595,19.04636,1485.36,1212.15587826
387,792576,4.79241,0.05444336,1462.8453092575073,0.0044587143,0.8817286640405655,-0.0031057545,792576,477,19.785503,1503.38,1228.6497937
388,794624,4.8042955,0.047070313,1467.132277727127,0.00399137,0.8923660963773727,-0.0043836026,794624,552,26.830683,1507.55,1232.4009595500002
389,796672,4.8075576,0.028076172,1470.8425242900848,0.0026026706,0.8662980794906616,-0.0012192013,796672,535,19.800936,1507.55,1234.4733368200002
390,798720,4.813794,0.03779297,1474.6647679805756,0.003325072,0.8645849823951721,-0.002489791,798720,545,19.74149,1525.35,1251.65795701
391,800768,4.812646,0.032080077,1478.4186646938324,0.0030309448,0.8661789745092392,-0.0006716667,800768,540,19.584429,1543.1,1268.81187386
392,802816,4.8082533,0.033837892,1482.2116236686707,0.0030292463,0.8750990033149719,-0.0027869935,802816,543,19.629381,1543.1,1269.34497781
393,804864,4.797121,0.044873048,1485.9827527999878,0.0037143375,0.8699107617139816,0.00020903148,804864,532,19.527292,1560.82,1286.52915171
394,806912,4.788786,0.023974609,1489.8338253498077,0.0024314465,0.8806017488241196,-0.0021478373,806912,543,19.4508,1578.49,1302.85643232
395,808960,4.789579,0.038134765,1493.6038844585419,0.0036896043,0.9639827348291874,-0.0036405534,808960,570,6.7043524,1564.26,1288.74756945
396,811008,4.798682,0.07172851,1497.1952188014984,0.0057619037,0.8662326484918594,-0.0008905559,811008,543,19.63792,1581.96,1305.13308282
397,813056,4.808311,0.02993164,1500.9627873897552,0.0027492838,0.8792803585529327,-0.0014450762,813056,547,28.945332,1583.13,1306.4853236400002
398,815104,4.810737,0.03017578,1504.7064023017883,0.002743014,0.8687994033098221,-0.0017459143,815104,533,19.546154,1583.13,1307.21008963
399,817152,4.8005724,0.032910157,1508.5426647663116,0.0034748546,0.8662781417369843,-0.0019683812,817152,532,20.064528,1583.13,1307.6880787100004
400,819200,4.788713,0.06977539,1512.3898396492004,0.005193292,0.8624343574047089,-0.0024640101,819200,551,19.664368,1597.07,1322.3713968400002
401,821248,4.7929144,0.052978516,1516.1050689220428,0.004369547,0.8630549013614655,-0.002459704,821248,547,19.450663,1612.46,1338.0373419200002
402,823296,4.797343,0.032666016,1519.844098329544,0.0033707167,0.8927063494920731,-0.0038428693,823296,568,25.970364,1628.53,1354.2469673300002
403,825344,4.800186,0.038769532,1523.4492785930634,0.0037324864,0.872862309217453,-0.0011066201,825344,543,19.866371,1646.27,1371.4696067800003
404,827392,4.805916,0.034375,1527.215481519699,0.0029964403,0.8612525165081024,-0.0022634533,827392,550,19.98915,1664.01,1388.2281440000004
405,829440,4.8073816,0.030810546,1530.9397866725922,0.0030280636,0.8756828308105469,-0.0028501074,829440,551,20.212578,1664.01,1388.3745186000003
406,831488,4.8070745,0.05546875,1534.651466369629,0.0050689788,0.9560647644102573,-0.006437882,831488,412,5.9430346,1663.98,1388.5089914700002
407,833536,4.791648,0.030078124,1539.6175401210785,0.0029939413,0.915910080075264,-0.0028969592,833536,486,11.603003,1681.73,1405.7760397899997
408,835584,4.775777,0.021777343,1543.829417705536,0.0023873842,0.9108076021075249,-0.0010302499,835584,518,12.652834,1681.73,1405.91128972
409,837632,4.763107,0.026953125,1547.780582666397,0.0026833438,0.9029107838869095,-0.0024024523,837632,527,13.21464,1681.73,1406.5512029299998
410,839680,4.757493,0.046240233,1551.6656820774078,0.004303596,0.8975280821323395,-0.0035885882,839680,534,14.19901,1681.73,1407.5762590000002
411,841728,4.752953,0.035791017,1555.4973495006561,0.0041314405,0.9006361290812492,-0.0047981115,841728,537,15.088165,1681.73,1407.75001431
412,843776,4.7534256,0.01821289,1559.3097395896912,0.001833812,0.8268413543701172,-0.0027602245,843776,541,35.101616,1652.87,1379.9153356000002
413,845824,4.739236,0.018603515,1563.0936992168427,0.002134007,0.8619146794080734,-0.001956782,845824,529,38.202255,1637.94,1365.8091424799998
414,847872,4.724269,0.080322266,1566.9636726379395,0.0061505255,0.8609417229890823,-0.0032196878,847872,529,20.052582,1637.94,1366.78559924
415,849920,4.729157,0.030078124,1570.830249786377,0.0027250685,0.9683560021221638,-0.0046677613,849920,552,7.073845,1622.57,1352.16039653
416,851968,4.74195,0.039160155,1574.5368173122406,0.003393266,0.8196159601211548,-0.0028408174,851968,573,39.8133,1622.3,1353.1227105500002
417,854016,4.745656,0.03286133,1578.1088545322418,0.0031994581,0.9168503507971764,-0.003161632,854016,524,13.87749,1608.27,1339.05843887
418,856064,4.760942,0.06254883,1582.018499135971,0.0049114665,0.8656442612409592,-0.0035138237,856064,540,19.85986,1620.96,1352.8247170299999
419,858112,4.774461,0.039794922,1585.8103449344635,0.0035923715,0.8679210245609283,-0.0040866616,858112,544,30.937424,1604.66,1339.6823919999997
420,860160,4.77118,0.016259765,1589.5742816925049,0.0018080093,0.8891000002622604,-0.00019075528,860160,561,26.516428,1602.67,1338.6292023099998
421,862208,4.773263,0.027685547,1593.2265663146973,0.0029865613,0.913877584040165,-0.0034139086,862208,533,22.83182,1588.09,1326.4824974
422,864256,4.777466,0.046826173,1597.066383600235,0.004550444,0.9734155088663101,-0.010400014,864256,542,5.146664,1585.75,1324.69744237
423,866304,4.7823486,0.09648438,1600.8389341831207,0.0073042028,0.8628273755311966,-0.0048947562,866304,527,19.786951,1601.4,1339.7632788600001
424,868352,4.7942233,0.018994141,1604.7237038612366,0.0018052371,0.8601249903440475,-0.001991921,868352,584,25.202183,1589.08,1329.6680264000001
425,870400,4.798887,0.03330078,1608.2301099300385,0.0035542692,0.9777202159166336,-0.0038809546,870400,549,4.3854246,1578.37,1317.63456174
426,872448,4.800786,0.048046876,1611.958551645279,0.0042092344,0.8715080618858337,-0.0032834255,872448,574,27.684696,1574.51,1312.65585425
427,874496,4.804176,0.036865234,1615.5274307727814,0.0049430323,0.9675982445478439,-0.0049055414,874496,570,6.0406785,1562.96,1301.2627133299998
428,876544,4.8015943,0.03354492,1619.11980509758,0.0031164668,0.8699614107608795,-0.0014526828,876544,547,20.126657,1562.96,1300.04564942
429,878592,4.798131,0.05620117,1622.8631269931793,0.0045759073,0.8719674646854401,-0.0015837522,878592,531,20.039669,1562.96,1299.77732253
430,880640,4.804121,0.025146484,1626.7143082618713,0.0025346642,0.901716060936451,-0.0026327881,880640,564,24.453505,1551.59,1287.9612505300001
431,882688,4.7992244,0.04140625,1630.3462507724762,0.0037665188,0.8782680630683899,-0.0051447875,882688,529,26.695347,1550.57,1286.8283390699999
432,884736,4.7957187,0.042871095,1634.212206363678,0.0046775416,0.9727899767458439,-0.006344738,884736,561,5.396793,1537.66,1272.93062496
433,886784,4.795317,0.03803711,1637.8584399223328,0.003504557,0.8697390407323837,-0.003903114,886784,549,19.877329,1537.66,1271.91587312
434,888832,4.7937613,0.017919922,1641.5878903865814,0.0019377951,0.8636610954999924,0.00065091054,888832,518,20.051348,1553.06,1287.01732594
435,890880,4.7888384,0.028125,1645.5379271507263,0.002683248,0.9042641595005989,-0.0032191891,890880,538,27.673803,1522.13,1256.00618919
436,892928,4.797591,0.06347656,1649.3412601947784,0.004927292,0.8650621026754379,-0.0024811141,892928,539,19.725185,1522.13,1257.2520597100001
437,894976,4.79777,0.057617188,1653.1417615413666,0.00508656,0.8655730187892914,-0.00089042896,894976,533,19.914158,1533.74,1270.65217923
438,897024,4.783841,0.042529296,1656.9779314994812,0.0037861462,0.8610825836658478,-0.0007699047,897024,521,19.616491,1533.74,1270.7536637199998
439,899072,4.7718782,0.023583984,1660.9065110683441,0.0026746688,0.8623509109020233,-0.0011262168,899072,531,19.553371,1533.74,1271.2765347199997
440,901120,4.7746153,0.058642577,1664.7607080936432,0.00501481,0.8608387410640717,-0.0037964273,901120,536,19.856958,1533.74,1271.3294695
441,903168,4.8082995,0.035253905,1668.5794842243195,0.003479305,0.9822204355150461,-0.00442575,903168,508,3.1593595,1517.44,1255.09541164
442,905216,4.830171,0.06821289,1672.608662366867,0.0055668335,0.8673557788133621,-0.0034535944,905216,548,19.773813,1517.44,1257.06018988
443,907264,4.8277917,0.030957032,1676.3455793857574,0.0027681636,0.8555355966091156,-0.0015973414,907264,570,32.267815,1518.63,1257.3011135299998
444,909312,4.82253,0.036572266,1679.9381091594696,0.0035573791,0.8588415086269379,-0.0015866801,909312,544,19.849098,1533.53,1272.10795757
445,911360,4.8145657,0.04243164,1683.701657295227,0.0037937448,0.8577018827199936,-0.0025087616,911360,543,19.614206,1533.53,1272.40462949
446,913408,4.814873,0.029443359,1687.4698498249054,0.0026321094,0.8741202503442764,-0.0022035951,913408,549,29.388132,1517.09,1257.1381945800001
447,915456,4.820978,0.034716796,1691.1976511478424,0.0036534742,0.8959070593118668,-0.0029587713,915456,549,25.58942,1502.5,1241.6210639600001
448,917504,4.8300877,0.025634766,1694.928878545761,0.0025952377,0.8959428295493126,-0.0017109566,917504,539,14.381754,1486.13,1225.9425057400001
449,919552,4.8350935,0.04345703,1698.7230360507965,0.0040008435,0.863600879907608,-0.004395504,919552,579,28.464275,1474.36,1213.2543457600002
450,921600,4.8304725,0.038964845,1702.257033586502,0.0040823733,0.8940460160374641,-0.003430856,921600,555,25.348991,1478.76,1217.43297571
451,923648,4.822819,0.04448242,1705.949696779251,0.003649908,0.7406630516052246,-0.0062491205,923648,613,24.158792,1447.01,1188.3246759
452,925696,4.8210955,0.029101562,1709.2879450321198,0.0027606203,0.7261701822280884,-0.0031678267,925696,605,22.305183,1452.95,1191.97797912
453,927744,4.8226633,0.03769531,1712.671422958374,0.003602589,0.9061613008379936,-0.003450811,927744,558,14.649382,1457.84,1195.3637371600003
454,929792,4.8192506,0.12407227,1716.3390662670135,0.009028325,0.8547841012477875,-0.009239883,929792,554,20.195223,1457.84,1195.7919151300002
455,931840,4.8178387,0.041894533,1720.030375957489,0.0035489039,0.8765116855502129,-0.002206026,931840,548,29.361704,1441.46,1179.52160706
456,933888,4.822343,0.032080077,1723.7651495933533,0.0028240264,0.8972637057304382,-0.005098029,933888,562,24.944035,1440.11,1178.94030033
457,935936,4.8229384,0.1038086,1727.4064116477966,0.008294732,0.8680183291435242,-0.0047387057,935936,541,19.825468,1455.26,1194.1407473299998
458,937984,4.827429,0.059277344,1731.1924788951874,0.0053393645,0.880497045814991,-0.0041878046,937984,551,19.717495,1455.26,1194.44038308
459,940032,4.8412123,0.070654295,1734.9066908359528,0.0056987526,0.8751513510942459,-0.0061419904,940032,553,19.719826,1455.26,1194.61792456
460,942080,4.8595533,0.033251952,1738.6055839061737,0.0031811264,0.8557710647583008,-0.0024990905,942080,523,31.490713,1455.35,1193.95203973
461,944128,4.881818,0.026708985,1742.5176787376404,0.0025923422,0.8867305815219879,-0.0024588567,944128,473,19.58175,1455.35,1193.4012959700003
462,946176,4.8938036,0.018798828,1746.8457627296448,0.001984426,0.8839734345674515,-0.0014744786,946176,532,19.794363,1455.35,1192.1876945600002
463,948224,4.892904,0.057617188,1750.6930058002472,0.0048249764,0.8705957233905792,-0.0034794144,948224,529,19.7823,1455.35,1192.4778143500002
464,950272,4.8957925,0.021582032,1754.5600850582123,0.002081379,0.840038925409317,-0.0020850175,950272,599,17.964865,1425.13,1161.86945144
465,952320,4.897971,0.041259766,1757.9769549369812,0.0037761629,0.8653973788022995,-0.00029577973,952320,511,19.6458,1425.13,1162.43652953
466,954368,4.89702,0.05078125,1761.9844868183136,0.004239404,0.9126877039670944,-0.0041813864,954368,541,15.130748,1411.18,1148.22221019
467,956416,4.8947725,0.019433593,1765.76913189888,0.0021043844,0.8000539988279343,-0.001901684,956416,595,35.774994,1399.01,1134.41808943
468,958464,4.8924375,0.025732422,1769.2072763442993,0.0024457434,0.8976738154888153,-0.0012116074,958464,555,24.0323,1383.3,1118.10680688
469,960512,4.889839,0.04790039,1772.8948924541473,0.004335423,0.8692751526832581,-0.00088056095,960512,542,19.338482,1383.3,1118.1455636899998
470,962560,4.883396,0.030029297,1776.6736054420471,0.0029206262,0.8775453194975853,-0.002022662,962560,561,20.350485,1397.1,1130.9558359599998
471,964608,4.8767486,0.046435546,1780.3214602470398,0.004066171,0.8917888626456261,-0.0024083238,964608,542,20.29713,1397.1,1129.19636996
472,966656,4.8622947,0.065625,1784.0946311950684,0.0071055107,0.9712198562920094,-0.008799406,966656,543,6.650656,1381.41,1113.7530616099998
473,968704,4.860673,0.044042967,1787.8615534305573,0.003406013,0.8253133594989777,-0.0030836354,968704,567,32.238197,1385.04,1114.81223215
474,970752,4.8623066,0.027392577,1791.4702513217926,0.0028696458,0.909078411757946,-0.0033683465,970752,606,13.770048,1366.34,1091.33723325
475,972800,4.8636785,0.041259766,1794.8451669216156,0.0042139934,0.9003222659230232,-0.0027480437,972800,549,25.216516,1351.28,1075.81132886
476,974848,4.870299,0.08461914,1798.5745475292206,0.0071520135,0.8891456574201584,-0.0043506813,974848,545,20.295727,1351.28,1075.29756503
477,976896,4.8675275,0.0828125,1802.3315615653992,0.006658528,0.8681400418281555,-0.006632543,976896,520,19.919043,1351.28,1075.4974813299998
478,978944,4.869998,0.0875,1806.2693305015564,0.006825564,0.8726668059825897,-0.0030422027,978944,547,19.635859,1365.42,1089.5843047399999
479,980992,4.886353,0.015234375,1810.008446931839,0.0016547546,0.9431422911584377,-0.0031067692,980992,601,9.950312,1350.67,1074.76099479
480,983040,4.8793364,0.05722656,1813.4152963161469,0.0047527687,0.9010147005319595,-0.002573758,983040,560,21.129908,1367.09,1089.5816156600001
481,985088,4.880485,0.062353514,1817.0739328861237,0.0051168664,0.8720386773347855,-0.00119225,985088,551,20.01411,1383.56,1103.4776025800002
482,987136,4.8926287,0.026953125,1820.788820028305,0.0027695133,0.9489305466413498,-0.00396863,987136,577,14.122696,1381.08,1099.51235925
483,989184,4.8984632,0.05629883,1824.3378829956055,0.004841423,0.8798062652349472,-0.0030060078,989184,537,19.78217,1381.08,1099.4694552299998
484,991232,4.8982606,0.050341796,1828.1498062610626,0.0045150286,0.8809006661176682,-0.0028484913,991232,503,19.816202,1394.98,1113.4194636399998
485,993280,4.911546,0.066992186,1832.2201697826385,0.0055864747,0.8939788118004799,-0.004771598,993280,551,20.603521,1409.67,1127.6961542199997
486,995328,4.9330072,0.057128906,1835.9344890117645,0.0047840695,0.9028478935360909,-0.0056248205,995328,554,26.334677,1409.22,1125.3111784999999
487,997376,4.9452477,0.025585938,1839.6297342777252,0.0022897045,0.906738743185997,-0.0026224216,997376,572,15.444519,1396.09,1110.39426895
488,999424,4.9504905,0.023046875,1843.2091844081879,0.0022477088,0.6634341776371002,-0.0035230317,999424,445,46.415565,1374.77,1087.0715545499997
