policy_entropy,n_updates,value_loss,serial_timesteps,total_timesteps,ep_len_mean,fps,clipfrac,ep_reward_mean,explained_variance,time_elapsed,approxkl,policy_loss
5.256749,1,14.549748,2048,2048,290.3333333333333,106,0.03251953,120.225586,0.9543156698346138,3.0994415283203125e-06,0.0028221966,-0.0058923317
5.257415,2,3.4745808,4096,4096,512.25,203,0.06953125,336.46333025,0.970408845692873,19.299028635025024,0.005437425,-0.004120845
5.2532797,3,4.1709523,6144,6144,819.4,200,0.043896485,630.8719924,0.8370502889156342,29.364736080169678,0.0040457053,-0.0054190634
5.2499957,4,13.863917,8192,8192,844.625,121,0.013574218,587.8374024999999,0.886078380048275,39.596211433410645,0.0014977496,-0.0024334067
5.252838,5,21.047195,10240,10240,828.0833333333334,95,0.016308594,555.6268719166666,0.8249059170484543,56.42911386489868,0.0016818542,-0.00354878
5.251933,6,11.213452,12288,12288,770.7857142857143,119,0.025732422,509.2975587142856,0.9322641417384148,77.96636915206909,0.0023806596,-0.0042343796
5.256528,7,20.614735,14336,14336,748.3684210526316,70,0.021679688,494.84327715789493,0.8186210840940475,95.08728957176208,0.0020367266,-0.004040186
5.2571845,8,9.711293,16384,16384,704.0952380952381,145,0.03793945,460.62744609523827,0.9366413578391075,124.1114296913147,0.0033782173,-0.0048579844
5.2515492,9,12.404846,18432,18432,775.8695652173913,139,0.0125488285,515.2294752608698,0.9014013707637787,138.22579908370972,0.0013366413,-0.0024639503
5.2463036,10,9.438784,20480,20480,766.28,112,0.026953125,504.79289848,0.9431362599134445,152.95029020309448,0.0030584242,-0.003668217
5.2426953,11,8.916071,22528,22528,785.4074074074074,150,0.030615235,523.3763961481482,0.9396335147321224,171.17495155334473,0.0026922314,-0.003573931
5.2414327,12,7.981398,24576,24576,814.1379310344828,147,0.037890624,548.8961206896552,0.9375928416848183,184.8161425590515,0.0032122754,-0.0056003085
5.2194953,13,2.673451,26624,26624,819.2333333333333,170,0.07138672,552.8330468666667,0.975389027968049,198.72737526893616,0.0063835518,-0.005616325
5.195689,14,3.2925124,28672,28672,858.8709677419355,174,0.043310545,593.5512411612904,0.965730506926775,210.74651956558228,0.0038150158,-0.0049699233
5.194813,15,14.544896,30720,30720,862.3235294117648,103,0.03286133,604.1046702352942,0.7956618666648865,222.45429849624634,0.003134386,-0.0031738258
5.1936655,16,1.7309773,32768,32768,877.7428571428571,158,0.09975586,611.1605022,0.9796659648418427,242.1683087348938,0.007485772,-0.009935929
5.1795435,17,11.379767,34816,34816,897.4324324324324,119,0.04584961,632.9731735405406,0.7597410678863525,255.10054874420166,0.0040921103,-0.0022282044
5.1740274,18,16.447704,36864,36864,914.275,110,0.015722657,644.5828955,0.9079877361655235,272.22686862945557,0.0017074852,-0.002035377
5.156873,19,3.769053,38912,38912,899.1463414634146,180,0.095751956,632.4702267560975,0.9622379764914513,290.8005132675171,0.0072712684,-0.009326556
5.1320486,20,1.9795147,40960,40960,926.5,162,0.046142578,659.551483452381,0.9774306546896696,302.1413869857788,0.00479196,-0.0035049948
5.118415,21,2.7068264,43008,43008,952.5813953488372,175,0.0147949215,687.2789017209303,0.8199032098054886,314.7616069316864,0.0020146784,-0.0034483797
5.1065245,22,1.9735256,45056,45056,977.4772727272727,205,0.090185545,701.6458451818182,0.978502107784152,326.4233229160309,0.007151918,-0.008688477
5.0991364,23,7.2031555,47104,47104,985.1739130434783,146,0.023632813,713.1414444782611,0.96221774071455,336.38499188423157,0.0023383466,-0.002428781
5.0954423,24,3.320657,49152,49152,1002.2340425531914,170,0.03618164,732.0376579361704,0.9654073156416416,350.3856074810028,0.0033497221,-0.004455193
5.073453,25,2.6184611,51200,51200,1024.0208333333333,199,0.03696289,755.1572021666667,0.9720331784337759,362.3741669654846,0.004225972,-0.004745768
5.0618963,26,5.6691484,53248,53248,1030.7,112,0.04741211,765.4453007799999,0.9721685368567705,372.6357054710388,0.0055078715,-0.010036027
5.0596,27,16.675722,55296,55296,1056.173076923077,118,0.034228515,786.0255709230769,0.6860369741916656,390.81039118766785,0.0032020614,-0.00345488
5.063584,28,6.5489335,57344,57344,1029.3148148148148,138,0.02836914,763.0992621666667,0.9637071192264557,408.0510585308075,0.002765628,-0.0013865945
5.0747213,29,10.364937,59392,59392,1030.3392857142858,131,0.029003907,767.5988351071429,0.9398271255195141,422.7905058860779,0.002747144,-0.0033347285
5.076771,30,8.516134,61440,61440,1028.8103448275863,144,0.027539063,769.4906620517241,0.9553241059184074,438.3968150615692,0.0030053623,-0.0025433386
5.0858564,31,22.50434,63488,63488,1000.952380952381,82,0.014599609,745.6996031904763,0.7742998898029327,452.56043100357056,0.0016635495,-0.003195601
5.09002,32,2.5244,65536,65536,992.015625,184,0.055419922,737.725354015625,0.8844236060976982,477.24411702156067,0.004544153,-0.0031572767
5.0821476,33,2.1852102,67584,67584,1008.2615384615384,152,0.05292969,746.1763792153846,0.9163274243474007,488.3546357154846,0.004493259,-0.004337673
5.05306,34,2.2267709,69632,69632,1024.0151515151515,195,0.047802735,754.4177260909091,0.9705811701714993,501.822288274765,0.004799443,-0.006057765
5.03528,35,17.32875,71680,71680,1007.7428571428571,103,0.043701172,744.4066238857143,0.8123782873153687,512.3176591396332,0.003480566,-0.0092928875
5.042241,36,1.4443119,73728,73728,1009.5915492957746,177,0.036376953,743.8124724929579,0.9813332241028547,532.0851395130157,0.0033861664,-0.0013463337
5.0321302,37,2.7393641,75776,75776,1024.013888888889,188,0.07314453,759.6647189722221,0.9610005430877209,543.6406691074371,0.0059973383,-0.0053434893
5.0386066,38,7.3842497,77824,77824,1027.7837837837837,141,0.021044921,765.8697608783783,0.9593800865113735,554.5170691013336,0.0021164783,-0.0043081637
5.0427127,39,2.646326,79872,79872,1037.6666666666667,178,0.07373047,777.1230130266666,0.9693364556878805,568.9966440200806,0.00591911,-0.00848648
5.011052,40,2.743526,81920,81920,1050.9605263157894,172,0.024951171,791.1787751973683,0.962358683347702,580.4654157161713,0.0025837063,-0.0034552044
4.9740834,41,2.7249796,83968,83968,1063.909090909091,165,0.04453125,805.2633649740259,0.9616361521184444,592.3107059001923,0.0043956274,-0.003248049
4.951816,42,2.6298425,86016,86016,1076.525641025641,166,0.08920898,819.3399289102564,0.9673879742622375,604.6587698459625,0.0070029446,-0.005151412
4.9390903,43,14.159668,88064,88064,1092.925,123,0.038671874,837.3055786375,0.8696001172065735,616.9736115932465,0.0033953092,-0.0041848007
4.9307356,44,2.6704383,90112,90112,1087.2222222222222,195,0.05908203,832.199100617284,0.9604189060628414,633.560928106308,0.0051740305,-0.0038896669
4.920473,45,2.814711,92160,92160,1098.9512195121952,201,0.032177735,844.7784846829268,0.9595216661691666,644.0437846183777,0.0034482465,-0.001718745
4.899577,46,2.4036317,94208,94208,1110.3734939759036,165,0.03237305,857.3365446385542,0.9626152403652668,654.2200136184692,0.0034414437,-0.003647726
4.887269,47,3.8282006,96256,96256,1121.5357142857142,178,0.03984375,869.3608491666666,0.8077571094036102,666.5746948719025,0.0033502742,-0.0045595346
4.883807,48,2.0892549,98304,98304,1132.4470588235295,205,0.03666992,874.1798713411764,0.8702069669961929,678.0631430149078,0.0032964642,-0.0029108238
4.8532457,49,1.3436577,100352,100352,1143.0813953488373,161,0.029833984,878.9361896046511,0.9821292832493782,688.0306475162506,0.0035652039,-0.00521312
4.8339376,50,8.748556,102400,102400,1144.1363636363637,135,0.03852539,882.4183616022729,0.8046243339776993,700.7469198703766,0.0036446382,-0.0023739962
4.842079,51,4.137834,104448,104448,1141.0333333333333,152,0.046044923,876.3754405444446,0.9127273261547089,715.8586068153381,0.0038732928,-0.008133307
4.8503838,52,1.480382,106496,106496,1147.7912087912089,206,0.05214844,878.8232550769231,0.8863045275211334,729.2704730033875,0.0045157727,-0.004781789
4.836934,53,1.4493964,108544,108544,1157.5760869565217,200,0.058984376,883.2002844891306,0.9781782813370228,739.181111574173,0.0052844333,-0.0038966383
4.8027177,54,2.5947456,110592,110592,1167.1505376344087,196,0.046484374,894.0349168494625,0.9637316130101681,749.3904206752777,0.004485802,-0.0073624766
4.7897453,55,2.8658445,112640,112640,1176.5212765957447,172,0.021630859,904.7635389148938,0.9609518125653267,759.8137485980988,0.0023199897,-0.0037578666
4.784619,56,2.5467825,114688,114688,1185.6947368421052,178,0.051171876,914.5260649894738,0.9671013429760933,771.705424785614,0.0046006087,-0.0031544995
4.7518873,57,2.3984256,116736,116736,1194.6770833333333,177,0.031152343,924.5252136458333,0.9652958624064922,783.1890196800232,0.003523964,-0.0063134423
4.7241125,58,10.973035,118784,118784,1196.8979591836735,126,0.02470703,928.4687480306122,0.9315640330314636,794.7151973247528,0.0023046678,-0.0029640035
4.731182,59,3.5896404,120832,120832,1199.8484848484848,178,0.03745117,932.4718316161617,0.8095069378614426,810.854570388794,0.0033372254,-0.0014517804
4.741655,60,1.9734865,122880,122880,1208.33,184,0.033154298,936.09631057,0.8943832591176033,822.3412456512451,0.0031523611,-0.0035180505
4.7541513,61,6.9288034,124928,124928,1223.2,140,0.03461914,946.57772267,0.9390247948467731,833.444239616394,0.003649839,-0.0021633864
4.7413473,62,2.734345,126976,126976,1240.58,164,0.046972655,963.94517775,0.9568686410784721,847.9842507839203,0.004501056,-0.004084144
4.7026286,63,2.4685636,129024,129024,1249.28,185,0.080078125,972.6937089899999,0.9615831933915615,860.4053068161011,0.006800028,-0.008073405
4.667993,64,2.4563878,131072,131072,1249.28,168,0.034423828,973.64400586,0.9668063968420029,871.4430158138275,0.003595744,-0.0044625644
4.6486406,65,4.0670576,133120,133120,1249.28,167,0.07114258,979.6423457,0.713471382856369,883.6011972427368,0.0056750453,-0.0060818363
4.631028,66,1.1369048,135168,135168,1266.69,191,0.024658203,991.02916991,0.981589188799262,895.8528113365173,0.0030460851,-0.006285836
4.6095514,67,4.3726645,137216,137216,1284.12,200,0.030908203,1008.7521484299999,0.8447690308094025,906.5562517642975,0.0029755558,-0.0014369417
4.6140857,68,2.6768706,139264,139264,1290.24,209,0.046289064,1012.4296386599999,0.8228613883256912,916.7865347862244,0.004411674,-0.00240481
4.622704,69,2.7765162,141312,141312,1302.47,202,0.035986327,1020.2284003799999,0.9003119543194771,926.5439305305481,0.0035538182,-0.006104533
4.6244154,70,14.804689,143360,143360,1321.06,90,0.02055664,1033.87445311,0.7826070636510849,936.6642599105835,0.002037318,-0.0031885921
4.6464477,71,8.275388,145408,145408,1314.18,141,0.045166016,1026.0257265600003,0.9438151270151138,959.17857837677,0.003855896,-0.0038967866
4.6704245,72,13.252772,147456,147456,1322.54,89,0.042041015,1037.1547949200003,0.9345588907599449,973.661741733551,0.0035649254,-0.007851598
4.657811,73,2.5280626,149504,149504,1332.38,180,0.032226562,1046.9094628900002,0.9592029675841331,996.4469113349915,0.0031553968,-0.004035511
4.6406736,74,6.644847,151552,151552,1350.15,111,0.037744142,1064.5247539000002,0.9534463547170162,1007.786248922348,0.0035442398,-0.0038182295
4.6400323,75,4.588654,153600,153600,1351.68,167,0.047265626,1068.9409999900001,0.6959440410137177,1026.0880625247955,0.004198304,-0.0037159608
4.6326375,76,2.130764,155648,155648,1357.56,183,0.056152344,1071.5370410000003,0.8364241123199463,1038.330710887909,0.005042255,-0.0013084883
4.6047735,77,1.2706085,157696,157696,1372.16,182,0.07036133,1080.80016795,0.9808167852461338,1049.462955236435,0.006519365,-0.009156493
4.581499,78,2.7106335,159744,159744,1385.4,169,0.055273436,1095.51002147,0.9512053988873959,1060.6597456932068,0.004810798,-0.002085147
4.5729475,79,3.7710793,161792,161792,1392.65,156,0.07875977,1103.36368163,0.807183027267456,1072.7463738918304,0.0063597173,-0.007929342
4.5675073,80,1.6422994,163840,163840,1405.87,211,0.0746582,1111.73303515,0.8534087985754013,1085.856939315796,0.006209191,-0.006434036
4.570411,81,2.8206942,165888,165888,1413.13,146,0.05444336,1113.71293359,0.8424097150564194,1095.5200514793396,0.0051063346,-0.004085926
4.592458,82,8.315439,167936,167936,1416.89,123,0.03881836,1114.94108399,0.945025846362114,1109.525983095169,0.0033295837,-0.0027943621
4.608002,83,3.183293,169984,169984,1413.12,180,0.04018555,1112.1087519599998,0.9499918520450592,1126.1194622516632,0.0037741922,-0.003532258
4.5928597,84,1.8667428,172032,172032,1413.12,163,0.03779297,1110.80058399,0.9671592563390732,1137.4422326087952,0.0034955845,-0.007418162
4.5723987,85,3.5618057,174080,174080,1430.09,168,0.031689454,1127.8319394599998,0.6906598210334778,1149.9445848464966,0.003320581,-0.0013800727
4.565977,86,13.807838,176128,176128,1431.22,140,0.02241211,1123.89416016,0.8283980339765549,1162.0871255397797,0.0024645948,-0.0034405726
4.563326,87,1.9711616,178176,178176,1429.24,211,0.064013675,1122.8381543000003,0.9173018410801888,1176.633894443512,0.005632627,-0.00744877
4.554056,88,5.294479,180224,180224,1433.6,171,0.03852539,1126.0008671900002,0.8404669463634491,1186.3129796981812,0.0035851698,-0.007034204
4.554868,89,2.4163597,182272,182272,1439.75,185,0.024804687,1127.93890039,0.9716166835278273,1198.2652161121368,0.0024065925,-0.005445388
4.5477753,90,13.184117,184320,184320,1471.91,104,0.06020508,1156.5726249900001,0.870835617184639,1209.2905583381653,0.005068642,-0.0009830401
4.5497694,91,12.954585,186368,186368,1439.9,135,0.066748045,1125.71549803,0.7218032777309418,1228.8150489330292,0.005670634,-0.0047468124
4.5625124,92,13.269304,188416,188416,1428.16,104,0.0484375,1116.0443144399999,0.8689268082380295,1243.877248764038,0.004283155,-0.0042182268
4.573486,93,2.3942542,190464,190464,1430.99,165,0.04145508,1119.0512206899998,0.9521927237510681,1263.5105834007263,0.0036128336,-0.0054212934
4.567598,94,2.3213003,192512,192512,1433.6,196,0.06962891,1121.18558983,0.8003179281949997,1275.8971478939056,0.0057581533,-0.00649448
4.5661674,95,1.414648,194560,194560,1433.6,205,0.045458984,1115.67491405,0.8664050996303558,1286.3385202884674,0.0039334474,-0.0018625592
4.568424,96,1.4399761,196608,196608,1433.6,197,0.083740234,1110.0490195200002,0.8636800646781921,1296.2931747436523,0.006850125,-0.0064670555
4.5700192,97,13.486193,198656,198656,1442.52,122,0.0328125,1112.8001328,0.8762195333838463,1306.6601202487946,0.003198402,-0.0025806702
4.5852423,98,6.125146,200704,200704,1437.51,157,0.03178711,1112.4675781199999,0.950066614896059,1323.4026701450348,0.0031591177,-0.00043031253
4.594751,99,5.7785387,202752,202752,1439.19,147,0.042041015,1113.1710292899998,0.9521824680268764,1336.372308254242,0.004190287,-0.004332382
4.590316,100,11.337002,204800,204800,1444.03,104,0.02709961,1117.3230253899999,0.8920950964093208,1350.269493818283,0.002677545,-0.0011434153
4.58466,101,9.452209,206848,206848,1449.14,139,0.058154296,1122.7381503899999,0.9017974808812141,1369.9494156837463,0.005069258,-0.004043119
4.5889144,102,15.893015,208896,208896,1465.15,104,0.068554685,1139.5289999999998,0.851720467209816,1384.6169409751892,0.0063880025,-0.0030140253
4.5921373,103,9.202925,210944,210944,1464.65,152,0.026513672,1140.1847226500001,0.935326486825943,1404.2509372234344,0.0026939344,-0.0019435115
4.606473,104,8.725684,212992,212992,1458.33,108,0.04121094,1139.64236328,0.936851978302002,1417.676483631134,0.0047760466,-0.00859529
4.6250944,105,10.640774,215040,215040,1437.66,137,0.053613283,1124.8107382900002,0.9444442801177502,1436.5869970321655,0.0049450807,-0.008018174
4.64444,106,8.121917,217088,217088,1448.23,107,0.026464844,1135.23489258,0.9505899026989937,1451.4886229038239,0.0029041686,-0.0064911507
4.653465,107,7.841288,219136,219136,1438.71,135,0.023242187,1127.99703516,0.939088087528944,1470.5217175483704,0.0021582276,-0.0022673253
4.648355,108,8.858742,221184,221184,1433.78,109,0.05732422,1123.5029433599998,0.9268996641039848,1485.6776158809662,0.0053501697,-0.0034974266
4.628531,109,2.6323965,223232,223232,1433.6,181,0.05644531,1123.0526581999998,0.9549474939703941,1504.4216706752777,0.0055106557,-0.0075112707
4.606218,110,2.7150888,225280,225280,1433.6,175,0.04736328,1123.3377460899999,0.9618740230798721,1515.7116088867188,0.004548165,-0.0053447178
4.600729,111,47.80273,227328,227328,1351.42,61,0.042089842,1042.56337499,0.6879239678382874,1527.4124236106873,0.0037870475,-0.007114178
4.598866,112,0.88059455,229376,229376,1331.2,198,0.049951173,1023.9476620999999,0.9845306230708957,1560.9237945079803,0.00455538,-0.0048977872
4.6030555,113,12.688934,231424,231424,1296.04,83,0.04169922,1000.63806836,0.9438804350793362,1571.241721868515,0.005857107,-0.0032116142
4.598909,114,2.393204,233472,233472,1307.41,173,0.06552734,1011.77572071,0.9560712724924088,1595.8197903633118,0.005792347,-0.0077147773
4.582368,115,21.743237,235520,235520,1280.95,87,0.025390625,1000.7990624999999,0.911693349480629,1607.6371395587921,0.0029154862,-0.0057501057
4.5947595,116,9.550919,237568,237568,1234.87,98,0.027246093,955.5987128800001,0.9574226140975952,1631.004212141037,0.002762211,-0.0039297463
4.6123204,117,6.249842,239616,239616,1211.24,113,0.04799805,931.8175312400001,0.95622119307518,1651.7698993682861,0.0044624447,-0.0075195
4.625238,118,16.414227,241664,241664,1195.33,97,0.019677734,922.3330546700001,0.9244435504078865,1669.8670802116394,0.0018842634,-0.0013998791
4.6253386,119,7.5169,243712,243712,1193.68,157,0.034472656,924.9608769400002,0.9565788693726063,1690.94731259346,0.0031119767,-0.004993288
4.6267138,120,3.1698422,245760,245760,1187.84,199,0.048095703,918.3493515500002,0.9597683176398277,1703.9787049293518,0.004670894,-0.0058438983
4.628247,121,2.6947994,247808,247808,1187.84,179,0.047314454,918.0761249900003,0.9605204463005066,1714.2458815574646,0.00427959,-0.0033001148
4.6257267,122,15.370424,249856,249856,1177.48,149,0.026171874,905.59122851,0.8778228536248207,1725.648861169815,0.00265226,-0.0034914345
4.59131,123,2.417257,251904,251904,1167.36,199,0.049853515,900.82725391,0.9582694657146931,1739.387055158615,0.0052217883,-0.004823593
4.565122,124,3.6480002,253952,253952,1167.36,196,0.058935545,900.7560214900001,0.9589729271829128,1749.6716678142548,0.0053594136,-0.00481085
4.5734067,125,2.655082,256000,256000,1167.36,171,0.04057617,905.5759043000002,0.9603919126093388,1760.0911984443665,0.0045063295,-0.0075487914
4.5698333,126,4.3229485,258048,258048,1167.36,162,0.042138673,910.96072461,0.9528924189507961,1772.0098044872284,0.0053669424,-0.0066924333
4.556342,127,2.3908865,260096,260096,1167.36,173,0.053955078,915.8866191400001,0.9596464522182941,1784.633816242218,0.0045056823,-0.0067957505
4.5490665,128,15.6263685,262144,262144,1187.08,137,0.016601562,934.5414296900001,0.8722386062145233,1796.4130337238312,0.0020104565,-0.0010494845
4.554208,129,6.3486366,264192,264192,1187.84,200,0.0675293,936.4761464899999,0.9338392913341522,1811.319006204605,0.0057110735,-0.007890647
4.565547,130,2.372836,266240,266240,1204.86,207,0.039208986,950.6932461000001,0.9593007154762745,1821.5395238399506,0.0036394722,-0.0040088785
4.5675654,131,7.0560203,268288,268288,1208.32,164,0.017382812,954.4195214900001,0.8757113143801689,1831.4137165546417,0.0019547106,-0.001708579
4.562909,132,4.414109,270336,270336,1224.11,180,0.06503906,966.7061757900001,0.9535114578902721,1843.8553879261017,0.0052101263,-0.006073802
4.559869,133,12.970578,272384,272384,1235.59,140,0.029638672,975.41828517,0.9164684489369392,1855.214623451233,0.0029386077,-0.0044554844
4.5708814,134,3.1602042,274432,274432,1228.8,175,0.035546876,968.3690117400001,0.9613001644611359,1869.8255977630615,0.0034412127,-0.0023470265
4.5831933,135,3.8621337,276480,276480,1246.32,208,0.027294923,983.11471486,0.9523151516914368,1881.5203771591187,0.0026379137,-0.0031511888
4.5879965,136,3.3989968,278528,278528,1249.28,165,0.035058595,983.83284572,0.9621293097734451,1891.354308605194,0.00355207,-0.0049188524
4.607953,137,4.3620615,280576,280576,1249.28,164,0.05131836,988.6135800999999,0.9529800713062286,1903.7649281024933,0.0044788206,-0.006834517
4.599718,138,2.4552166,282624,282624,1249.28,164,0.050732423,992.5671387000001,0.957976434379816,1916.1876800060272,0.004711838,-0.0073652687
4.59601,139,11.976007,284672,284672,1231.99,144,0.029052734,976.0491191600001,0.9181707799434662,1928.6124761104584,0.003540155,0.0013935415
4.5857244,140,2.5849366,286720,286720,1228.8,168,0.064501956,978.8524492399999,0.9565132111310959,1942.8059706687927,0.00773682,-0.009921517
4.5617275,141,2.59101,288768,288768,1228.79,178,0.040136717,985.1935254100001,0.9618723094463348,1954.994639158249,0.0038760747,-0.003961363
4.556774,142,11.955231,290816,290816,1228.23,106,0.04008789,990.42495314,0.8447602540254593,1966.4377994537354,0.0036736033,-0.0073099784
4.551274,143,2.4714847,292864,292864,1228.8,172,0.04575195,986.8731347800001,0.9596363343298435,1985.684329509735,0.004319841,-0.0058809505
4.546692,144,2.4595313,294912,294912,1228.8,175,0.031347655,989.20401173,0.9566890820860863,1997.5788688659668,0.0034642245,-0.0053309123
4.55714,145,8.496756,296960,296960,1211.36,114,0.024267578,978.16615236,0.9453085623681545,2009.267238855362,0.0022326452,-0.00243137
4.5589013,146,2.5971305,299008,299008,1224.62,186,0.040625,991.4481308699999,0.9589119777083397,2027.17205452919,0.004054147,-0.0053932387
4.5457563,147,2.4024482,301056,301056,1231.18,198,0.042773437,1001.28421876,0.9583155028522015,2038.1817581653595,0.003948387,-0.0057457136
4.5419703,148,29.93725,303104,303104,1181.99,92,0.026611328,966.59875392,0.8531576693058014,2048.5193581581116,0.0026029707,-0.00117263
4.541183,149,3.6920028,305152,305152,1187.84,165,0.036865234,971.55215236,0.9566454030573368,2070.728839635849,0.0035810876,-0.006867296
4.531639,150,2.4014726,307200,307200,1202.02,200,0.046191406,985.8581230700001,0.9598109908401966,2083.1101036071777,0.0042281942,-0.006170229
4.492989,151,2.3946078,309248,309248,1208.32,164,0.04799805,995.77997268,0.9611410424113274,2093.335824251175,0.0052416986,-0.005700557
4.469014,152,5.8611975,311296,311296,1213.76,164,0.06201172,1002.1327344,0.787396028637886,2105.7876300811768,0.0051116506,-0.004264018
4.4646835,153,2.706056,313344,313344,1228.8,164,0.046289064,1011.1939355700001,0.9672937840223312,2118.2024488449097,0.004485278,-0.005593669
4.4632826,154,9.014466,315392,315392,1209.05,145,0.048828125,998.4172676000002,0.9212298691272736,2130.627761363983,0.0077664116,-0.006739282
4.4522247,155,2.8393135,317440,317440,1208.32,191,0.04711914,1003.8203965100001,0.9606418907642365,2144.6645691394806,0.0045346837,-0.0066386918
4.446781,156,3.154708,319488,319488,1208.32,200,0.025732422,1009.5517558900001,0.9607533626258373,2155.376658678055,0.0022949437,-0.0021271184
4.450866,157,14.120018,321536,321536,1226.1,150,0.04472656,1022.7572382999999,0.7551390826702118,2165.5682170391083,0.003897726,-0.00567804
4.4536834,158,25.715588,323584,323584,1199.9,107,0.038330078,997.8471172000001,0.8723151683807373,2179.211992263794,0.0033796031,-0.005397562
4.4563575,159,2.7973425,325632,325632,1197.89,202,0.041796874,996.2150527400001,0.9604133740067482,2198.2585690021515,0.00392772,-0.0041707763
4.4420557,160,2.465952,327680,327680,1208.32,175,0.037988283,1006.08421485,0.9619722664356232,2208.3496174812317,0.0037395046,-0.0041628443
4.427175,161,3.5692418,329728,329728,1213.26,171,0.040283203,1011.45353321,0.9583867192268372,2220.050424337387,0.0037453596,-0.0033563622
4.4089575,162,2.551724,331776,331776,1228.78,200,0.043603517,1024.8539629,0.9567561075091362,2231.9870495796204,0.00458527,-0.0056843283
4.3998585,163,7.7745376,333824,333824,1231.95,118,0.0340332,1028.02093555,0.9496782273054123,2242.227911233902,0.0050036605,-0.0056962464
4.4055953,164,3.3549771,335872,335872,1243.0,178,0.050390624,1039.90019532,0.9556903839111328,2259.5148334503174,0.005415382,-0.011493759
4.4076295,165,2.6963804,337920,337920,1249.28,200,0.042529296,1045.92230469,0.9586180709302425,2270.9583892822266,0.0040413802,-0.003837897
4.4017916,166,8.322494,339968,339968,1250.01,150,0.04086914,1048.3974707099999,0.9333776459097862,2281.198627471924,0.0040202,-0.0036679138
4.4049883,167,3.1800268,342016,342016,1266.92,180,0.031103516,1064.7919804700002,0.9623475782573223,2294.818321943283,0.003132388,-0.0050210175
4.3889556,168,2.4616573,344064,344064,1283.17,189,0.054394532,1080.6579179700002,0.9596225097775459,2306.1814732551575,0.0050031263,-0.0059113814
4.3789673,169,33.873356,346112,346112,1263.85,59,0.033496093,1062.52075586,0.7445912659168243,2316.9915130138397,0.0030452458,-0.0047946414
4.3811493,170,2.6384676,348160,348160,1266.79,166,0.029736329,1064.50856446,0.9601961113512516,2351.4488644599915,0.0028611538,-0.0029999777
4.3875628,171,8.962165,350208,350208,1260.82,174,0.06123047,1056.10322852,0.8722339868545532,2363.72185587883,0.006711242,-0.0036502746
4.3945646,172,1.2832553,352256,352256,1249.28,138,0.068554685,1042.91538672,0.9785940796136856,2375.4816176891327,0.00569393,-0.0060736276
4.3937407,173,2.8688354,354304,354304,1266.48,200,0.027001953,1059.8990859399998,0.964398130774498,2390.3027291297913,0.002772587,-0.005527988
4.41142,174,11.955355,356352,356352,1284.05,139,0.036328126,1076.60978711,0.921855665743351,2400.5386698246,0.0054974565,-0.007880705
4.422375,175,8.58398,358400,358400,1296.23,148,0.0453125,1089.75139648,0.94149424508214,2415.2040412425995,0.0042799027,-0.0031622755
4.4168434,176,2.466229,360448,360448,1310.98,198,0.046728514,1104.5550566400002,0.9573946632444859,2429.006203889847,0.004268584,-0.009432628
4.3976417,177,6.8018622,362496,362496,1331.2,197,0.044677734,1123.52682031,0.6865587830543518,2439.3214831352234,0.0037784383,-0.0026275134
4.412673,178,7.468068,364544,364544,1332.08,173,0.031201173,1118.25308398,0.9545637778937817,2449.674661397934,0.0028860413,-0.004228552
4.4318943,179,15.308853,366592,366592,1333.92,122,0.045947265,1120.45507421,0.6830095648765564,2461.461853504181,0.004228785,-0.0048180916
4.440009,180,4.2227545,368640,368640,1331.2,187,0.03769531,1112.95907226,0.8087001144886017,2478.247666120529,0.003302882,-0.0055078613
4.4338136,181,1.2822964,370688,370688,1346.46,155,0.057861328,1122.85100781,0.977883193641901,2489.1734631061554,0.005238033,-0.0038417163
4.4180555,182,4.4686255,372736,372736,1363.85,197,0.046679687,1140.2089550800004,0.9475947916507721,2502.308218240738,0.0047862185,-0.0076458855
4.4179773,183,9.827369,374784,374784,1374.79,127,0.05288086,1150.94133789,0.9302312657237053,2512.666270017624,0.009027398,0.0013740862
4.4238276,184,3.586967,376832,376832,1389.57,199,0.025390625,1165.76941601,0.9597744345664978,2528.693428516388,0.0025816893,-0.003281903
4.4024715,185,2.3991623,378880,378880,1407.05,172,0.06367187,1181.13306836,0.9592163302004337,2538.9461636543274,0.0058497502,-0.005891324
4.3574777,186,2.3837953,380928,380928,1413.12,166,0.03652344,1187.79192969,0.960072860121727,2550.8121910095215,0.0038672008,-0.004397149
4.3270254,187,2.493712,382976,382976,1430.68,197,0.05883789,1205.15219141,0.9568153545260429,2563.1317932605743,0.004906706,-0.006564041
4.3120446,188,3.7699962,385024,385024,1433.6,180,0.025439452,1208.1276054700002,0.9530824199318886,2573.486476659775,0.004701813,-0.007542137
4.307217,189,15.199452,387072,387072,1457.8,152,0.06459961,1229.34376954,0.8927069008350372,2584.820255279541,0.005806665,-0.0051992266
4.319619,190,4.328106,389120,389120,1454.08,171,0.052197266,1225.75885938,0.7527998238801956,2598.280586719513,0.0046176496,-0.0041486747
4.3180943,191,1.5804166,391168,391168,1468.35,164,0.018554688,1234.5992988300002,0.9749220311641693,2610.228372812271,0.0024747583,-0.002025013
4.288979,192,2.5309014,393216,393216,1474.56,197,0.038330078,1241.8488125000001,0.9602035172283649,2622.6825139522552,0.003625109,-0.0028160703
4.2800374,193,3.017,395264,395264,1474.56,186,0.030273438,1242.5842597700002,0.9668573886156082,2633.050956964493,0.0028651694,-0.006475425
4.2784014,194,2.4917283,397312,397312,1474.56,175,0.044189453,1241.61785743,0.9594485610723495,2644.0256094932556,0.0040051825,-0.0029997188
4.2715635,195,3.832856,399360,399360,1484.92,172,0.04121094,1253.88985743,0.7469509541988373,2655.7051351070404,0.003748754,-0.0029896966
4.2614064,196,1.3842453,401408,401408,1495.04,204,0.08623047,1258.71491211,0.9739649053663015,2667.5971698760986,0.008105429,-0.006142093
4.2440863,197,2.459208,403456,403456,1495.04,203,0.052001953,1258.8712460899999,0.9573334343731403,2677.6245493888855,0.004790114,-0.006033468
4.2362757,198,3.65346,405504,405504,1495.04,171,0.0546875,1259.96738086,0.9636468403041363,2687.6750993728638,0.0045859716,-0.004557713
4.255958,199,11.998581,407552,407552,1480.78,139,0.04472656,1242.6581543,0.9131354540586472,2699.640460252762,0.006234277,-0.009674427
4.25538,200,2.4254022,409600,409600,1474.56,183,0.04433594,1236.7724824299999,0.9608533792197704,2714.2895057201385,0.0039222892,-0.0073066778
4.242672,201,4.03026,411648,411648,1485.46,170,0.046972655,1249.07595508,0.8125958442687988,2725.4321637153625,0.0040264814,-0.005138141
4.2414937,202,1.3906425,413696,413696,1495.04,186,0.02866211,1254.08540625,0.9763598777353764,2737.4542117118835,0.0028168284,-0.002156627
4.214921,203,2.4195168,415744,415744,1495.04,200,0.054052733,1256.98981835,0.9586252830922604,2748.4515528678894,0.005169006,-0.008363828
4.1975384,204,4.260532,417792,417792,1495.04,200,0.038623046,1257.0470156200001,0.7552749514579773,2758.6756670475006,0.0033846882,-0.0017423301
4.1912227,205,1.4354566,419840,419840,1495.03,198,0.023486327,1254.80306054,0.9756902698427439,2768.908874988556,0.002557178,-0.00480424
4.1788173,206,3.7810159,421888,421888,1495.04,199,0.05,1256.73186523,0.8827362284064293,2779.209543943405,0.004143945,-0.0065066824
4.1746154,207,2.601441,423936,423936,1508.73,187,0.02836914,1266.08799218,0.9638578332960606,2789.4991562366486,0.0030030794,-0.0055377902
4.1790457,208,12.13499,425984,425984,1497.9,167,0.042675782,1258.20163475,0.9175718501210213,2800.402693748474,0.004343853,-0.005838448
4.194414,209,2.6423182,428032,428032,1495.04,184,0.052441407,1257.03520702,0.9634702540934086,2812.6240985393524,0.004898564,-0.007956663
4.193038,210,4.7979326,430080,430080,1495.04,199,0.039648436,1258.19723436,0.8416037410497665,2823.755334854126,0.003424806,-0.0059824744
4.176856,211,2.3330393,432128,432128,1495.04,203,0.068359375,1254.79022655,0.958684366196394,2834.022297143936,0.00811632,-0.007965018
4.162337,212,4.3202434,434176,434176,1495.04,170,0.061279297,1254.91122069,0.934347353875637,2844.1055595874786,0.0050916527,-0.0047577186
4.152302,213,5.9986935,436224,436224,1512.32,168,0.054736327,1267.3639257700002,0.6152948141098022,2856.099050283432,0.004583172,-0.0037705868
4.1444783,214,2.4175823,438272,438272,1515.52,154,0.049951173,1264.16961717,0.9737460687756538,2868.2486095428467,0.004344304,-0.0027364045
4.1507473,215,4.072036,440320,440320,1515.52,171,0.05024414,1261.5556953,0.744023323059082,2881.502141237259,0.0042082435,-0.0033018156
4.149396,216,2.5667124,442368,442368,1515.52,198,0.08125,1255.6430995900002,0.8512329757213593,2893.4298236370087,0.0065550404,-0.0054152627
4.1406755,217,4.5784388,444416,444416,1532.8,198,0.06303711,1266.7338964700002,0.7081771492958069,2903.7287299633026,0.0052852053,-0.006125302
4.136561,218,7.244554,446464,446464,1524.89,155,0.053271484,1254.70885156,0.8549849689006805,2914.0582597255707,0.0050093196,-0.0058091925
4.138622,219,2.8165202,448512,448512,1515.52,168,0.058154296,1242.68863281,0.9309651777148247,2927.232518196106,0.00476976,-0.0078333905
4.1332164,220,3.9517016,450560,450560,1532.96,195,0.0574707,1254.89897851,0.9543838500976562,2939.3747882843018,0.004946063,-0.00700841
4.1167803,221,2.4633868,452608,452608,1536.0,197,0.076611325,1254.53092383,0.9579103104770184,2949.830342769623,0.006782503,-0.0038858429
4.1058264,222,2.5698154,454656,454656,1536.0,195,0.05053711,1254.6793144600001,0.960712481290102,2960.20529961586,0.004473177,-0.0046155574
4.0833797,223,2.5447145,456704,456704,1536.0,179,0.04799805,1254.44781642,0.9599977061152458,2970.677016735077,0.0047541233,-0.0019086134
4.058612,224,3.8724225,458752,458752,1553.54,175,0.0484375,1272.04585939,0.811931774020195,2982.0593388080597,0.004468009,-0.0037833117
4.0457616,225,1.1550443,460800,460800,1573.39,179,0.07861328,1285.3241758,0.9807147867977619,2993.7459392547607,0.0069601736,-0.0040333667
4.0212393,226,2.4527135,462848,462848,1590.93,193,0.061865233,1302.955459,0.9557966403663158,3005.1555466651917,0.005483876,-0.004354297
4.00497,227,3.2055385,464896,464896,1605.94,198,0.038378906,1318.85267384,0.9678852073848248,3015.742805957794,0.003657606,-0.0038618096
3.9896379,228,2.4456973,466944,466944,1617.92,198,0.057910156,1328.89756251,0.9579473957419395,3026.072130918503,0.0051776757,-0.0052520772
3.9722679,229,3.650652,468992,468992,1617.92,183,0.06074219,1329.8119589900002,0.8195377141237259,3036.3842759132385,0.0049888445,-0.0068212124
3.9573338,230,1.922425,471040,471040,1617.92,172,0.0640625,1324.2878437600002,0.9651060476899147,3047.552495241165,0.0054729013,-0.0052247206
3.9432006,231,2.930824,473088,473088,1617.92,191,0.047705077,1324.36638868,0.964789155870676,3059.4063551425934,0.0053191567,-0.005963479
3.9263482,232,2.4388251,475136,475136,1617.92,171,0.04873047,1328.9540488300001,0.9589676782488823,3070.074057340622,0.0047146985,-0.0021788205
3.897932,233,2.4341419,477184,477184,1617.92,199,0.04873047,1329.95060156,0.9565936885774136,3081.9922976493835,0.005720589,-0.0048283637
3.8844242,234,4.0210037,479232,479232,1637.67,164,0.05126953,1348.82519727,0.9610829018056393,3092.2653176784515,0.0047087437,-0.006018801
3.9007106,235,7.564719,481280,481280,1620.61,164,0.039794922,1330.2897812500003,0.9513390026986599,3104.698589324951,0.005585141,-0.0036404128
3.9238899,236,6.639985,483328,483328,1602.78,139,0.048291016,1317.72195509,0.9592410437762737,3117.1794757843018,0.005216782,-0.003834399
3.9065537,237,2.4459796,485376,485376,1617.92,193,0.060009766,1332.7922207100003,0.9566046372056007,3131.848699569702,0.005842521,-0.0033956114
3.8826656,238,11.821534,487424,487424,1645.92,151,0.047558594,1357.4576445400003,0.8330974280834198,3142.45902299881,0.0041140225,-0.002525336
3.8865,239,3.5942543,489472,489472,1646.82,172,0.038085938,1358.19756642,0.952688317745924,3155.9927520751953,0.0039854515,-0.0070753656
3.880324,240,2.8950593,491520,491520,1658.88,186,0.056005858,1369.51094533,0.9529446810483932,3167.863588809967,0.0060059954,-0.0052374657
3.869917,241,4.65175,493568,493568,1658.88,199,0.081884764,1370.1050000099997,0.8017218858003616,3178.866608142853,0.006983132,-0.0072238706
3.8450475,242,1.4203331,495616,495616,1658.88,202,0.064697266,1364.3994609500003,0.9733275584876537,3189.125267267227,0.006081475,-0.007114439
3.8141265,243,2.4342375,497664,497664,1658.88,164,0.06982422,1366.5358105600005,0.9588815458118916,3199.229348421097,0.006301275,-0.004581436
3.8177223,244,8.864917,499712,499712,1658.51,170,0.039013673,1366.2718633,0.9418545700609684,3211.6667687892914,0.0050441287,0.0024907242
3.8312016,245,2.4309576,501760,501760,1658.88,170,0.05317383,1366.68463673,0.9592132829129696,3223.708634376526,0.005198312,-0.0052813725
3.8100982,246,2.3876708,503808,503808,1658.88,171,0.038183592,1367.5357734499996,0.9591024965047836,3235.7509672641754,0.0037927288,-0.0030590955
3.7758813,247,2.3906658,505856,505856,1658.88,197,0.07099609,1367.8374843799998,0.9565327242016792,3247.659419298172,0.006920875,-0.007847009
3.7551236,248,14.005369,507904,507904,1662.73,170,0.07163086,1371.0032929799997,0.7942102253437042,3258.038847208023,0.0059157317,-0.006667315
3.7533545,249,6.359561,509952,509952,1658.88,207,0.07509766,1363.1794746199996,0.7282697260379791,3270.075386285782,0.006228015,-0.004401321
3.7538052,250,1.3767674,512000,512000,1658.88,144,0.061083984,1357.1525195399997,0.9754412528127432,3279.946094751358,0.0056409724,-0.0053645167
3.7525089,251,2.973593,514048,514048,1676.46,199,0.038916014,1374.78085158,0.9549709782004356,3294.1390895843506,0.0037499308,-0.0042315917
3.7480187,252,2.3862028,516096,516096,1691.45,164,0.071582034,1389.77047268,0.9574445523321629,3304.3950667381287,0.0066553773,-0.004632025
3.7269363,253,2.3440585,518144,518144,1708.69,165,0.08549805,1407.0573652599996,0.9579746276140213,3316.8673079013824,0.0074609974,-0.005670977
3.725512,254,2.7291472,520192,520192,1726.23,169,0.04975586,1424.5163379099997,0.9547983407974243,3329.2338602542877,0.0047362554,-0.0024674349
3.7274518,255,2.374474,522240,522240,1740.8,168,0.06523438,1439.5237871299998,0.957748930901289,3341.3423261642456,0.007917927,-0.0063898587
3.7134862,256,3.189325,524288,524288,1740.8,185,0.042333983,1439.9810215000002,0.9539489075541496,3353.5224647521973,0.004076748,-0.004069933
3.7172542,257,29.45287,526336,526336,1713.05,113,0.06616211,1416.63247268,0.8378990292549133,3364.5854902267456,0.0058496925,-0.007237836
3.7252555,258,19.981304,528384,528384,1685.16,81,0.068164065,1388.71186916,0.898865595459938,3382.5628941059113,0.0056611924,-0.0049569136
3.7311254,259,8.599282,530432,530432,1661.62,153,0.05288086,1371.05030276,0.9436654485762119,3407.565254211426,0.005206054,-0.005585748
3.7138982,260,2.7746525,532480,532480,1675.55,174,0.06279297,1385.1466035400001,0.9514324888586998,3420.902811765671,0.006018917,-0.005570403
3.6795616,261,2.4303956,534528,534528,1679.36,176,0.0758789,1389.21597269,0.9527038522064686,3432.6127190589905,0.007377643,-0.0049920166
3.6775424,262,2.8751729,536576,536576,1697.12,172,0.07211914,1406.86724613,0.9534168280661106,3444.241161108017,0.008340018,-0.007420582
3.682322,263,3.0231683,538624,538624,1699.84,175,0.054589845,1414.38799613,0.9564337767660618,3456.1025614738464,0.0053130756,-0.00817723
3.6619716,264,2.4112577,540672,540672,1699.84,164,0.059375,1419.6847383200002,0.9574012495577335,3467.7858023643494,0.0057650604,-0.003433677
3.657364,265,9.36536,542720,542720,1682.19,157,0.061767578,1402.6006680099997,0.9381588995456696,3480.223368167877,0.009018867,0.0008173633
3.6621654,266,2.5998442,544768,544768,1697.21,187,0.043164063,1417.24117582,0.9671407006680965,3493.2206177711487,0.005836734,-0.0048662694
3.6442122,267,2.4672704,546816,546816,1699.84,179,0.048095703,1419.4366621499998,0.9528865404427052,3504.17218708992,0.005053241,-0.0039215586
3.6360996,268,5.987311,548864,548864,1699.84,164,0.090429686,1421.7544434000001,0.7703860104084015,3515.569305896759,0.0096157845,-0.004371087
3.6364868,269,1.8800427,550912,550912,1699.84,196,0.07172851,1416.4155547199998,0.9650791361927986,3527.993421792984,0.0065694833,-0.00069599657
3.640353,270,4.47513,552960,552960,1699.84,170,0.08461914,1416.45661722,0.9272424802184105,3538.3964149951935,0.0072782515,-0.007878916
3.6473117,271,2.6838071,555008,555008,1699.84,174,0.051220704,1411.9619922200002,0.9556585401296616,3550.383592605591,0.0049567563,-0.0014366445
3.6272988,272,2.4352326,557056,557056,1699.84,180,0.10048828,1412.33650589,0.9543449655175209,3562.1034286022186,0.008408278,-0.005213098
3.6234355,273,4.0547366,559104,559104,1709.11,183,0.050732423,1424.8197890900003,0.9588652476668358,3573.4820103645325,0.004871905,-0.005232406
3.628241,274,5.181524,561152,561152,1720.32,203,0.069042966,1432.6027226900003,0.741787314414978,3584.6676416397095,0.0062500285,-0.0010855212
3.6309047,275,8.456179,563200,563200,1704.8,169,0.057275392,1416.8235117600002,0.9447666667401791,3594.733861684799,0.009177325,-0.00045492538
3.624435,276,2.593126,565248,565248,1699.84,175,0.06943359,1411.9570391000004,0.9579645693302155,3606.809181213379,0.0066787153,-0.0037180253
3.6008153,277,2.499539,567296,567296,1699.84,186,0.061621092,1413.3776152700002,0.9606236405670643,3618.4995727539062,0.005476959,-0.0044439556
3.5932536,278,4.4471836,569344,569344,1699.84,164,0.07709961,1413.4081523800005,0.9555042199790478,3629.4924268722534,0.0065126373,-0.00585223
3.5971177,279,8.465295,571392,571392,1682.16,168,0.04042969,1398.7634082399998,0.9500469751656055,3641.909491300583,0.0039884024,-0.004164782
3.5825016,280,2.4834695,573440,573440,1679.36,181,0.06040039,1394.44280863,0.9619712345302105,3654.0561442375183,0.0058626113,-0.0036439046
3.5487716,281,2.4091794,575488,575488,1679.36,185,0.07080078,1398.4669668400002,0.9627576023340225,3665.355618953705,0.0063384958,-0.0067130597
3.527184,282,5.3071623,577536,577536,1693.62,164,0.064013675,1413.4428340200002,0.9483945891261101,3676.4115381240845,0.0062378547,-0.0054684035
3.5275047,283,5.83642,579584,579584,1699.84,169,0.08095703,1416.57057035,0.6649101674556732,3688.8445069789886,0.0070029176,-0.0038183935
3.5223389,284,1.5761149,581632,581632,1699.84,179,0.078710936,1410.40954301,0.9715699180960655,3700.895656347275,0.008933043,-0.008584632
3.5163455,285,3.0692854,583680,583680,1699.84,175,0.05571289,1416.40225395,0.9664948247373104,3712.2957243919373,0.0064344727,-0.003377616
3.5198956,286,8.409495,585728,585728,1689.17,160,0.062060546,1402.3595469199997,0.9485559910535812,3723.9975311756134,0.0061138934,-0.00411879
3.5147138,287,2.5352526,587776,587776,1679.36,175,0.07792969,1398.9061816899996,0.9575235210359097,3736.7524707317352,0.0080235815,-0.0026115074
3.503882,288,3.1135736,589824,589824,1679.37,152,0.05986328,1398.8506797399998,0.9633795842528343,3748.4511272907257,0.0055394443,-0.006115512
