ep_reward_mean,n_updates,serial_timesteps,ep_len_mean,value_loss,explained_variance,fps,approxkl,total_timesteps,policy_loss,policy_entropy,clipfrac,time_elapsed
272.935635,1,2048,472.25,47.183044,0.010740041732788086,411,0.003366296,2048,-0.0041574654,1.4397266,0.038720705,1.9073486328125e-06
272.94219075,2,4096,501.875,35.859474,0.054910480976104736,436,0.003724649,4096,-0.0029231291,1.4700407,0.039013673,4.980010747909546
271.3139636363636,3,6144,530.7272727272727,28.536789,0.027255475521087646,449,0.0013015592,6144,-0.0006114983,1.5030128,0.010253906,9.672208309173584
255.2487660625,4,8192,495.375,36.63956,0.04749631881713867,467,0.001920461,8192,-0.002052711,1.5084294,0.013769532,14.227040529251099
249.26617585714285,5,10240,476.6190476190476,40.814873,0.07164883613586426,441,0.0014803208,10240,-0.0009680623,1.5033906,0.007080078,18.61130118370056
266.1272091363636,6,12288,548.0909090909091,13.847071,0.05999630689620972,432,0.0025001606,12288,-0.0021160978,1.492043,0.024023438,23.250407457351685
281.84782634782607,7,14336,613.3478260869565,13.564511,0.08465301990509033,440,0.0023694315,14336,-0.0014110857,1.4843066,0.022314453,27.990276098251343
294.2020715833333,8,16384,673.1666666666666,11.754828,0.041375160217285156,399,0.0032320856,16384,-0.0044071283,1.4734974,0.029492188,32.636805057525635
304.95383,9,18432,728.2,10.135138,0.05285298824310303,452,0.0015317899,18432,-0.0016020527,1.4582747,0.009423828,37.76930069923401
313.9687076923077,10,20480,779.0,10.076931,0.10414707660675049,453,0.0023385908,20480,-0.003200163,1.4385453,0.015576172,42.29516267776489
322.6782745925926,11,22528,826.0370370370371,9.453893,0.2438618540763855,486,0.0026469384,22528,-0.00225093,1.417528,0.021386718,46.81197929382324
292.3970859411765,12,24576,716.0588235294117,39.2846,0.1718958020210266,448,0.0025859624,24576,-0.0022361376,1.4169166,0.021435548,51.0246696472168
293.6751422702703,13,26624,717.2972972972973,20.714958,0.15927129983901978,458,0.0024249968,26624,-0.0025594453,1.4220598,0.021923829,55.58740472793579
293.3082916842106,14,28672,715.8947368421053,11.998816,0.1271061897277832,456,0.00463823,28672,-0.0045252135,1.4203339,0.05444336,60.05469727516174
298.5419422926829,15,30720,735.0,23.665771,0.16219186782836914,477,0.0033181258,30720,-0.0013634257,1.4189923,0.032226562,64.53795957565308
302.72418730232556,16,32768,757.2325581395348,13.739401,0.17875808477401733,451,0.0040481547,32768,-0.0016375922,1.4206239,0.044873048,68.83075380325317
302.7187222173913,17,34816,755.1739130434783,16.700447,0.20698314905166626,439,0.0016527731,34816,-0.0010187343,1.4220906,0.012890625,73.36429595947266
301.7208047659575,18,36864,749.063829787234,12.2178755,0.2745608687400818,454,0.003061067,36864,-0.0011256025,1.4160073,0.030322265,78.0290002822876
311.08863118367344,19,38912,787.1428571428571,12.806783,0.32819247245788574,481,0.004511685,38912,-0.00656023,1.4037006,0.053125,82.53263807296753
309.62749586,20,40960,780.42,7.992633,0.41363149881362915,468,0.0022210525,40960,-0.0012159944,1.3864768,0.01796875,86.78355121612549
315.39214988235295,21,43008,805.2941176470588,8.269945,0.2782922387123108,498,0.0026484479,43008,-0.00199124,1.3853354,0.022509765,91.15990924835205
318.65591509090916,22,45056,815.5636363636364,20.107357,0.29498976469039917,471,0.0011008512,45056,-0.0010647869,1.3863676,0.0071777343,95.26992678642273
324.7056559642857,23,47104,837.5892857142857,6.805526,0.24458128213882446,474,0.0026261818,47104,-0.004048251,1.3790863,0.024072265,99.6186273097992
325.98287370689656,24,49152,842.8448275862069,11.429323,0.29070234298706055,514,0.0024188445,49152,-0.0019526763,1.369131,0.021923829,103.93748831748962
327.41501546666666,25,51200,849.7666666666667,11.731256,0.4087221026420593,462,0.0017117385,51200,-0.00078517676,1.3661273,0.010644531,107.92177438735962
326.00112786885245,26,53248,842.4262295081967,6.3554006,0.41717594861984253,464,0.0013231538,53248,-0.00078139314,1.3608756,0.009179687,112.36238408088684
327.50794914285717,27,55296,853.0793650793651,8.371578,0.41401249170303345,473,0.0035988193,55296,-0.0040744883,1.359481,0.040966798,116.77208113670349
330.67511792187497,28,57344,871.765625,5.998934,0.5102232992649078,458,0.002715996,57344,-0.003888049,1.3538473,0.025244141,121.0980281829834
335.303027676923,29,59392,889.876923076923,5.8613124,0.5170481204986572,472,0.0025510616,59392,-0.001068524,1.3313116,0.019335937,125.56248831748962
335.1649265882353,30,61440,888.8970588235294,17.616508,0.3961886763572693,455,0.0016046211,61440,-0.00078569,1.3190467,0.011621093,129.89694786071777
329.8558622876713,31,63488,868.082191780822,17.346243,0.40125739574432373,485,0.0037224856,63488,-0.0034288266,1.3195136,0.042919923,134.39727401733398
327.9976435540541,32,65536,860.527027027027,7.032096,0.37319034337997437,475,0.0026335132,65536,-0.0015941879,1.3170383,0.026660156,138.61797785758972
325.735757925,33,67584,842.9625,26.346218,0.389188289642334,455,0.001887193,67584,-0.0013479771,1.3181947,0.017089844,142.92378520965576
317.7579554642857,34,69632,813.3928571428571,17.181124,0.3515061140060425,465,0.0022344799,69632,-0.0008776605,1.3258065,0.021435548,147.42521166801453
320.48219447674416,35,71680,820.6976744186046,8.655047,0.4226807951927185,439,0.0048166052,71680,-0.0028208997,1.3421624,0.05649414,151.82633471488953
317.49807078021985,36,73728,809.5604395604396,17.66212,0.516874223947525,473,0.0024947962,73728,-0.002156545,1.3512785,0.025537109,156.48439192771912
313.30190701041664,37,75776,787.8854166666666,20.477884,0.46398627758026123,457,0.0029020184,75776,-0.003901045,1.3550701,0.033935547,160.8082139492035
307.96677883999996,38,77824,767.16,21.084387,0.5146008729934692,462,0.0009534898,77824,-0.00054374995,1.3549086,0.003515625,165.28543400764465
298.53796305,39,79872,740.13,27.42042,0.5295905470848083,487,0.0011972311,79872,-0.0011641601,1.3509471,0.007958984,169.71258187294006
295.48473452999997,40,81920,727.68,30.059628,0.5689475536346436,478,0.005015331,81920,-0.0046748044,1.3515539,0.0625,173.91194462776184
275.03818635,41,83968,647.32,19.76477,0.6250935196876526,478,0.0028208753,83968,-0.001868055,1.359398,0.03227539,178.19129824638367
273.08332870000004,42,86016,628.23,12.105192,0.5865996181964874,506,0.0034943395,86016,-0.0021296036,1.3643683,0.039160155,182.47008848190308
278.07446280000005,43,88064,644.71,7.9445143,0.5515318810939789,500,0.0017175864,88064,-0.00013935326,1.3631945,0.0125,186.51604652404785
282.60100222000005,44,90112,661.98,7.8430915,0.6758115589618683,511,0.003159749,90112,-0.0017631797,1.3478285,0.034472656,190.61183905601501
283.58759308000003,45,92160,663.06,13.723429,0.680006593465805,492,0.0015051395,92160,-0.0019322044,1.3426988,0.010839844,194.61704421043396
280.6446125,46,94208,645.63,11.676382,0.6737198531627655,437,0.003287629,94208,-0.003487094,1.3455502,0.03793945,198.77939629554749
282.50400082,47,96256,650.59,5.542433,0.715399295091629,470,0.0017026123,96256,-0.0014319175,1.3547405,0.014355469,203.46542119979858
287.16449594999995,48,98304,665.45,4.353784,0.7517580837011337,482,0.0033167056,98304,-0.002518969,1.3545783,0.03642578,207.8161108493805
289.11821234,49,100352,665.45,4.410964,0.7859148234128952,511,0.0044395947,100352,-0.003647022,1.3582547,0.053808592,212.0593602657318
291.21973386,50,102400,671.11,6.639493,0.6791259348392487,472,0.003406671,102400,-0.0027138717,1.3639672,0.036621094,216.06526732444763
296.70234502,51,104448,686.71,5.306547,0.7345653176307678,487,0.0042177783,104448,-0.0018706804,1.3608387,0.04736328,220.40353107452393
297.63668092,52,106496,682.21,10.192888,0.622284859418869,473,0.0031264455,106496,-0.0013489461,1.3616456,0.028808594,224.60469579696655
300.97492953,53,108544,687.19,7.389621,0.6385220587253571,464,0.0035017314,108544,-0.001797425,1.3624375,0.039990235,228.93018889427185
295.86502082,54,110592,656.53,12.866425,0.6813831031322479,506,0.0040259664,110592,-0.0022079307,1.3667169,0.044677734,233.3439450263977
290.9812445,55,112640,630.19,14.569339,0.6166501939296722,493,0.0026855231,112640,-0.000884574,1.3773831,0.02734375,237.3902325630188
294.51490449,56,114688,631.24,6.3324304,0.7745109647512436,479,0.002882967,114688,-0.002673297,1.3787163,0.03125,241.5387406349182
299.18310273,57,116736,631.81,6.9765244,0.7104002833366394,496,0.0027367226,116736,-0.0016532969,1.3710139,0.026513672,245.8137550354004
307.1591827099999,58,118784,649.23,5.9684706,0.5188687145709991,507,0.0046577854,118784,-0.0003667324,1.369066,0.058300782,249.93501043319702
304.7221413,59,120832,633.25,5.2754836,0.76676906645298,496,0.0024896455,120832,-0.001080157,1.375664,0.023486327,253.9722559452057
306.94993576,60,122880,622.88,5.752282,0.7736899256706238,449,0.005611144,122880,-0.0035592827,1.3733406,0.07314453,258.09870433807373
313.70571341,61,124928,639.99,3.9112306,0.7540344148874283,474,0.0033813282,124928,-0.0019782246,1.3722711,0.036474608,262.65677881240845
321.48606965000005,62,126976,658.32,3.7658443,0.6836104989051819,436,0.0022821766,126976,-0.0017413875,1.366977,0.015771484,266.97640204429626
323.70162279,63,129024,658.32,3.7563179,0.7472272515296936,487,0.0019369724,129024,-0.0018386726,1.3652204,0.016162109,271.6697962284088
330.48884186000004,64,131072,675.51,4.4283953,0.7978032380342484,458,0.0031388693,131072,-0.0039316197,1.3588374,0.030273438,275.8674473762512
338.30062230999994,65,133120,694.31,3.3793747,0.8004268407821655,486,0.0036228304,133120,-0.0037844316,1.3524845,0.04018555,280.3366754055023
345.94280431999994,66,135168,712.84,5.1184664,0.754673957824707,502,0.0043158443,135168,-0.002622113,1.3580315,0.054052733,284.5510878562927
353.23192137999996,67,137216,727.02,9.007272,0.6940751075744629,490,0.003751959,137216,-0.0026231525,1.3655169,0.043798827,288.6247477531433
356.53994446,68,139264,724.72,7.315604,0.7088314890861511,489,0.010392611,139264,-0.008737193,1.3837564,0.13261719,292.80186891555786
361.27353118999997,69,141312,734.64,4.781339,0.6789925992488861,499,0.0043530245,141312,-0.0010006077,1.4009981,0.048095703,296.9902436733246
374.84584419,70,143360,756.06,13.947935,0.5931404531002045,515,0.0032798308,143360,3.7252146e-05,1.3991691,0.034179688,301.08749175071716
375.71636916000006,71,145408,747.99,15.701694,0.6451476514339447,466,0.0013859125,145408,-0.0012959935,1.3965101,0.011962891,305.05863761901855
381.5469425599999,72,147456,746.44,11.38107,0.672434389591217,472,0.0024531728,147456,-0.002192289,1.391964,0.023730468,309.4540467262268
383.8076603399999,73,149504,747.33,24.458889,0.6387039721012115,464,0.0024853027,149504,-0.0023348904,1.3925836,0.022070313,313.7862710952759
384.9607720200001,74,151552,743.09,19.89945,0.7003924250602722,454,0.004219102,151552,-0.0022604768,1.4032438,0.050732423,318.1933100223541
388.36343463,75,153600,746.32,23.494438,0.6733769476413727,457,0.0012735317,153600,8.9518035e-05,1.4078797,0.0105957035,322.69988441467285
390.98350530000005,76,155648,749.93,24.841705,0.6767041981220245,481,0.0031691026,155648,-0.0009763498,1.4090021,0.038183592,327.17565631866455
395.3610395799999,77,157696,755.7,24.861732,0.6894101202487946,498,0.0018213633,157696,-0.0030323088,1.4157093,0.019238282,331.42512106895447
393.36867229999996,78,159744,742.88,22.719158,0.7236201167106628,434,0.00086788274,159744,-0.0011412024,1.4222995,0.0038085938,335.53206729888916
383.90063376,79,161792,701.84,21.329315,0.7720996737480164,500,0.0036351723,161792,-0.006323495,1.4231803,0.039501954,340.241361618042
384.3281725999999,80,163840,696.08,10.3895,0.8470823764801025,485,0.006865005,163840,-0.0041397996,1.433108,0.079882815,344.3373222351074
365.8520473499999,81,165888,627.94,21.088493,0.8161870092153549,480,0.0012672852,165888,0.0005323482,1.436048,0.0061035156,348.55259704589844
366.50754026999994,82,167936,621.25,10.586126,0.8223138153553009,512,0.0029750096,167936,-0.00058969593,1.4369391,0.03466797,352.8179669380188
377.67807861999995,83,169984,636.76,10.174707,0.8410603404045105,445,0.004844988,169984,-0.002541976,1.4352748,0.054541014,356.81524896621704
377.66604163999995,84,172032,628.87,15.373877,0.6679786145687103,499,0.002460654,172032,0.00022292614,1.4286692,0.0203125,361.40991163253784
389.25968665000005,85,174080,640.7,21.663393,0.7496894001960754,504,0.0019027095,174080,-0.00050679164,1.4297016,0.019726563,365.50672245025635
394.83741117000005,86,176128,647.11,10.630818,0.8707861304283142,489,0.0024440952,176128,-0.0033327579,1.4316676,0.02607422,369.5669684410095
389.65838963000004,87,178176,632.21,9.123384,0.8497790396213531,461,0.0033347718,178176,-0.0021695173,1.4341974,0.034326173,373.7480173110962
386.55237572,88,180224,614.45,14.856959,0.8440781384706497,530,0.0037044443,180224,-0.004161353,1.4361734,0.035449218,378.18265771865845
380.5410895199999,89,182272,595.39,20.858715,0.7153041958808899,518,0.0039869286,182272,-0.0019939586,1.4285315,0.04194336,382.0418782234192
363.1295254999999,90,184320,539.31,20.614994,0.7605921477079391,488,0.002211576,184320,0.00012117079,1.4259449,0.022070313,385.99091839790344
359.12169811,91,186368,518.49,13.1778,0.8011049330234528,522,0.0023717103,186368,-0.00021423408,1.4300714,0.023632813,390.180814743042
357.47326512,92,188416,512.03,8.288195,0.8294425904750824,549,0.0034103678,188416,0.0005449376,1.429284,0.03491211,394.10375022888184
347.0504210000001,93,190464,487.69,12.975168,0.8638501167297363,531,0.0016459866,190464,-0.0005478556,1.4203222,0.0087890625,397.8297209739685
344.80901016999997,94,192512,482.03,8.804573,0.8787380456924438,478,0.003766117,192512,-0.0016421212,1.4250451,0.04458008,401.68029379844666
341.77393199000005,95,194560,474.78,16.055288,0.8682624250650406,478,0.005257415,194560,0.00044120918,1.4361875,0.0652832,405.96232986450195
343.04358523,96,196608,476.16,17.812273,0.8171641230583191,472,0.00055735494,196608,-0.000669775,1.436655,0.0019042969,410.24712800979614
351.36373750999996,97,198656,486.96,18.265734,0.8297372609376907,484,0.0021554914,198656,-0.00013984423,1.4358982,0.017285157,414.5822710990906
356.01181646000003,98,200704,493.13,9.079819,0.7433041632175446,476,0.0056809285,200704,-0.005118743,1.4357698,0.06801758,418.8097369670868
372.5129115599999,99,202752,516.88,13.513145,0.7570606917142868,448,0.0024072814,202752,-0.0016011421,1.4366527,0.02211914,423.1082983016968
381.5467341,100,204800,528.68,11.185896,0.8928967714309692,465,0.0016354059,204800,-0.00041077138,1.4356245,0.01430664,427.6758108139038
382.4696171899999,101,206848,529.54,8.816779,0.8267459124326706,499,0.002920547,206848,-0.001239122,1.4265822,0.028222656,432.07405185699463
395.36511623,102,208896,548.02,15.002253,0.8429509997367859,515,0.0015214721,208896,-0.0013122347,1.4191862,0.0087890625,436.1729257106781
406.4510961200001,103,210944,563.13,19.002886,0.7886217683553696,538,0.0057209684,210944,-0.0049040187,1.4283695,0.064648435,440.14909315109253
408.31881264,104,212992,566.12,9.646321,0.8464121520519257,539,0.0040763346,212992,-0.00021207453,1.4351242,0.040039062,443.95425510406494
420.33544794,105,215040,583.84,15.195997,0.5619004964828491,533,0.0039041974,215040,-0.0008023914,1.4266609,0.04042969,447.7524435520172
432.43346660000003,106,217088,601.86,16.679108,0.48000359535217285,534,0.004762448,217088,-0.00074545934,1.4222038,0.05234375,451.59277844429016
442.6267843,107,219136,619.55,11.66498,0.6160443127155304,500,0.004483016,219136,-0.0034277732,1.4173878,0.050439455,455.42233967781067
460.9131660600001,108,221184,648.42,11.809193,0.700641393661499,526,0.0026803953,221184,-0.0018413274,1.4221483,0.026171874,459.5108320713043
467.58262003000004,109,223232,659.61,10.509565,0.7821086645126343,500,0.0020545847,223232,-0.003903027,1.4283879,0.0171875,463.39817333221436
475.77231612,110,225280,672.8,9.461203,0.847245991230011,506,0.0028985164,225280,-0.0034146998,1.4321747,0.026953125,467.49292826652527
484.36383300999995,111,227328,687.34,5.705985,0.8216412216424942,480,0.0038852934,227328,-0.0015156327,1.42758,0.042626955,471.5359630584717
496.03308207000003,112,229376,705.21,10.478932,0.8285496532917023,525,0.0032277913,229376,-0.0016362453,1.4185249,0.037109375,475.8022804260254
500.11923458000007,113,231424,711.31,15.544992,0.7899749726057053,535,0.0022705088,231424,-0.0013902546,1.4230891,0.021337891,479.70267724990845
510.2502072200001,114,233472,729.06,8.704736,0.607120543718338,503,0.0064701354,233472,-0.003288136,1.4328059,0.07929687,483.52752447128296
518.5046032200001,115,235520,744.13,6.9771523,0.661727637052536,506,0.005739236,235520,-0.0060490374,1.4431994,0.068359375,487.59586691856384
527.7510101400001,116,237568,758.72,9.995691,0.8490648567676544,502,0.002769304,237568,-0.002371152,1.4386302,0.028076172,491.63703083992004
537.8319294,117,239616,773.43,10.110883,0.8048597425222397,533,0.0042895535,239616,-0.00068081275,1.4385272,0.05317383,495.71702003479004
547.5462654799999,118,241664,789.68,10.615444,0.5296534299850464,534,0.0020696942,241664,-0.0018126592,1.4559065,0.014941406,499.55918979644775
550.49047874,119,243712,794.62,5.7245836,0.8215476721525192,445,0.004399736,243712,-0.0023233092,1.4515069,0.05263672,503.3945035934448
563.8975622900001,120,245760,814.11,9.997175,0.7982545346021652,526,0.0052350503,245760,-0.0023465534,1.4536617,0.060546875,507.98758697509766
575.7728915299999,121,247808,832.56,7.029929,0.6846311092376709,522,0.0043275775,247808,-0.005228707,1.459857,0.049365234,511.88134932518005
582.68568792,122,249856,843.38,15.034483,0.7506494969129562,499,0.004507028,249856,-0.002414143,1.4678949,0.049804688,515.7985875606537
570.7773164800001,123,251904,825.59,28.689,0.6882375776767731,509,0.005615007,251904,-0.007143542,1.4810388,0.06943359,519.8976762294769
566.53916858,124,253952,818.9,5.121198,0.8476984351873398,530,0.0032331024,253952,-0.002279566,1.4827478,0.032714844,523.9180109500885
573.55960262,125,256000,828.3,11.320242,0.7479251027107239,508,0.0035416093,256000,8.9918016e-05,1.4812297,0.037744142,527.7797825336456
576.33353589,126,258048,831.49,20.376743,0.6811805963516235,479,0.003939017,258048,-0.0021374326,1.4904199,0.038330078,531.8085131645203
575.23159032,127,260096,829.67,21.281252,0.7779833972454071,483,0.0038805183,260096,-0.0027949172,1.5009664,0.03930664,536.0788006782532
569.3076768299999,128,262144,818.69,21.911959,0.7541489899158478,521,0.0039860355,262144,-0.0032104813,1.5096319,0.04296875,540.3160936832428
563.2270970400001,129,264192,809.93,18.010431,0.7850020378828049,478,0.0061469786,264192,-0.0032116026,1.5182165,0.07138672,544.243008852005
565.9048997700002,130,266240,815.04,10.642789,0.8345093876123428,510,0.004380414,266240,-0.005141592,1.5253127,0.05131836,548.5270805358887
562.03734295,131,268288,810.0,5.729612,0.7812667042016983,503,0.0036131344,268288,-0.0027221912,1.5332081,0.038232423,552.5396809577942
572.43840919,132,270336,826.52,7.5365105,0.6738278269767761,517,0.0052827145,270336,-0.002756006,1.5291582,0.06313477,556.6090202331543
579.1465726800001,133,272384,836.57,7.1714363,0.6610801815986633,491,0.0043345154,272384,-0.0006926014,1.522303,0.050048828,560.5679326057434
582.53372447,134,274432,844.2,10.415617,0.5887371599674225,522,0.0029414897,274432,-0.0010693988,1.5175729,0.029638672,564.7313084602356
596.29714972,135,276480,865.15,11.958383,0.8082960098981857,511,0.002742139,276480,-0.0015028814,1.5221072,0.029248048,568.650691986084
607.44222597,136,278528,880.86,7.540212,0.7182329297065735,532,0.005843545,278528,-0.004801393,1.5251615,0.07397461,572.6551203727722
617.3870172599999,137,280576,896.46,5.2132297,0.8433973044157028,526,0.002127551,280576,-0.0011766809,1.5271745,0.017089844,576.503701210022
629.68125397,138,282624,914.07,11.592039,0.7462951838970184,522,0.0032130547,282624,-0.0038784097,1.5232313,0.031347655,580.3949341773987
633.47670409,139,284672,921.95,12.194452,0.8180096298456192,514,0.003422054,284672,-0.0036442648,1.5276161,0.034814455,584.3143396377563
641.26878597,140,286720,935.96,7.8002267,0.7692839205265045,526,0.0036867987,286720,-0.0028789449,1.5273143,0.041894533,588.2972869873047
646.5700760200001,141,288768,952.25,18.209568,0.8546186834573746,523,0.006244364,288768,-0.0027365857,1.5323308,0.07749023,592.1857097148895
655.9026862400001,142,290816,967.06,8.903727,0.7090530395507812,546,0.0025855734,290816,-0.0031199094,1.5414809,0.028027344,596.0993189811707
667.5461664999999,143,292864,984.89,8.037622,0.6977985203266144,533,0.0020577412,292864,-0.0036936202,1.5371118,0.017626952,599.849972486496
671.3714765500001,144,294912,990.83,15.139003,0.6843141317367554,508,0.004720221,294912,-0.0010469315,1.5458654,0.053955078,603.6859004497528
685.4711828100001,145,296960,1009.73,22.772635,0.6573367714881897,473,0.0007334161,296960,-0.0013554532,1.5548707,0.004003906,607.7133567333221
683.8657428900001,146,299008,1008.13,20.97446,0.7766316384077072,478,0.0030272356,299008,-0.00063988165,1.5557458,0.03334961,612.0425782203674
686.9122580199999,147,301056,1012.44,10.546506,0.8329115062952042,507,0.001852043,301056,-0.0035538864,1.5525328,0.01303711,616.3236293792725
665.18552421,148,303104,981.78,17.104134,0.7980939298868179,504,0.0056802663,303104,-0.006641521,1.5664244,0.06865235,620.3610417842865
672.65865349,149,305152,992.48,8.289315,0.8687229752540588,512,0.0059066433,305152,-0.0071186237,1.5882741,0.069726564,624.4222028255463
671.84565557,150,307200,990.74,17.751255,0.7876772880554199,489,0.0032208748,307200,-0.0012929989,1.5928757,0.03540039,628.4167413711548
670.2442487999999,151,309248,988.88,9.343999,0.8253612667322159,531,0.005007567,309248,-0.0041974,1.584387,0.0609375,632.6056668758392
677.39984382,152,311296,999.52,11.45888,0.818599060177803,526,0.0016822203,311296,-0.0019400032,1.5841862,0.013867187,636.4560992717743
687.3906244,153,313344,1015.0,9.694066,0.6186173260211945,447,0.0022045413,313344,-0.002349033,1.5783873,0.022851562,640.3487932682037
686.6486897399998,154,315392,1013.41,14.311441,0.7142728567123413,486,0.0014867559,315392,-0.0022643646,1.5726254,0.011474609,644.9243228435516
676.89849886,155,317440,999.16,2.9093049,0.92849001288414,522,0.004984522,317440,-0.002152611,1.5699395,0.062304687,649.1307690143585
677.2050019299999,156,319488,994.7,19.258255,0.7243576049804688,516,0.0032635145,319488,-0.0003255944,1.5721047,0.03515625,653.0532171726227
673.0975084300001,157,321536,990.79,7.1520805,0.9173883125185966,529,0.0052944575,321536,-0.0059192926,1.5697992,0.06328125,657.0156917572021
680.7257995300001,158,323584,999.64,17.841015,0.6491268873214722,525,0.0050730444,323584,0.00026328448,1.5791295,0.05996094,660.8827991485596
678.83491499,159,325632,994.55,8.292028,0.7842286676168442,511,0.0021234541,325632,-0.002921875,1.5762768,0.020117188,664.7781376838684
690.61012149,160,327680,1009.95,16.916277,0.6164207458496094,534,0.0056375037,327680,-0.0035846042,1.5805709,0.07094727,668.786119222641
697.2198401300001,161,329728,1018.55,5.117635,0.9015839695930481,524,0.006195857,329728,-0.0027240415,1.5912267,0.07729492,672.6148960590363
698.35488783,162,331776,1017.66,22.186052,0.8038681596517563,508,0.0048121857,331776,-0.0042292224,1.5936449,0.05834961,676.5198154449463
702.75278449,163,333824,1024.69,5.1811285,0.8905880302190781,537,0.006843102,333824,-0.007789509,1.604563,0.0725586,680.547491312027
707.1125875199999,164,335872,1030.06,4.5516596,0.894856795668602,529,0.0031914655,335872,-0.0016709162,1.6071268,0.03330078,684.3551907539368
709.2300012299999,165,337920,1030.06,13.001546,0.8011045604944229,525,0.005102131,337920,-0.0025023643,1.6077465,0.060595702,688.2209815979004
708.0327698899999,166,339968,1030.06,7.373727,0.829045981168747,521,0.0030937798,339968,-0.0034404136,1.6160482,0.033496093,692.1225299835205
715.31053258,167,342016,1041.89,16.425194,0.8066746890544891,538,0.002643972,342016,-0.0008084866,1.6180073,0.024902344,696.0533759593964
722.09880085,168,344064,1050.38,14.989519,0.5952673852443695,529,0.003936705,344064,-0.00241868,1.6203148,0.04501953,699.8590216636658
730.0973180600001,169,346112,1061.34,13.4659395,0.37745052576065063,519,0.0038694274,346112,-0.00089566724,1.6125263,0.042822264,703.7265758514404
731.39401723,170,348160,1061.34,11.534343,0.575572669506073,526,0.001542581,348160,-0.00072745344,1.6058357,0.01118164,707.6718547344208
741.3948266200001,171,350208,1073.67,13.162439,0.743906557559967,542,0.004006247,350208,-0.0027717014,1.6054256,0.046679687,711.5632126331329
725.7800326800002,172,352256,1051.77,8.800128,0.8858881965279579,524,0.005094308,352256,-0.0023980718,1.6029946,0.05292969,715.33704829216
727.2128201700002,173,354304,1051.77,10.340805,0.6923112571239471,530,0.004822686,354304,-0.0044228416,1.5886743,0.0546875,719.2424666881561
738.8367035800001,174,356352,1067.4,9.959341,0.669762521982193,528,0.004562926,356352,-0.0042010653,1.5792958,0.05419922,723.1069405078888
748.9057552300001,175,358400,1081.37,21.527933,0.7994103878736496,539,0.004853133,358400,-0.0024172468,1.5808148,0.059277344,726.9829840660095
759.0853455800002,176,360448,1102.05,11.984552,0.8821511715650558,514,0.0028140093,360448,-0.0029688107,1.582623,0.026855469,730.782222032547
759.5402448200001,177,362496,1103.02,5.746606,0.8664656579494476,524,0.0026714266,362496,-0.0022233794,1.592583,0.026855469,734.7670686244965
772.3902134300001,178,364544,1120.66,8.589033,0.7684133797883987,545,0.0055284267,364544,-0.002415042,1.5913352,0.070214845,738.6718490123749
784.2659178000004,179,366592,1137.19,10.189155,0.6174704432487488,510,0.004459542,366592,0.00017915899,1.5848886,0.05415039,742.4246592521667
784.99747864,180,368640,1141.56,16.453068,0.8517465889453888,517,0.0052205576,368640,-0.0019567444,1.5728347,0.05732422,746.4382658004761
788.60439841,181,370688,1147.67,10.026596,0.7032337188720703,488,0.0047181197,370688,-5.3273212e-05,1.5643435,0.05229492,750.3980076313019
796.71489505,182,372736,1158.9,9.088292,0.5298681557178497,502,0.0058660195,372736,-0.001970346,1.5655588,0.07114258,754.5913779735565
794.5173207799999,183,374784,1156.36,7.7846665,0.7262010276317596,500,0.004612746,374784,0.00032508318,1.562918,0.054003906,758.6640839576721
805.56877389,184,376832,1173.55,8.74288,0.6684478521347046,512,0.006230066,376832,-0.0046227025,1.5623051,0.0815918,762.7535908222198
815.9878089399999,185,378880,1189.19,12.235599,0.6877402663230896,519,0.0030575455,378880,-0.0022365788,1.5760071,0.031054687,766.7528309822083
832.1968844700001,186,380928,1210.29,15.745061,0.8391262739896774,531,0.0021425826,380928,-0.0013959117,1.5767207,0.02084961,770.69784116745
844.1967377999999,187,382976,1226.86,9.100835,0.7279302477836609,535,0.001855424,382976,-0.0009638126,1.5714,0.017724609,774.5536468029022
849.5239184,188,385024,1234.87,4.2514257,0.8791270032525063,503,0.004130422,385024,0.00092909916,1.5658318,0.050341796,778.3766491413116
860.1812064999998,189,387072,1251.58,10.734755,0.6744671761989594,516,0.005772987,387072,-0.0045447806,1.5698127,0.072705075,782.4466867446899
870.29197102,190,389120,1266.69,16.44914,0.7413297295570374,524,0.003600587,389120,-0.0018693979,1.5740643,0.04008789,786.4135253429413
877.7474820499999,191,391168,1277.23,11.228035,0.8417348861694336,519,0.0042051403,391168,-0.002929912,1.5694845,0.05307617,790.3202655315399
879.3166935300001,192,393216,1279.58,3.8086305,0.917607806622982,505,0.0029452087,393216,-0.002488469,1.5789864,0.030126953,794.2668671607971
890.70265457,193,395264,1295.14,10.1776495,0.6419432759284973,501,0.0034740083,395264,-0.0050800233,1.5912111,0.03720703,798.3177525997162
903.4668283399999,194,397312,1312.46,13.683989,0.8035101741552353,528,0.0037746658,397312,-0.0019452196,1.5981835,0.043164063,802.4019567966461
910.48096284,195,399360,1321.42,6.241262,0.8513610363006592,534,0.0047858898,399360,-0.0022611576,1.5949594,0.055322267,806.2768726348877
917.61733994,196,401408,1330.76,25.633884,0.7652148902416229,510,0.005950934,401408,-0.002610079,1.5923233,0.07607422,810.107182264328
904.45087325,197,403456,1316.37,13.325342,0.9044315293431282,498,0.0035468196,403456,-0.0025667208,1.6028769,0.04008789,814.1167459487915
898.4004392700001,198,405504,1304.79,7.2819366,0.804945707321167,487,0.0053005805,405504,-0.0033895825,1.6128099,0.064208984,818.2254648208618
903.4608859800001,199,407552,1311.12,15.1448,0.7434965968132019,513,0.0036383197,407552,-0.0034210403,1.613683,0.043017577,822.4267444610596
904.0074141000001,200,409600,1311.12,10.604166,0.7313961684703827,520,0.0031183143,409600,-0.0011154428,1.6107213,0.030859375,826.4137623310089
905.7583474200001,201,411648,1311.77,9.790487,0.8057717829942703,506,0.0031653554,411648,-0.00090156577,1.6018372,0.03388672,830.3529086112976
906.7171195200001,202,413696,1311.77,9.016563,0.8289166986942291,548,0.003588353,413696,-0.0010938116,1.5898502,0.040136717,834.3966581821442
914.6390279900002,203,415744,1320.47,11.401635,0.6640479564666748,514,0.0047939466,415744,-0.0028453986,1.5835328,0.05908203,838.1278567314148
913.6159676699999,204,417792,1317.88,6.3237925,0.9116752296686172,527,0.006723848,417792,-0.0028783325,1.5874058,0.08232422,842.1060466766357
889.5779476899999,205,419840,1271.0,24.389494,0.8288827836513519,473,0.0049825236,419840,-0.0032034188,1.5821489,0.054345705,845.9881763458252
895.65677599,206,421888,1285.5,19.534176,0.7870818227529526,500,0.0052026855,421888,-0.002499168,1.5723175,0.061914064,850.311060667038
898.2811773899999,207,423936,1289.58,6.8578935,0.8322787135839462,438,0.0026198262,423936,-0.00059721107,1.5809842,0.02451172,854.4017617702484
896.8912763599999,208,425984,1289.58,11.481745,0.7420207262039185,492,0.0039818576,425984,-0.0014681574,1.5845048,0.043847658,859.0735275745392
906.6400258100001,209,428032,1304.03,10.083664,0.6746761500835419,497,0.005239917,428032,-0.00051340193,1.5854323,0.066259764,863.2343416213989
917.79742271,210,430080,1320.58,10.212857,0.795771136879921,518,0.006214576,430080,-0.0047435467,1.5920434,0.08046875,867.350239276886
928.2778973399999,211,432128,1335.02,9.563494,0.7750739306211472,521,0.0045729214,432128,-0.0006631204,1.5858535,0.05131836,871.2970170974731
943.2194673199999,212,434176,1355.44,19.77753,0.7053309679031372,483,0.0038878997,434176,-0.0014372424,1.5786629,0.04169922,875.2220318317413
945.6648309600001,213,436224,1361.15,8.534838,0.8956853449344635,524,0.0044045025,436224,-0.0012616385,1.57322,0.051513672,879.4619703292847
955.1190869100001,214,438272,1374.28,9.52921,0.7054577171802521,504,0.005691426,438272,-0.0033488136,1.577355,0.06987305,883.3688635826111
959.1516704900001,215,440320,1380.64,15.339734,0.8907923400402069,497,0.007683214,440320,-0.002437001,1.5766728,0.08081055,887.4281823635101
964.5759455700002,216,442368,1390.76,15.043714,0.9293922483921051,512,0.0046350947,442368,-0.0051186243,1.58116,0.05649414,891.5481328964233
972.58514328,217,444416,1400.66,11.460098,0.8183009475469589,542,0.002398018,444416,-0.00338772,1.5905885,0.019482423,895.5478556156158
982.6186722099999,218,446464,1414.47,10.366188,0.7844937741756439,524,0.0050838133,446464,-0.0022043912,1.5882542,0.06298828,899.3255851268768
983.4872407199999,219,448512,1421.35,11.464121,0.9344989582896233,531,0.004785792,448512,-0.004302332,1.5815272,0.055322267,903.2344515323639
993.8238592499999,220,450560,1435.24,6.0994864,0.893215961754322,544,0.0048533734,450560,-0.004271894,1.5662391,0.058789063,907.0858364105225
999.06121797,221,452608,1442.42,10.651096,0.933845728635788,516,0.0038607959,452608,-0.0046855877,1.5740954,0.041650392,910.8498284816742
1012.1227837099999,222,454656,1459.73,10.756857,0.8559152334928513,488,0.0028482543,454656,-0.0015938662,1.5909911,0.02734375,914.812980890274
1019.9186638800003,223,456704,1470.27,10.511016,0.7583467662334442,485,0.0036886781,456704,-0.0031238876,1.5951337,0.043359376,919.0087583065033
1017.2210354000002,224,458752,1461.7,11.117803,0.9049599841237068,523,0.0034279693,458752,-0.0016932522,1.6078985,0.034423828,923.2239563465118
1016.92762515,225,460800,1461.7,11.309654,0.7705084979534149,521,0.007994905,460800,-0.005209791,1.6251904,0.09145508,927.1388924121857
1028.5929461500002,226,462848,1477.58,10.097088,0.7943638265132904,522,0.0032282888,462848,-0.002816799,1.6248395,0.032421876,931.0698409080505
1035.96684536,227,464896,1486.72,7.4784837,0.8770034611225128,529,0.0026139899,464896,-0.0010868795,1.6247898,0.026367188,934.9896733760834
1035.67852195,228,466944,1486.72,8.535197,0.8339333683252335,521,0.0048606973,466944,-0.005231812,1.6287816,0.06064453,938.8559119701385
1041.16823473,229,468992,1495.01,10.634811,0.8460871875286102,512,0.005084948,468992,-0.0007769702,1.6358951,0.05834961,942.7798256874084
1040.9521635199999,230,471040,1487.79,13.075496,0.8423624485731125,497,0.0037743677,471040,-0.0011611747,1.6362374,0.041894533,946.7799689769745
1049.54958957,231,473088,1502.57,10.051014,0.8197619616985321,525,0.0049605924,473088,-0.0025588698,1.636615,0.056689452,950.8958246707916
1058.46237905,232,475136,1514.6,14.042696,0.7510823756456375,514,0.0033088247,475136,-0.0012513805,1.63661,0.035009764,954.794148683548
1060.3429835599998,233,477184,1514.6,9.575079,0.8363324850797653,536,0.0050613796,477184,-0.0021648437,1.6318957,0.060302734,958.7781822681427
1056.0535019099998,234,479232,1515.62,13.116124,0.8283183723688126,522,0.006901914,479232,-0.0017492682,1.6091156,0.071826175,962.5969579219818
1056.96152139,235,481280,1516.77,10.166623,0.8914373815059662,501,0.00517015,481280,-0.003462859,1.6021773,0.06367187,966.5159232616425
1069.2935601,236,483328,1533.38,9.525106,0.8674062490463257,501,0.0036735192,483328,-0.0024650476,1.6050317,0.04296875,970.6042008399963
1080.7959185900002,237,485376,1550.0,8.697166,0.8654071688652039,435,0.006524469,485376,-0.004342201,1.6182244,0.084228516,974.6884191036224
1086.7718860300001,238,487424,1558.15,8.9438,0.9164203405380249,503,0.0029644002,487424,-0.0023143268,1.6318085,0.029101562,979.3932178020477
1092.35290418,239,489472,1570.59,8.602037,0.9311941713094711,534,0.006096934,489472,-0.0015519301,1.6350176,0.07119141,983.4653613567352
1093.7902021000002,240,491520,1575.64,6.2571325,0.9438102915883064,513,0.0047881147,491520,-0.0035598453,1.6403272,0.055419922,987.299067735672
1098.2922132400001,241,493568,1583.98,11.39536,0.8395204544067383,474,0.002848288,493568,-0.0018952566,1.644446,0.031396486,991.2847425937653
1097.3222890200002,242,495616,1573.76,18.379093,0.7689448148012161,488,0.0014142578,495616,-0.0013380233,1.645735,0.008691406,995.6037030220032
1101.1230583899999,243,497664,1574.64,12.070017,0.8182652145624161,495,0.0043793097,497664,-0.0011945963,1.6460251,0.04892578,999.79944896698
1106.5628821700002,244,499712,1587.48,11.177599,0.9262531623244286,530,0.006964273,499712,-0.00383121,1.6338259,0.07104492,1003.936883687973
1116.65103239,245,501760,1602.4,9.166967,0.853007435798645,469,0.0052527655,501760,-0.0011193024,1.6240622,0.05961914,1007.7958564758301
1114.94182547,246,503808,1602.4,9.596907,0.8219962567090988,472,0.0041444288,503808,-0.0022696713,1.6230938,0.04824219,1012.1582810878754
1098.36913193,247,505856,1575.43,10.701521,0.9243737459182739,495,0.0045333738,505856,-0.002738408,1.6205298,0.051611327,1016.4941067695618
1093.92446581,248,507904,1568.95,10.601723,0.8297625035047531,491,0.0034941514,507904,-0.001083677,1.6123205,0.033496093,1020.6298015117645
1103.79068664,249,509952,1583.5,8.812066,0.8603157848119736,477,0.005119711,509952,-0.003955085,1.610343,0.05722656,1024.7949645519257
1115.39642208,250,512000,1599.15,9.939714,0.9029361456632614,479,0.0053195665,512000,-0.0027089023,1.6175029,0.066748045,1029.0851464271545
1096.7159084000002,251,514048,1570.08,19.01961,0.8760837838053703,485,0.004007251,514048,-0.0025396622,1.621282,0.044970702,1033.3585047721863
1104.1726653000003,252,516096,1570.08,13.15097,0.8760892227292061,490,0.0039603794,516096,-0.0018983844,1.6216129,0.047607422,1037.5807411670685
1100.08562743,253,518144,1563.07,18.308367,0.9267263263463974,545,0.004247337,518144,-0.0006109342,1.6383356,0.049560547,1041.7574307918549
1102.3056362500001,254,520192,1570.22,13.719081,0.9501543194055557,530,0.0038064637,520192,-0.0027118572,1.6442226,0.04091797,1045.5132310390472
1095.41509231,255,522240,1558.61,9.204146,0.9189245775341988,496,0.0030869823,522240,-0.0036462974,1.6339977,0.03354492,1049.370638847351
1097.06337067,256,524288,1558.38,5.94467,0.9432899802923203,514,0.004806497,524288,-0.0056441044,1.636412,0.061328124,1053.4924049377441
1110.54581994,257,526336,1574.07,18.126225,0.8694737404584885,473,0.0044738445,526336,-0.0038655165,1.6540791,0.051513672,1057.4774498939514
1109.90502991,258,528384,1568.94,6.594671,0.91075399518013,510,0.004425034,528384,-0.0055294526,1.6684195,0.053222656,1061.8015186786652
1109.88282769,259,530432,1568.94,9.244001,0.920871414244175,474,0.0052038217,530432,-0.0018511235,1.6736343,0.060791016,1065.8106338977814
1120.62035368,260,532480,1582.73,9.356873,0.9288010597229004,486,0.006238712,532480,-0.0042151753,1.6745619,0.07084961,1070.123032093048
1123.87849942,261,534528,1582.73,10.654471,0.8060707002878189,505,0.0046541896,534528,-0.0016422715,1.6704937,0.05834961,1074.3328652381897
1117.8052154400002,262,536576,1572.76,15.206052,0.8934577107429504,483,0.0051939003,536576,-0.002767995,1.6741164,0.054248046,1078.3831260204315
1123.0101517,263,538624,1575.14,8.107459,0.94465097412467,501,0.0048395013,538624,-0.0004628705,1.6874806,0.05629883,1082.6170105934143
1124.2192229600003,264,540672,1575.14,9.638261,0.9072637259960175,500,0.0076116547,540672,-0.004046181,1.6983216,0.091845706,1086.702585220337
1130.53297651,265,542720,1582.03,8.557861,0.9395636282861233,480,0.0027643577,542720,-0.0008441793,1.7015568,0.030712891,1090.7952890396118
1122.35897368,266,544768,1562.6,13.303352,0.8889517560601234,484,0.005625457,544768,-0.0045030825,1.7161591,0.06342773,1095.0537939071655
1124.38435747,267,546816,1561.36,10.449762,0.9208564981818199,495,0.0041513355,546816,-0.0029605941,1.7311008,0.04477539,1099.2803704738617
1129.0411423199998,268,548864,1567.39,9.678942,0.9212475270032883,472,0.003965051,548864,-0.003601072,1.7208793,0.043798827,1103.4125599861145
1129.9454934900002,269,550912,1565.49,14.85306,0.888489380478859,477,0.0058429935,550912,-0.00488762,1.7195957,0.07392578,1107.7459826469421
1131.6562625500003,270,552960,1563.03,12.348946,0.9319590106606483,483,0.004714762,552960,-0.003018022,1.728252,0.05644531,1112.0340988636017
1125.58407597,271,555008,1547.25,7.9017234,0.9240325540304184,481,0.00405045,555008,-0.0018559719,1.7291491,0.045214843,1116.2689526081085
1130.2370571400002,272,557056,1540.67,7.0237284,0.9501741081476212,466,0.004758139,557056,-0.0044512246,1.7255875,0.048828125,1120.5212454795837
1135.23980313,273,559104,1544.09,4.64395,0.9521892704069614,486,0.007092004,559104,-0.007684828,1.7376668,0.08979492,1124.9096207618713
1134.48604084,274,561152,1537.3,11.37175,0.9370294809341431,495,0.002530927,561152,-0.004717527,1.7505146,0.024414062,1129.1223719120026
1119.9896446100001,275,563200,1514.0,15.46384,0.8926447331905365,478,0.002812028,563200,-0.002020663,1.7684708,0.025292968,1133.2558908462524
1107.82780126,276,565248,1493.53,14.312268,0.9104675650596619,491,0.002807139,565248,-0.00058071816,1.7784097,0.02998047,1137.5345602035522
1114.78452379,277,567296,1492.19,13.695407,0.8656909167766571,465,0.0020325785,567296,-0.004128845,1.8066307,0.019482423,1141.7061650753021
1128.0347026,278,569344,1507.57,11.407846,0.914251983165741,464,0.0040820325,569344,-0.0030219064,1.8297803,0.043896485,1146.106070280075
1137.1898098600002,279,571392,1517.7,13.104818,0.9050381183624268,493,0.004139384,571392,-0.004825064,1.8445861,0.04042969,1150.5151262283325
1143.532397,280,573440,1525.5,10.957357,0.9357995018362999,471,0.0028719949,573440,0.00087034435,1.8486459,0.027490234,1154.6614706516266
1152.9893253599998,281,575488,1522.74,11.73112,0.8953564167022705,472,0.0042619505,575488,-0.0061104917,1.877846,0.04560547,1159.002121925354
1159.6907467800002,282,577536,1522.74,17.190105,0.2364746332168579,469,0.002745017,577536,-0.000699834,1.9079252,0.026757812,1163.3337893486023
1154.8641182600002,283,579584,1507.86,15.187643,0.8850051984190941,511,0.0046695285,579584,-0.003727223,1.9243405,0.04892578,1167.694348335266
1149.11280301,284,581632,1496.86,5.4731636,0.9112906530499458,456,0.007002049,581632,-0.0063572824,1.9347973,0.08935547,1171.697561264038
1150.10953537,285,583680,1494.27,17.678188,0.8489855080842972,495,0.0037791685,583680,-0.0037051875,1.9430292,0.046679687,1176.187462568283
1155.4797539600002,286,585728,1500.5,12.853038,0.9287002757191658,463,0.00049283565,585728,-0.00084234576,1.9426508,0.0032714843,1180.3227875232697
1164.66615588,287,587776,1509.13,8.32006,0.9426723420619965,457,0.0037084613,587776,-0.004126192,1.9426666,0.043603517,1184.7379055023193
1165.1445743,288,589824,1508.42,11.272912,0.8656671643257141,470,0.0025957883,589824,-0.0045326077,1.9368597,0.024902344,1189.2156364917755
1185.3043957,289,591872,1523.87,18.608715,0.7479141652584076,460,0.003082089,591872,-0.0023788256,1.9365299,0.032177735,1193.5701944828033
1193.38142115,290,593920,1527.45,15.822743,0.7995324432849884,474,0.0047877626,593920,-0.00067204004,1.9435303,0.05649414,1198.0228598117828
1192.4251025400001,291,595968,1518.15,14.868955,0.8154933899641037,462,0.0037059125,595968,0.0007353051,1.948205,0.039404295,1202.3386924266815
1197.81268799,292,598016,1518.15,14.737953,0.45136648416519165,458,0.0022929218,598016,0.0008496912,1.9597683,0.020263672,1206.7690556049347
1195.1389892700001,293,600064,1501.01,14.14446,0.835137739777565,453,0.0051008193,600064,-0.0034575015,1.9709831,0.05698242,1211.237015247345
1204.7058315400002,294,602112,1505.2,8.833224,0.8292114734649658,444,0.0031949468,602112,-0.00091292366,1.9740852,0.028710937,1215.753188610077
1206.94859994,295,604160,1507.84,11.800145,0.8942568078637123,480,0.0026394564,604160,-0.0038767457,1.9756927,0.023535157,1220.3641557693481
1194.8823979899998,296,606208,1485.89,8.827011,0.9434417635202408,489,0.004551025,606208,-0.0046551162,1.9765177,0.050927736,1224.626182794571
1196.8108588699997,297,608256,1488.87,11.950914,0.8749413639307022,496,0.0036743865,608256,-0.0034293104,1.9866692,0.04477539,1228.8081080913544
1205.5870524299999,298,610304,1499.11,10.429741,0.9176021441817284,484,0.0034209464,610304,-0.0035321317,1.9920549,0.036035158,1232.9315919876099
1201.01120578,299,612352,1486.97,11.34733,0.9173615947365761,458,0.005359748,612352,-0.0053514903,1.9954016,0.050878905,1237.156546831131
1200.8264293900002,300,614400,1478.84,10.1614485,0.9378749430179596,472,0.0032356358,614400,-0.0045781108,1.999464,0.031982422,1241.628582239151
1195.81228873,301,616448,1468.27,6.209388,0.8707587271928787,455,0.007345679,616448,-0.00646774,2.0142863,0.091748044,1245.9646182060242
1202.02414812,302,618496,1470.1,8.730276,0.9098578467965126,473,0.003225255,618496,-0.0022915138,2.030269,0.034277342,1250.4635396003723
1196.2036672000002,303,620544,1452.55,8.792675,0.9329759925603867,482,0.0024712118,620544,-0.0016111428,2.0441658,0.020654297,1254.7933287620544
1190.66117674,304,622592,1432.03,7.122663,0.9284642115235329,468,0.0048202723,622592,-0.0040755766,2.0495868,0.05317383,1259.0370404720306
1191.32768005,305,624640,1428.03,3.6636422,0.9363654404878616,468,0.003813543,624640,-0.002467466,2.0511549,0.04145508,1263.4068322181702
1184.04883002,306,626688,1410.76,8.839034,0.9254324063658714,460,0.0026394615,626688,-0.0043173283,2.0707452,0.025390625,1267.77658867836
1186.40687072,307,628736,1410.11,4.2638936,0.9460892714560032,456,0.0075984634,628736,-0.013009394,2.088322,0.06533203,1272.2220509052277
1189.29394949,308,630784,1404.9,2.875571,0.9802904631942511,476,0.005192646,630784,-0.0052895145,2.0865362,0.062353514,1276.7131831645966
1192.75708038,309,632832,1395.26,7.661002,0.9535464495420456,466,0.0051954477,632832,-0.008031809,2.0835476,0.056005858,1281.014975309372
1191.50903979,310,634880,1388.81,8.515582,0.9446879923343658,477,0.003002,634880,-0.0031656027,2.0807621,0.028027344,1285.4071464538574
1194.01172227,311,636928,1388.81,7.3131876,0.9604427888989449,465,0.0029034535,636928,-0.004374523,2.0953603,0.029882813,1289.6962642669678
1201.4229499,312,638976,1388.81,7.815412,0.9626556411385536,486,0.0039449064,638976,-0.0062717996,2.1113782,0.042773437,1294.0921468734741
1199.64849344,313,641024,1384.07,6.4836326,0.9791456330567598,491,0.0020078477,641024,-0.0032675203,2.114283,0.018603515,1298.3036589622498
1204.3719900499998,314,643072,1383.6,7.455227,0.9579789713025093,471,0.0043986095,643072,-0.008229778,2.1169016,0.04848633,1302.4719905853271
1217.83087573,315,645120,1396.49,10.017602,0.767545685172081,468,0.0060921907,645120,-0.0037582393,2.1278546,0.07529297,1306.8120818138123
1232.14664271,316,647168,1410.57,16.895084,0.4700689911842346,473,0.0034087985,647168,-0.0024302155,2.1249652,0.039208986,1311.1832242012024
1231.02694209,317,649216,1400.64,12.205082,0.8556957989931107,477,0.0033867261,649216,-0.0007659447,2.1197867,0.03330078,1315.5082623958588
1229.5168542600002,318,651264,1394.3,2.0459957,0.9815032240003347,466,0.004419794,651264,-0.0070733475,2.127136,0.04790039,1319.7958347797394
1234.5997087800001,319,653312,1394.3,11.978346,0.648327648639679,476,0.002972848,653312,-0.0009078422,2.1275995,0.02861328,1324.1832699775696
1248.77521071,320,655360,1408.11,18.152157,0.17545872926712036,490,0.005610411,655360,-0.0031988167,2.1302042,0.06645508,1328.4780435562134
1259.2448728699999,321,657408,1418.63,3.0498865,0.9625866673886776,502,0.0029022796,657408,-0.004938145,2.1493955,0.031884767,1332.6546428203583
1258.78639392,322,659456,1415.7,8.5249,0.7892727702856064,472,0.002714317,659456,-0.0021731234,2.1730423,0.027050782,1336.7287328243256
1272.95557351,323,661504,1429.49,18.622051,0.14817124605178833,473,0.0021796175,661504,-0.0016065121,2.1848001,0.0203125,1341.0673186779022
1281.1758193599999,324,663552,1429.49,15.988558,0.298453152179718,490,0.00627398,663552,-0.0040322123,2.1918693,0.072460935,1345.3928956985474
1293.63470483,325,665600,1440.93,22.37665,0.9253052920103073,427,0.0029331201,665600,-0.0026210356,2.1959178,0.028808594,1349.5675911903381
1290.0618620999999,326,667648,1427.31,8.564475,0.9172970429062843,404,0.003823278,667648,0.0005131116,2.1955125,0.03852539,1354.3580996990204
1299.9770823699998,327,669696,1436.98,5.683917,0.9018012136220932,394,0.0044459216,669696,-0.0013170097,2.2057617,0.05234375,1359.4213700294495
1305.27848694,328,671744,1442.11,5.9750776,0.9654076620936394,429,0.0037580044,671744,-0.0051810266,2.2091606,0.042529296,1364.6090595722198
1300.08330385,329,673792,1434.03,5.7380033,0.9766763392835855,468,0.003138277,673792,-0.004590993,2.2115874,0.03305664,1369.3810305595398
1298.4914288,330,675840,1427.91,4.1011233,0.9500703401863575,461,0.0056721065,675840,-0.00506794,2.2118804,0.0671875,1373.7503831386566
1300.6129143,331,677888,1427.91,1.9182141,0.9877096461132169,495,0.004549382,677888,-0.0016563348,2.2074418,0.036816407,1378.189936876297
1306.6873478999998,332,679936,1427.91,19.36382,0.4022146463394165,474,0.0038017002,679936,-8.025375e-05,2.2076662,0.0421875,1382.3200826644897
1318.1260700700002,333,681984,1438.66,5.550761,0.8912617266178131,465,0.0038151436,681984,-0.0040578195,2.206087,0.036865234,1386.6403722763062
1331.85203431,334,684032,1451.91,19.304695,0.15832102298736572,448,0.0037407659,684032,-0.005193626,2.2148736,0.043945312,1391.0421760082245
1339.64491389,335,686080,1459.15,15.551663,0.38876157999038696,439,0.004746095,686080,-0.0035599065,2.230515,0.05258789,1395.6060078144073
1343.7049930499998,336,688128,1459.15,18.787039,0.3329046368598938,463,0.0043164105,688128,-0.0028013545,2.245641,0.04609375,1400.263463973999
1349.3056463599999,337,690176,1461.64,4.6750026,0.9501867033541203,463,0.002284334,690176,-0.0063369474,2.2570205,0.014160156,1404.6778616905212
1357.6012400099999,338,692224,1469.25,18.419765,0.13751155138015747,470,0.002517628,692224,-0.0034137715,2.2742531,0.02368164,1409.0974361896515
1369.57113064,339,694272,1481.07,19.64739,0.015636563301086426,451,0.0029604896,694272,-0.0012988774,2.297722,0.032421876,1413.4487669467926
1383.05795709,340,696320,1494.22,17.223698,0.245478093624115,471,0.0032260045,696320,-0.002933118,2.3146925,0.034277342,1417.9896409511566
1391.16116924,341,698368,1501.2,19.354326,0.07062971591949463,412,0.0035842233,698368,-0.0037318952,2.3399653,0.034326173,1422.3360419273376
1402.6622095000005,342,700416,1510.05,20.02898,-0.0012166500091552734,408,0.0058731167,700416,-0.005699848,2.3710434,0.07700195,1427.3008978366852
1420.93692315,343,702464,1524.55,22.279564,0.7588746845722198,460,0.003962471,702464,-0.0017770261,2.380816,0.042822264,1432.3100321292877
1425.2819165699998,344,704512,1528.44,4.463136,0.9789665229618549,497,0.0029506187,704512,-0.0033763596,2.377641,0.029443359,1436.758812904358
1435.96746103,345,706560,1538.68,16.8177,0.2877040505409241,479,0.0020758654,706560,-0.000990576,2.376448,0.017138671,1440.8782308101654
1439.38972648,346,708608,1541.77,3.79934,0.9424168094992638,410,0.0030219343,708608,-0.0015456595,2.3855798,0.031982422,1445.1503329277039
1447.9818965099998,347,710656,1550.74,1.6413486,0.981821121647954,436,0.0039392826,710656,-0.003280973,2.3908353,0.046142578,1450.144915342331
1458.8492957299998,348,712704,1561.42,13.535955,0.5311773717403412,391,0.0023945486,712704,-0.0018861393,2.3965087,0.025927734,1454.8368587493896
1463.89297718,349,714752,1566.19,3.690475,0.9515307396650314,425,0.0049383948,714752,-0.0036228816,2.4082513,0.05805664,1460.0683290958405
1472.55033904,350,716800,1574.35,16.794027,0.2972568869590759,425,0.0025290784,716800,-0.0009082638,2.412941,0.025683593,1464.8843355178833
1477.8227695899996,351,718848,1579.05,6.494036,0.9132738783955574,453,0.002099991,718848,-0.0016473752,2.4215295,0.017871093,1469.7053265571594
1489.4045422899999,352,720896,1587.94,20.125277,0.0026034116744995117,432,0.0033881583,720896,0.00047442067,2.4327552,0.034570314,1474.2187712192535
1501.3514318999994,353,722944,1598.38,18.577604,0.13256573677062988,442,0.0031443252,722944,-0.0017596704,2.4473557,0.03334961,1478.9576020240784
1514.2968892599997,354,724992,1611.24,17.528986,0.26248908042907715,461,0.0041484283,724992,-0.005154361,2.4630222,0.04863281,1483.5911083221436
1524.4755695899998,355,727040,1619.86,19.359547,0.06741374731063843,363,0.0009291635,727040,-0.00041279467,2.4761558,0.0037109375,1488.0327534675598
1536.64156372,356,729088,1631.71,20.247719,0.0020200610160827637,406,0.0049744686,729088,-0.003168602,2.482499,0.064501956,1493.6617395877838
1544.88024617,357,731136,1639.55,20.294945,-0.001932978630065918,409,0.004056051,731136,-0.0015557677,2.4823363,0.047265626,1498.6957638263702
1551.69036083,358,733184,1645.69,17.159092,0.2738683819770813,405,0.0025160115,733184,-0.0014884924,2.491073,0.0234375,1503.692007303238
1554.6279575099998,359,735232,1645.88,5.355337,0.907923698425293,392,0.0031802044,735232,-0.0028077075,2.5067225,0.03359375,1508.7420229911804
1561.43194795,360,737280,1651.78,2.189883,0.9867636514827609,389,0.0015604135,737280,-0.0006661788,2.5067308,0.00913086,1513.96421957016
1570.65300228,361,739328,1658.35,14.769926,0.44692498445510864,373,0.0056249136,739328,-0.0072172806,2.513597,0.06953125,1519.219881772995
1576.5323683300003,362,741376,1663.84,11.294153,0.7397784292697906,393,0.0025172208,741376,-0.0016605791,2.526579,0.023242187,1524.7045686244965
1584.1388863500001,363,743424,1671.38,19.02186,0.06340456008911133,411,0.0055614803,743424,-0.002844333,2.5260737,0.0690918,1529.9041395187378
1583.8812453500002,364,745472,1671.38,19.35396,0.0701867938041687,404,0.0040566064,745472,-0.0015772557,2.5272846,0.048876952,1534.8859333992004
1587.13591673,365,747520,1673.54,15.052768,0.43626707792282104,402,0.0026965658,747520,-0.00072914374,2.5257773,0.016503906,1539.9532403945923
1599.9260155899997,366,749568,1686.26,8.365719,0.8688231855630875,414,0.0022469624,749568,0.00031807818,2.526057,0.023242187,1545.0415642261505
1610.9652695899997,367,751616,1697.26,19.10667,0.0782427191734314,409,0.0028539994,751616,-0.0010331499,2.5297632,0.02866211,1549.9806625843048
1615.4445942499997,368,753664,1699.85,18.5566,0.1501341462135315,416,0.0017145847,753664,-0.0005230337,2.542663,0.014990235,1554.9869329929352
1622.6568211399995,369,755712,1703.77,20.322433,-0.004876494407653809,408,0.006460586,755712,-0.0041886666,2.555553,0.07919922,1559.90394449234
1626.6054346999997,370,757760,1703.77,17.157505,0.23738765716552734,407,0.004895716,757760,-0.00061919016,2.5570362,0.05644531,1564.9168927669525
1631.3030363299995,371,759808,1704.48,16.7766,0.30226409435272217,410,0.0029574637,759808,0.0010574555,2.5497804,0.025390625,1569.940761566162
1631.8336544200001,372,761856,1704.48,19.155825,0.1033889651298523,386,0.0036996715,761856,-0.0024303244,2.5548139,0.0421875,1574.9357028007507
1636.87801901,373,763904,1709.35,20.256676,0.007859349250793457,413,0.004374656,763904,-0.0024714335,2.5738623,0.04926758,1580.2312648296356
1648.0940780600004,374,765952,1720.38,20.116741,0.14957046508789062,377,0.001751199,765952,-0.0010140365,2.5958047,0.014257813,1585.1887180805206
1659.0600440000003,375,768000,1731.69,3.5506966,0.9538005515933037,391,0.0024386859,768000,-0.0040782243,2.591544,0.021728516,1590.6087839603424
1668.1681125400003,376,770048,1740.92,15.657878,0.419009804725647,360,0.00255576,770048,-0.0020333095,2.5794954,0.021972656,1595.8400707244873
1677.2873414399999,377,772096,1750.11,14.822746,0.44692516326904297,389,0.003760415,772096,-0.0031827553,2.5723374,0.041796874,1601.5291583538055
1677.08736873,378,774144,1750.11,8.646697,0.8085629343986511,389,0.0026851676,774144,-0.0035936225,2.574466,0.030078124,1606.7873194217682
1687.29011774,379,776192,1760.29,16.76945,0.3046022057533264,412,0.0016241319,776192,-0.0010446956,2.5639117,0.009521484,1612.044311761856
1695.66655056,380,778240,1768.51,20.419346,8.738040924072266e-05,422,0.0028869263,778240,-0.0006655589,2.5576968,0.027880859,1617.0107264518738
1696.5248204,381,780288,1769.08,20.288603,0.05234307050704956,402,0.0022802763,780288,-0.0022769242,2.55866,0.020947266,1621.8574056625366
1704.2401363299996,382,782336,1775.42,12.141214,0.6973373889923096,415,0.0020421622,782336,-4.3064218e-05,2.557378,0.012207031,1626.948035955429
1715.9830379599996,383,784384,1786.49,20.32983,0.004546761512756348,420,0.0039371224,784384,-0.00082285126,2.559424,0.04033203,1631.8755769729614
1727.03524131,384,786432,1797.37,19.705956,0.038081467151641846,447,0.00809957,786432,-0.004133963,2.552225,0.12202148,1636.7480368614197
1737.5768795699998,385,788480,1805.92,19.021599,0.1089518666267395,427,0.0019716308,788480,-0.000716911,2.5532298,0.0147949215,1641.3289012908936
1740.77667189,386,790528,1805.92,19.190702,0.09120768308639526,423,0.0023558843,790528,-3.349844e-05,2.5576034,0.020458985,1646.1248548030853
1745.5478602099997,387,792576,1807.22,20.055943,0.025230109691619873,379,0.0033522658,792576,4.3051365e-05,2.5583572,0.03354492,1650.9664316177368
1757.0377215899996,388,794624,1818.06,19.450462,0.052569448947906494,417,0.0022245008,794624,-0.0006374122,2.5649962,0.02060547,1656.3571562767029
1762.9242588499997,389,796672,1823.05,18.662563,0.11981582641601562,429,0.0025643972,796672,-0.00028099873,2.5636253,0.024365235,1661.2618539333344
1771.8321731799997,390,798720,1831.3,19.295113,0.08272457122802734,403,0.0048638517,798720,-0.0014791705,2.566271,0.061279297,1666.0305321216583
1782.6517169600002,391,800768,1841.87,20.461735,-0.006415843963623047,407,0.0022757691,800768,-0.0013142774,2.5772772,0.022460938,1671.111867904663
1784.2448871699996,392,802816,1843.0,20.331808,-0.008432865142822266,419,0.0032346516,802816,-0.0008985496,2.5920653,0.036572266,1676.1406049728394
1795.2182476900002,393,804864,1853.89,17.263779,0.2455672025680542,392,0.0028546439,804864,-0.0028732254,2.5969083,0.029199218,1681.0197491645813
1802.98869458,394,806912,1860.99,15.51903,0.43452006578445435,349,0.0025273338,806912,-0.002196575,2.5934715,0.020068359,1686.2431921958923
1813.54824913,395,808960,1871.44,19.63554,0.05598849058151245,383,0.0024346397,808960,0.0002344917,2.5917506,0.02241211,1692.1065211296082
1822.6346171599998,396,811008,1880.29,20.373041,0.008822143077850342,418,0.004293869,811008,-0.0019269746,2.6023924,0.04975586,1697.4424164295197
1834.3182899800001,397,813056,1891.96,16.529413,0.3676069378852844,370,0.0013262497,813056,-0.00033089198,2.6112351,0.006298828,1702.3405508995056
1840.55274538,398,815104,1897.94,18.851936,0.1272473931312561,343,0.0026031411,815104,-0.0016148615,2.614144,0.023828125,1707.8748316764832
1849.1352641500002,399,817152,1906.08,19.1028,0.09685826301574707,361,0.004294996,817152,-0.0015252088,2.6194053,0.049902342,1713.843304157257
1858.5512681900002,400,819200,1915.21,20.2907,0.002836167812347412,375,0.00248496,819200,-0.00033897208,2.6283996,0.02060547,1719.5139951705933
1865.39515557,401,821248,1921.46,20.183979,0.008114218711853027,437,0.0034643107,821248,-0.00052153994,2.6336038,0.039111327,1724.9749660491943
1871.5813397100003,402,823296,1926.67,20.165861,0.006572365760803223,386,0.0035337363,823296,-0.0006834372,2.6479993,0.039892577,1729.658837556839
1875.95072068,403,825344,1930.64,15.145017,0.38994300365448,371,0.00522598,825344,-0.004301414,2.6617732,0.062841795,1734.9536485671997
1885.13688463,404,827392,1939.12,19.390076,0.07608246803283691,383,0.0024404689,827392,-0.0012797841,2.6637216,0.025097657,1740.4621937274933
1896.4832883099996,405,829440,1949.61,20.308075,-0.011726856231689453,400,0.0027413222,829440,-0.0010909394,2.670606,0.028808594,1745.807135105133
1903.0147488199996,406,831488,1955.79,19.356308,0.06516629457473755,356,0.0040247436,831488,-0.0021721446,2.678282,0.049707033,1750.9242408275604
1904.39796327,407,833536,1955.79,20.075344,0.00932919979095459,363,0.002582006,833536,-0.0012864632,2.6760561,0.024365235,1756.6694660186768
1907.12721569,408,835584,1955.79,19.976559,0.024746239185333252,405,0.0038707226,835584,-0.0007623243,2.6752813,0.0453125,1762.297048330307
1915.0843678200001,409,837632,1960.53,20.040422,0.00861811637878418,392,0.0047047995,837632,-0.0015196886,2.6802022,0.0597168,1767.3534471988678
1917.1751406,410,839680,1961.0,20.116926,0.012956082820892334,364,0.007288127,839680,-0.0031612501,2.682989,0.10087891,1772.5718784332275
1917.66486098,411,841728,1961.0,20.383389,0.0025720596313476562,353,0.008062398,841728,-0.0033633448,2.6888642,0.112011716,1778.1913902759552
1917.8652889899997,412,843776,1961.0,20.02669,0.026140034198760986,371,0.002872244,843776,-3.0592364e-05,2.6879306,0.025097657,1783.9793193340302
1929.0509057699996,413,845824,1971.95,20.414486,-0.0016189813613891602,398,0.00081713696,845824,0.00038258493,2.6892586,0.0035644532,1789.4995107650757
1934.9558608399996,414,847872,1977.41,20.37347,-0.005126595497131348,433,0.0037173037,847872,-0.0010469487,2.711061,0.042333983,1794.637276172638
1942.1103276199997,415,849920,1983.75,20.207455,-0.005189299583435059,427,0.0013509421,849920,9.455276e-05,2.7224643,0.009667968,1799.3597390651703
1942.4659544299998,416,851968,1983.75,20.206394,0.0009465813636779785,423,0.002637846,851968,-0.00037890507,2.730546,0.02421875,1804.1532144546509
1942.7179691299998,417,854016,1983.75,19.992537,0.012761294841766357,431,0.0026034752,854016,-0.0007570648,2.7446637,0.025048828,1808.9877424240112
1947.99227589,418,856064,1988.49,19.454372,0.052518486976623535,410,0.0017254988,856064,-0.0006288612,2.7684596,0.014990235,1813.7331457138062
1951.3825220999997,419,858112,1991.42,19.515448,0.06136578321456909,417,0.0012727405,858112,-0.00024891814,2.7838957,0.0038085938,1818.7220075130463
1951.47781399,420,860160,1991.42,14.0206785,0.5698560178279877,422,0.0022379383,860160,-0.0014974086,2.7906277,0.02109375,1823.6243042945862
1951.93211625,421,862208,1991.42,20.327969,0.00941932201385498,389,0.0039859717,862208,-0.0039645135,2.7885094,0.04399414,1828.4729459285736
1952.41236568,422,864256,1991.42,17.738207,0.20933139324188232,355,0.0015264095,864256,-0.0008523185,2.7854896,0.011816407,1833.730532169342
1962.1829643599997,423,866304,1999.12,11.118528,0.7216720879077911,344,0.002607524,866304,-0.0018547283,2.7840917,0.02451172,1839.4963932037354
1970.4957684000003,424,868352,2007.36,16.455633,0.32564347982406616,387,0.0028761094,868352,-0.0024948397,2.783012,0.027001953,1845.442589044571
1977.28026665,425,870400,2014.04,12.999713,0.5968098938465118,412,0.0038381051,870400,-0.002955452,2.7794545,0.04160156,1850.726114988327
1981.08018559,426,872448,2017.56,19.84412,0.4563552141189575,406,0.0041928324,872448,-0.0016821083,2.7713897,0.04423828,1855.6912150382996
1982.4997652199997,427,874496,2017.56,10.94196,0.9770440328866243,380,0.0017994192,874496,-0.0025454925,2.7573845,0.013232422,1860.7248969078064
1993.5169442599997,428,876544,2025.64,19.634855,0.104495108127594,285,0.0038719852,876544,-0.002734232,2.7556007,0.039453126,1866.1125273704529
1998.7440368799996,429,878592,2030.94,2.7473218,0.9872424071654677,315,0.0017390117,878592,-0.0018584032,2.7693048,0.012353515,1873.2839953899384
1999.9234385399998,430,880640,2030.94,3.811793,0.9598392471671104,264,0.0012578876,880640,-0.000443762,2.7656243,0.006982422,1879.7690515518188
2000.14340601,431,882688,2030.94,20.410751,0.028986692428588867,337,0.0041287392,882688,-0.0022169917,2.7709906,0.050585937,1887.5240609645844
2001.0827309899998,432,884736,2031.93,5.1030526,0.9840428587049246,306,0.0022124075,884736,-0.0015526838,2.7768428,0.017431641,1893.5872910022736
1994.84785531,433,886784,2026.23,18.307934,0.9750103875994682,332,0.0030227038,886784,-0.00209552,2.760672,0.023828125,1900.2639982700348
1994.6416904200003,434,888832,2026.23,6.168521,0.8790836185216904,383,0.003342155,888832,-0.0031527206,2.747826,0.031054687,1906.4207365512848
1995.1797889,435,890880,2026.44,7.528126,0.978678772225976,369,0.0035849877,890880,-0.0055032806,2.725898,0.032324217,1911.7631568908691
1994.7774376300001,436,892928,2026.44,9.337127,0.9782941117882729,353,0.002330732,892928,-0.0018755362,2.6976776,0.018798828,1917.3077330589294
1994.7218935499998,437,894976,2026.44,17.280783,0.23388677835464478,352,0.004815502,894976,-0.002725772,2.6833127,0.057519533,1923.1035883426666
1994.6894307199996,438,897024,2026.44,6.3931227,0.9814214035868645,358,0.0029431323,897024,-0.0017082585,2.663226,0.023828125,1928.9139332771301
1991.7727745299999,439,899072,2023.81,7.6238823,0.9802145529538393,389,0.0039497623,899072,-0.003073535,2.6496675,0.041015625,1934.632060289383
1991.76759181,440,901120,2023.81,18.841707,0.1234549880027771,350,0.0041720984,901120,-0.0042698947,2.6619043,0.043554686,1939.8926892280579
1986.36114904,441,903168,2018.65,2.399488,0.9886032836511731,345,0.0019051682,903168,-0.0022162176,2.6621897,0.013134765,1945.7432262897491
1986.4491094600003,442,905216,2018.6,2.6690183,0.9882654957473278,346,0.0037340329,905216,-0.0024256452,2.6310627,0.03237305,1951.679200410843
1990.0237086500003,443,907264,2019.76,20.057041,0.02075296640396118,385,0.0051630116,907264,-0.0018710376,2.6228664,0.06044922,1957.5957238674164
1989.1398674600005,444,909312,2019.17,4.6545725,0.984543377533555,391,0.0024538194,909312,-0.0021833382,2.618971,0.02109375,1962.9058587551117
1991.7922487400003,445,911360,2021.81,3.894973,0.9503956511616707,412,0.004166444,911360,-0.0012817793,2.6104937,0.042626955,1968.1342949867249
1996.77883696,446,913408,2026.48,18.959896,0.10298740863800049,391,0.0052762907,913408,-0.0015491911,2.6062207,0.05649414,1973.1014335155487
1996.6617176099999,447,915456,2026.48,2.5403266,0.9891264950856566,431,0.0021845656,915456,-0.0010242771,2.6067743,0.020214844,1978.3347654342651
2002.45343412,448,917504,2032.0,14.949045,0.43061673641204834,410,0.0035099715,917504,-0.0011362226,2.6109679,0.038964845,1983.0847754478455
2002.4905972200002,449,919552,2032.0,9.115521,0.7705163508653641,423,0.0055686827,919552,-0.002718491,2.6103623,0.07216797,1988.0777673721313
2003.14526411,450,921600,2032.0,20.392809,0.04555165767669678,391,0.0029866053,921600,-0.00056220446,2.6154876,0.026464844,1992.9114277362823
1998.4657992300001,451,923648,2027.81,4.1720033,0.9873267952352762,405,0.0023345456,923648,-0.0036715895,2.612599,0.020947266,1998.1504895687103
1989.5208653600002,452,925696,2019.07,3.0137303,0.9904017830267549,398,0.0024999161,925696,-0.0018180121,2.5985968,0.021240234,2003.2042965888977
1989.4664989,453,927744,2019.07,17.176569,0.25203508138656616,447,0.004826163,927744,-0.002390788,2.6025147,0.05732422,2008.342443227768
1989.1107258699997,454,929792,2019.07,4.561484,0.9313084930181503,394,0.002853614,929792,-0.0010688766,2.6113336,0.029736329,2012.917522907257
1987.92184039,455,931840,2018.17,1.0866458,0.9941221890039742,419,0.0016177341,931840,0.0007214401,2.607823,0.012060547,2018.1153347492218
1984.5564743599998,456,933888,2015.16,2.5802767,0.988648789934814,379,0.002539379,933888,-0.00093554443,2.6073074,0.02470703,2022.9959619045258
1984.94628753,457,935936,2015.16,20.064861,0.021502971649169922,395,0.005562253,935936,-0.0023296173,2.6053166,0.07070313,2028.3999693393707
1981.5244737699998,458,937984,2011.43,1.1385769,0.9937579673714936,366,0.0068552396,937984,-0.0053721303,2.6011574,0.09140625,2033.5756425857544
1974.5868751299997,459,940032,2004.58,1.2997124,0.9930879059247673,412,0.003811146,940032,-0.0025135889,2.5876694,0.033837892,2039.1635782718658
1974.5924862699999,460,942080,2004.58,1.8316692,0.9903652286157012,450,0.0033755372,942080,-0.002652341,2.5735145,0.036816407,2044.1269154548645
1972.69401109,461,944128,2002.91,0.7092149,0.995152176823467,401,0.0015703475,944128,-0.00054701057,2.5720706,0.012402344,2048.6692497730255
1972.9164933100003,462,946176,2002.91,19.897175,0.6075578331947327,364,0.006459785,946176,-0.0021539559,2.57588,0.07895508,2053.775543451309
1969.9584665099997,463,948224,1999.77,1.5949128,0.9949858719483018,430,0.0039557116,948224,-0.0029975045,2.5774217,0.04453125,2059.4024374485016
1965.8914590099996,464,950272,1996.04,1.0196197,0.9945271969772875,390,0.002333638,950272,-0.0015462777,2.5643606,0.017480468,2064.1625814437866
1964.7350683399998,465,952320,1995.13,1.4399087,0.9920520251616836,432,0.0031499676,952320,-0.003059659,2.5522647,0.03149414,2069.4131803512573
1964.3539656899998,466,954368,1995.13,1.2934629,0.987352816388011,362,0.0051954323,954368,-0.003333031,2.550098,0.06982422,2074.152782678604
1962.3034859199997,467,956416,1993.32,0.9853007,0.9937755549326539,342,0.0029742406,956416,-0.0035297764,2.5483289,0.028710937,2079.8018004894257
1954.43776432,468,958464,1985.48,0.49458408,0.9967670114710927,333,0.005343189,958464,-0.003937089,2.5364518,0.06826172,2085.7809364795685
1954.40413458,469,960512,1985.48,13.194905,0.5665946304798126,323,0.002672899,960512,-0.00027868486,2.5295267,0.024267578,2091.9212896823883
1953.81655546,470,962560,1985.25,0.5952407,0.9957800111733377,316,0.0023260433,962560,-0.0006520343,2.5185666,0.019824218,2098.2509472370148
1953.5294219600003,471,964608,1985.25,4.5017996,0.9282128438353539,333,0.0055307467,964608,-0.007430618,2.5057833,0.07109375,2104.7298152446747
1953.70142923,472,966656,1985.25,16.1545,0.46596622467041016,374,0.0018026198,966656,-0.0007842995,2.501438,0.015673827,2110.87420129776
1947.5223031200003,473,968704,1979.29,1.3246301,0.994647512678057,395,0.0042395843,968704,-0.0039899903,2.4996715,0.05131836,2116.345958709717
1947.8863917,474,970752,1979.29,20.354805,0.00016742944717407227,381,0.005102359,970752,-0.002011786,2.5136201,0.06274414,2121.519927740097
1948.0097914800003,475,972800,1979.29,19.82659,0.03398364782333374,414,0.004351097,972800,0.00080752774,2.5222654,0.046044923,2126.8856739997864
1947.8220004400002,476,974848,1979.29,20.28005,-0.03222620487213135,340,0.0059574423,974848,-0.0045720944,2.5276768,0.07563476,2131.834334373474
1945.4880424100004,477,976896,1977.36,0.5085906,0.9960624724626541,379,0.004245591,976896,-0.0048525184,2.5250626,0.04873047,2137.8513441085815
1945.73985839,478,978944,1977.36,17.309765,0.24578678607940674,380,0.0033020775,978944,-0.0015679231,2.5257347,0.035839844,2143.2504909038544
1939.1433195800003,479,980992,1971.16,0.31483275,0.9973660185933113,372,0.0019867476,980992,-0.0033161484,2.5388494,0.017724609,2148.6286664009094
1939.09014401,480,983040,1971.16,19.691378,0.04373234510421753,395,0.004074344,983040,-0.0009648657,2.546393,0.04501953,2154.12757897377
1939.184556,481,985088,1971.16,20.26791,0.003584444522857666,474,0.0052719833,985088,-0.0029419172,2.551983,0.064208984,2159.311940431595
1938.9817198699998,482,987136,1971.16,3.788445,0.9342982620000839,467,0.00516702,987136,-0.0024017855,2.5546465,0.06044922,2163.6322309970856
1938.9201679099995,483,989184,1971.16,19.87227,0.02085292339324951,461,0.0036856625,989184,-0.0028211125,2.5584142,0.04135742,2168.014033794403
1938.8594909199996,484,991232,1971.16,18.581678,0.13207733631134033,458,0.0040594116,991232,-0.0014143757,2.5676188,0.045996092,2172.453298330307
1938.6825969099998,485,993280,1971.16,12.453231,0.6007756590843201,448,0.0052937125,993280,-0.0031411897,2.5856104,0.064697266,2176.9225764274597
1938.68467133,486,995328,1971.16,19.433895,0.04920893907546997,454,0.0054096514,995328,-0.00027227635,2.601045,0.070166014,2181.4923758506775
1938.63572405,487,997376,1971.16,20.411028,-0.013639450073242188,467,0.0017784765,997376,-0.00028878343,2.5952377,0.017236328,2185.994758605957
1938.1635562699998,488,999424,1971.16,1.6112311,0.9825506266206503,471,0.002387974,999424,0.00018507222,2.585434,0.025439452,2190.3786430358887
