n_updates,policy_loss,value_loss,total_timesteps,approxkl,serial_timesteps,time_elapsed,ep_len_mean,clipfrac,explained_variance,ep_reward_mean,policy_entropy,fps
1,-0.0026954473,37.58869,2048,0.0063954853,2048,2.1457672119140625e-06,255.75,0.076123044,0.4827841520309448,93.97974837499999,3.0697942,426
2,-0.002765996,21.095234,4096,0.0036632977,4096,4.802632093429565,281.0,0.03959961,0.7953955680131912,105.90984076923077,3.0729382,477
3,-0.0055410997,12.365189,6144,0.0046227253,6144,9.096792459487915,407.2857142857143,0.055761717,0.7485023736953735,204.86024828571428,3.0772448,472
4,-0.00091527903,24.70119,8192,0.0031064698,8192,13.43295168876648,384.95238095238096,0.03569336,0.6954489350318909,187.10975533333334,3.0876806,487
5,-0.004357814,19.745295,10240,0.005201087,10240,17.632200479507446,368.6296296296296,0.059765626,0.7505284994840622,174.70322129629628,3.108851,464
6,-0.0035057105,19.220032,12288,0.0048577343,12288,22.038843154907227,355.61764705882354,0.04536133,0.7574127465486526,163.77947061764706,3.118292,455
7,-0.0009176804,13.874135,14336,0.004351699,14336,26.53284192085266,404.0,0.04790039,0.6106778085231781,195.00260742857142,3.113439,442
8,-0.0044190367,11.858202,16384,0.0041216137,16384,31.15870213508606,398.25,0.04033203,0.8653055727481842,189.61499022499999,3.1073036,470
9,-0.003318026,16.569729,18432,0.004011099,18432,35.514071226119995,433.92857142857144,0.044921875,0.7539739012718201,212.5113513095238,3.1173177,444
10,-0.0034704513,19.864162,20480,0.0027830584,20480,40.12229132652283,421.125,0.028857421,0.6799162030220032,202.70112431249996,3.1252909,457
11,-0.0021152296,2.954702,22528,0.0046490915,22528,44.60194706916809,418.85714285714283,0.05234375,0.9399563185870647,200.976006755102,3.1223176,460
12,-0.0029633758,25.999111,24576,0.0045388807,24576,49.05377006530762,437.73214285714283,0.047558594,0.6117572784423828,214.9300044642857,3.1184077,464
13,-0.0066236914,13.627396,26624,0.00435236,26624,53.467997550964355,426.6774193548387,0.045166016,0.8093118369579315,207.03071548387095,3.1091046,458
14,-0.0037896498,7.8724923,28672,0.004410225,28672,57.93708038330078,424.25,0.051953126,0.9249938204884529,205.657866234375,3.098874,449
15,-0.0041473145,24.840824,30720,0.0033205398,30720,62.492650270462036,440.81159420289856,0.03754883,0.7545850723981857,216.80279420289855,3.0990765,448
16,-0.004454609,8.66092,32768,0.003059232,32768,67.05993628501892,438.11267605633805,0.031396486,0.9143286719918251,214.84420736619717,3.1088953,459
17,-0.0069521777,13.318171,34816,0.005075948,34816,71.51997542381287,458.5890410958904,0.057861328,0.8631668388843536,228.69598286301368,3.1093037,456
18,-0.0013768201,16.492085,36864,0.0028262497,36864,76.00717186927795,477.53333333333336,0.031152343,0.7942413538694382,242.10879317333334,3.109453,441
19,-0.0015767061,8.788594,38912,0.004207889,38912,80.64313125610352,498.2105263157895,0.050341796,0.8724858462810516,256.32863226315794,3.114882,453
20,-0.0025945143,22.489424,40960,0.0022141284,40960,85.16296100616455,515.8354430379746,0.019677734,0.810818612575531,268.2951155949367,3.125299,466
21,-0.0040402277,15.746153,43008,0.002680379,43008,89.55594682693481,512.6341463414634,0.024804687,0.8329972177743912,265.68109130487807,3.1345356,450
22,-0.00033568768,15.122264,45056,0.0025322908,45056,94.10393285751343,526.435294117647,0.027246093,0.8483306616544724,274.8714194941177,3.1324716,476
23,-0.0042071533,17.71912,47104,0.0018699011,47104,98.40157127380371,518.8444444444444,0.021044921,0.6927646696567535,269.0115374777778,3.1349847,469
24,-0.0007199058,20.613167,49152,0.0027851642,49152,102.76405191421509,512.8631578947368,0.029589843,0.6050538122653961,263.7584481263158,3.142829,452
25,-0.0035884646,21.69436,51200,0.005106928,51200,107.28781318664551,508.78,0.05078125,0.7779723107814789,260.29463930000003,3.1297507,455
26,-0.0037949376,15.089706,53248,0.0037535988,53248,111.8004834651947,513.36,0.03955078,0.7311463952064514,262.47188249000004,3.1278076,471
27,-0.004412448,17.889172,55296,0.0039222105,55296,116.1490216255188,518.85,0.038476564,0.8495494723320007,265.0206091,3.1301942,470
28,-0.009609137,8.430142,57344,0.0051127886,57344,120.5016131401062,534.85,0.061035156,0.9415722601115704,276.75677588,3.135345,450
29,-0.0041093854,10.802921,59392,0.0055724913,59392,125.04387307167053,534.85,0.068310544,0.8248309195041656,274.98087814,3.1442325,465
30,-0.0018991211,8.888442,61440,0.0046009617,61440,129.44169521331787,550.65,0.053857423,0.902156189084053,286.82683099,3.1390634,456
31,-0.00513322,4.3830476,63488,0.003365875,63488,133.92516207695007,550.72,0.03881836,0.9538051933050156,286.74850295,3.1361804,457
32,-0.0025931348,17.038,65536,0.0077821054,65536,138.40413689613342,567.86,0.08266602,0.859041765332222,298.72740268,3.1321557,463
33,-0.0022220232,8.749487,67584,0.0040549343,67584,142.82381916046143,584.85,0.04511719,0.8894819393754005,310.06995092,3.1234381,440
34,-0.003683292,23.353342,69632,0.003745135,69632,147.47551441192627,602.89,0.04086914,0.748930037021637,320.82766656,3.1215134,454
35,-0.002358589,11.429552,71680,0.0035098721,71680,151.9824240207672,620.25,0.038134765,0.8352095484733582,331.89120141,3.1355968,444
36,-0.006079497,13.363154,73728,0.0043354575,73728,156.59447693824768,637.61,0.0515625,0.9000962302088737,343.3009402,3.1355882,457
37,-0.0069291233,19.841434,75776,0.0069591654,75776,161.07144904136658,639.38,0.07714844,0.43998485803604126,343.36715315999993,3.125793,471
38,-0.0022816623,7.514346,77824,0.0022352175,77824,165.4175524711609,622.32,0.021435548,0.9308506175875664,331.88969486,3.1116002,438
39,-0.0010078729,14.177183,79872,0.003631162,79872,170.09075951576233,638.74,0.041992188,0.9018320217728615,342.23787927000006,3.1062346,435
40,0.0004525041,11.859999,81920,0.006327613,81920,174.7986354827881,655.01,0.07148437,0.6945350468158722,351.95560487,3.106267,420
41,-0.0020780743,5.9586287,83968,0.0027551956,83968,179.66654229164124,668.84,0.031054687,0.9243685603141785,361.76106072999994,3.1105099,440
42,-0.0037355137,9.414631,86016,0.005629815,86016,184.32177901268005,668.84,0.064941406,0.833623543381691,360.8850063199999,3.1185262,422
43,-0.0037875555,10.066673,88064,0.003238232,88064,189.17305660247803,686.87,0.034716796,0.8074003010988235,373.1149169899999,3.121222,470
44,-0.0016681211,11.262212,90112,0.0037251324,90112,193.5264027118683,704.05,0.039697267,0.9049714431166649,385.33512111,3.11632,450
45,-0.0046218345,8.895952,92160,0.004884866,92160,198.07548666000366,721.03,0.058447264,0.876344121992588,397.0905127,3.1108522,457
46,-0.004525484,15.199742,94208,0.0057661445,94208,202.5512204170227,741.87,0.06967773,0.7508175820112228,410.31624477,3.109825,438
47,-0.0025829806,11.420966,96256,0.0033685253,96256,207.22047972679138,734.52,0.03769531,0.9116319045424461,403.57067369000004,3.1212277,466
48,-0.0022179345,7.880864,98304,0.0030431955,98304,211.60716009140015,734.47,0.030712891,0.9398881904780865,403.10189271999997,3.1293693,436
49,-0.0024747676,24.39993,100352,0.002808417,100352,216.29998993873596,751.35,0.030126953,0.7872738242149353,413.40751815000004,3.1239011,426
50,-0.0058879503,5.767476,102400,0.005702571,102400,221.0988187789917,751.42,0.06137695,0.946061234921217,413.21989173,3.119583,427
51,-0.00010152332,29.769629,104448,0.00256318,104448,225.89605689048767,752.34,0.028320312,0.5283629596233368,412.00450584000004,3.1135354,427
52,-0.0046964213,11.801989,106496,0.003667339,106496,230.6826195716858,752.76,0.0421875,0.8672285228967667,412.13535738999997,3.119813,464
53,-0.005173002,17.837523,108544,0.004889964,108544,235.0877206325531,753.63,0.054638673,0.8430555611848831,411.36616026000013,3.1206758,451
54,-0.0020494668,7.682954,110592,0.004378312,110592,239.62898087501526,735.83,0.04863281,0.9341197311878204,398.94510775000003,3.1158285,467
55,-0.0020888008,9.93908,112640,0.0042853677,112640,244.01114058494568,753.43,0.050048828,0.7784365862607956,409.87405080999997,3.1082063,406
56,-0.0036127463,25.8355,114688,0.0045110844,114688,249.04587268829346,730.69,0.05,0.6085411012172699,392.54715668999995,3.1052,433
57,-0.002970901,18.489033,116736,0.00266638,116736,253.76906561851501,712.42,0.029052734,0.6511833369731903,380.01913581,3.1076968,474
58,-0.00072734244,16.741365,118784,0.0031938455,118784,258.0885694026947,712.1,0.032324217,0.6502926051616669,379.79544481,3.1094234,398
59,-0.002765847,19.674025,120832,0.002204404,120832,263.2228443622589,729.25,0.023388673,0.6613750457763672,390.7191530599999,3.1098084,470
60,-0.0034961165,13.164246,122880,0.0068499707,122880,267.57909893989563,744.56,0.08540039,0.8633602261543274,400.26186005999995,3.1158242,434
61,1.58543e-05,10.822587,124928,0.003630728,124928,272.2918529510498,760.77,0.041015625,0.7548049092292786,409.97285613,3.1165266,426
62,-0.0013100442,10.82263,126976,0.004557915,126976,277.0950195789337,772.67,0.053955078,0.6952628195285797,416.57259676,3.117159,391
63,-0.0054549943,19.233892,129024,0.0047524916,129024,282.33336353302,772.39,0.059667967,0.5687243342399597,416.52253139,3.1193764,455
64,0.00071796944,7.5924873,131072,0.005757624,131072,286.82538080215454,789.41,0.06660156,0.8224534690380096,426.8659223,3.1279657,395
65,-0.004295283,6.5494537,133120,0.0060234284,133120,292.00357818603516,791.17,0.07138672,0.8851066306233406,427.8845212000001,3.1308281,421
66,-0.0027475164,15.899304,135168,0.0037298736,135168,296.8663589954376,815.59,0.04272461,0.8285244107246399,443.31108046,3.1369917,469
67,-0.0038631628,11.275129,137216,0.0049745794,137216,301.23297691345215,829.45,0.0647461,0.8381639420986176,452.95628174000007,3.1490052,455
68,-0.0020198207,6.984815,139264,0.0028564285,139264,305.7256417274475,846.7,0.028222656,0.9173605144023895,465.19488943000005,3.142023,469
69,-0.0033184409,14.516751,141312,0.0027227146,141312,310.0877203941345,866.22,0.02470703,0.8671235293149948,478.17760147,3.1304975,449
70,-0.0018599223,9.781202,143360,0.0026642506,143360,314.6437032222748,865.15,0.029199218,0.9143468961119652,477.0869063099999,3.1285913,447
71,-0.0026798747,11.859364,145408,0.0028327932,145408,319.2239351272583,882.46,0.029589843,0.865441158413887,489.96498758999996,3.1295173,465
72,-0.004645504,15.69247,147456,0.0042160964,147456,323.6256351470947,858.81,0.046435546,0.821927860379219,471.07653185000004,3.1286774,481
73,-0.0025708736,21.993603,149504,0.0020493497,149504,327.8821487426758,809.05,0.01796875,0.19106870889663696,436.7241069600001,3.1281161,472
74,-0.004480864,6.011365,151552,0.0060679447,151552,332.2166337966919,812.25,0.064013675,0.8633877038955688,438.3343531400001,3.1308007,416
75,-0.0055578975,22.497694,153600,0.0028171693,153600,337.13712978363037,815.21,0.030664062,0.7365078032016754,440.40562379000005,3.1291134,453
76,-0.002759684,11.243201,155648,0.0064190878,155648,341.6570711135864,815.21,0.07358398,0.814898893237114,439.55987115999994,3.1323934,439
77,-0.0021442804,12.576081,157696,0.007970083,157696,346.3191418647766,832.39,0.08847656,0.8711851090192795,450.07019318,3.1410031,430
78,-0.0032148876,7.169094,159744,0.0044055437,159744,351.07997274398804,849.57,0.053515624,0.8582013547420502,460.61129417999996,3.155273,430
79,-0.0011668422,10.5429735,161792,0.0049207583,161792,355.8400113582611,866.81,0.056591798,0.8126354515552521,471.60145448,3.1532633,422
80,-0.0077145086,6.7720246,163840,0.005087596,163840,360.68942379951477,867.19,0.060302734,0.8954487890005112,471.93462071,3.1724868,438
81,-0.004708887,14.3651905,165888,0.0030728518,165888,365.36280632019043,884.63,0.032324217,0.8135775774717331,483.0916956000001,3.185947,438
82,-0.002691446,9.789743,167936,0.004280039,167936,370.0393509864807,901.91,0.04736328,0.8395585715770721,494.46002915,3.1919184,455
83,-0.0032219272,23.924847,169984,0.0033531568,169984,374.540723323822,882.55,0.035839844,0.7862564921379089,483.7812262000001,3.192453,459
84,-0.0034715687,12.52375,172032,0.004351488,172032,378.9994876384735,869.08,0.045947265,0.7429228127002716,474.2954727000001,3.1856513,397
85,-0.0013453627,21.53229,174080,0.002145669,174080,384.1540277004242,824.39,0.021533202,0.6699080765247345,442.04360814,3.1885202,469
86,-0.0017201103,17.919529,176128,0.0025980184,176128,388.5193464756012,803.66,0.02861328,0.8241609632968903,429.15193199000004,3.197595,472
87,-0.0065055317,20.510942,178176,0.007112995,178176,392.85463643074036,810.19,0.07729492,0.8082066923379898,433.49829482999996,3.2039807,434
88,-0.006423672,12.481079,180224,0.0059588733,180224,397.5720818042755,807.43,0.07993164,0.7494432628154755,432.18275291,3.2194557,424
89,-0.0020303181,17.73286,182272,0.0013549954,182272,402.3926680088043,809.93,0.0107421875,0.8140808641910553,434.02151602,3.2217555,462
90,-0.0037649306,17.225578,184320,0.005500558,184320,406.8187654018402,810.39,0.067675784,0.7683783173561096,434.40201698,3.2163835,403
91,-0.0016137932,16.702894,186368,0.0022593434,186368,411.89508867263794,814.72,0.022802735,0.8282374292612076,438.39206887,3.216891,466
92,-0.0034703873,11.803434,188416,0.0022589942,188416,416.28361678123474,793.25,0.021728516,0.9150061681866646,425.85690952,3.2185688,462
93,-0.00365069,12.497995,190464,0.0040571885,190464,420.71612644195557,810.68,0.050439455,0.8568007498979568,438.18983141999996,3.2221942,468
94,-0.00352806,19.231468,192512,0.0040871296,192512,425.0874435901642,811.89,0.047167968,0.8162414133548737,440.48108258,3.223621,464
95,-0.0033467636,4.7777667,194560,0.002544436,194560,429.494140625,793.94,0.025537109,0.9422267861664295,429.67800831000005,3.2211232,447
96,-0.0029223617,18.967678,196608,0.0021066167,196608,434.06837940216064,822.13,0.022070313,0.8561113327741623,449.16661547,3.2264938,460
97,-0.0026637865,4.6054544,198656,0.002602416,198656,438.51756715774536,835.58,0.027392577,0.9459917657077312,458.03721228,3.239368,478
98,-0.002582022,10.052535,200704,0.0020286173,200704,442.8014385700226,851.96,0.017138671,0.8710920363664627,467.95571283,3.239965,478
99,-0.004367395,17.39224,202752,0.0025776958,202752,447.0862603187561,855.75,0.028271485,0.7614412903785706,470.71909332,3.2381332,478
100,-0.0037773848,5.345978,204800,0.0045750975,204800,451.36995911598206,848.13,0.049121093,0.9295187890529633,466.14778664,3.2326908,474
101,-0.0013226813,17.20418,206848,0.003022307,206848,455.6845564842224,868.24,0.030761719,0.8317975103855133,479.8583055900001,3.2204792,476
102,-0.0034231003,5.086564,208896,0.0035148244,208896,459.97951078414917,878.07,0.03413086,0.9509051404893398,487.25676846000005,3.2084057,450
103,-0.004353895,13.684877,210944,0.0074706525,210944,464.52199721336365,877.2,0.07856445,0.8326709419488907,487.89157759999995,3.2030075,457
104,-0.00111713,17.483612,212992,0.0027677114,212992,468.99594712257385,860.37,0.02446289,0.7926645576953888,479.3531517300001,3.2048573,429
105,-0.0064847777,4.251324,215040,0.004712821,215040,473.7696490287781,861.48,0.053857423,0.9448125809431076,480.0436353300001,3.201736,465
106,-0.0024593724,13.606755,217088,0.0033757936,217088,478.1667401790619,882.98,0.04067383,0.8528393507003784,494.85629677000003,3.1987832,445
107,-0.0027052783,15.308611,219136,0.004285485,219136,482.76519298553467,900.12,0.05,0.8391347676515579,507.2814750900001,3.2037785,485
108,-0.0049466738,15.979277,221184,0.004931275,221184,486.98498582839966,900.08,0.06313477,0.8110887259244919,508.99070695,3.2171135,464
109,-0.0030937959,10.131327,223232,0.009603096,223232,491.39592242240906,900.08,0.11074219,0.7536782920360565,509.17722150000003,3.2466626,453
110,-0.0033514113,5.011374,225280,0.0030819145,225280,495.91636538505554,894.82,0.03305664,0.9436374604701996,506.01706162000005,3.2663357,469
111,-0.003149083,14.7217,227328,0.0030773454,227328,500.27572441101074,898.48,0.03618164,0.8419186770915985,510.05191525000004,3.2718482,465
112,-0.0018456085,17.7308,229376,0.0024118961,229376,504.6749460697174,877.83,0.02421875,0.8028358221054077,495.87998876999995,3.2721524,458
113,-0.003958832,14.55764,231424,0.0033248935,231424,509.1397876739502,853.1,0.038134765,0.861287921667099,477.14910684999995,3.2684445,462
114,-0.003984974,14.493634,233472,0.0045176595,233472,513.5729444026947,857.22,0.05239258,0.8635066002607346,481.3751963500001,3.257833,438
115,-0.0032204587,15.128758,235520,0.0051874933,235520,518.2463028430939,870.33,0.058886718,0.773868590593338,490.79037799,3.2448597,434
116,-0.0028883566,10.7476015,237568,0.005390818,237568,522.9652593135834,887.39,0.056103516,0.7648640722036362,501.87561434,3.245792,430
117,-0.00021612686,11.95526,239616,0.0046044667,239616,527.7213654518127,904.32,0.055273436,0.7737920433282852,513.57425231,3.2397408,463
118,-0.0011401039,16.270325,241664,0.0018315049,241664,532.1421537399292,894.53,0.013476563,0.8550204485654831,508.34060473000005,3.2205753,488
119,-0.004320463,12.3647175,243712,0.0047884095,243712,536.3357799053192,911.74,0.055908203,0.8082550168037415,520.22748596,3.2125118,449
120,-0.002995478,7.824004,245760,0.0027873244,245760,540.8943655490875,897.78,0.027978515,0.9110346883535385,511.73421058,3.2083874,478
121,-0.003958706,13.039564,247808,0.004629229,247808,545.175416469574,897.78,0.05356445,0.8300307393074036,514.05485285,3.1987514,439
122,-0.0021181346,9.430629,249856,0.0041869176,249856,549.8332626819611,914.87,0.047509767,0.8524319976568222,526.0212809999999,3.1919477,464
123,-0.0021365713,12.485937,251904,0.0029572598,251904,554.240639925003,932.0,0.02890625,0.8167026489973068,538.8567311099999,3.1922326,472
124,-0.0067717703,8.89313,253952,0.0057658846,253952,558.5764541625977,932.0,0.07084961,0.8879038766026497,541.4870136799999,3.1918879,460
125,-0.0044256086,13.492581,256000,0.0052133123,256000,563.0230093002319,932.0,0.058544923,0.8064299374818802,542.7121229399999,3.1962256,472
126,-0.002845102,12.056762,258048,0.0036998573,258048,567.3628916740417,948.77,0.038671874,0.8215337544679642,554.7300563800001,3.1934524,462
127,-0.003976562,13.194252,260096,0.0052858894,260096,571.7905402183533,945.76,0.05292969,0.8548207879066467,554.86716605,3.1920807,459
128,-0.0036585727,9.268118,262144,0.0055829296,262144,576.2488443851471,945.76,0.06933594,0.8571514785289764,555.4055137700001,3.1879013,472
129,-0.002752327,17.389273,264192,0.006985309,264192,580.5811991691589,947.19,0.0803711,0.8008212298154831,555.73948134,3.1981862,456
130,-0.0062403046,6.343246,266240,0.005026754,266240,585.064150094986,948.41,0.06523438,0.8915097787976265,556.6237040499999,3.2183316,474
131,-0.0037007078,13.072714,268288,0.0037035686,268288,589.3805766105652,945.56,0.03461914,0.8892917856574059,557.5870475300001,3.2363567,475
132,-0.0021416966,34.3376,270336,0.0032734084,270336,593.6865949630737,953.16,0.039355468,0.7742143720388412,566.93890143,3.2499185,488
133,-0.003748192,19.916092,272384,0.0027613207,272384,597.8757905960083,938.94,0.030712891,0.8113509118556976,557.6414277199999,3.2473168,472
134,-0.0021136547,8.79225,274432,0.0036275038,274432,602.2115428447723,956.95,0.037988283,0.8745270669460297,570.01529957,3.2455986,456
135,-0.0051616756,28.195744,276480,0.0046479814,276480,606.7029819488525,953.72,0.053222656,0.8116926699876785,569.51120191,3.2427235,465
136,-0.003057699,5.3651204,278528,0.0036977609,278528,611.1003727912903,968.75,0.043164063,0.9207596108317375,579.93103608,3.253186,472
137,-0.005118829,14.430542,280576,0.0062424773,280576,615.4334156513214,966.88,0.070166014,0.8482416868209839,580.52776582,3.2683372,461
138,-0.0016031831,13.015863,282624,0.0076074535,282624,619.8723669052124,983.79,0.07304688,0.7416996359825134,591.40528741,3.2717834,468
139,-0.0050665876,6.1136904,284672,0.003996101,284672,624.241295337677,983.96,0.046044923,0.8870894983410835,591.4313827100001,3.2637935,466
140,-0.0051999087,18.964981,286720,0.0036189805,286720,628.6298580169678,1002.93,0.041259766,0.8281570822000504,603.3609515200001,3.2664104,450
141,-0.0039723106,8.802716,288768,0.0042242794,288768,633.1809709072113,1014.15,0.053613283,0.844945877790451,612.60572027,3.274453,476
142,-0.0035895244,14.2694645,290816,0.004515103,290816,637.4778552055359,1030.95,0.05390625,0.7810674756765366,624.46700047,3.2715163,446
143,-0.0038870133,16.071575,292864,0.0048074345,292864,642.0627782344818,1052.43,0.0546875,0.8394437432289124,639.9209868,3.280003,456
144,-0.0050885975,9.851513,294912,0.004766931,294912,646.5451362133026,1073.41,0.0484375,0.8967768549919128,654.4167273899999,3.2923036,462
145,-0.0052253087,6.582158,296960,0.0050408267,296960,650.9769108295441,1065.74,0.05644531,0.9067351818084717,649.62802491,3.2983613,455
146,-0.0027008448,8.2455845,299008,0.003969875,299008,655.474869966507,1080.74,0.046142578,0.8919558301568031,660.3638095199999,3.3055692,476
147,-0.0011024246,13.073885,301056,0.0026716106,301056,659.7776274681091,1080.74,0.029150391,0.8435504585504532,660.91448263,3.3066802,466
148,-0.006519875,18.174906,303104,0.0060590906,303104,664.1702702045441,1106.5,0.06928711,0.8349836021661758,679.3600566199998,3.3098412,469
149,-0.0034204372,11.703975,305152,0.0034863725,305152,668.5318686962128,1124.45,0.03803711,0.8508314490318298,692.1838272699999,3.317569,467
150,-0.0059295404,14.28261,307200,0.0041299523,307200,672.912873506546,1115.36,0.046972655,0.8119324743747711,684.13184576,3.3202777,472
151,-0.006896657,28.713486,309248,0.003953607,309248,677.2457945346832,1084.44,0.04399414,0.45644283294677734,664.9610669099998,3.329268,479
152,-0.0025969227,15.69592,311296,0.0022295322,311296,681.5174970626831,1086.58,0.022021484,0.8316203504800797,667.0850758700002,3.3324227,489
153,-0.0038999834,11.227307,313344,0.005345761,313344,685.7048137187958,1103.57,0.06196289,0.7967829257249832,678.9785980800001,3.314115,479
154,-0.0028886714,13.771011,315392,0.003522817,315392,689.9768462181091,1091.73,0.040380858,0.8444584906101227,670.97041278,3.302084,475
155,-0.0052493634,21.654173,317440,0.003451715,317440,694.2871007919312,1061.54,0.040380858,0.8147385120391846,650.65117747,3.3096414,466
156,-0.0028830438,5.008667,319488,0.0034186512,319488,698.6753032207489,1072.52,0.03359375,0.9349945560097694,658.22845598,3.3138015,460
157,-0.0036105774,20.027197,321536,0.004678541,321536,703.1204948425293,1068.61,0.055419922,0.8162849694490433,656.3165151,3.3186958,457
158,-0.0024911924,23.203228,323584,0.0019540437,323584,707.5937902927399,1053.09,0.019042969,0.783285066485405,645.52596153,3.3317585,494
159,-0.0016641229,14.331053,325632,0.0031240007,325632,711.737414598465,1043.74,0.033837892,0.8855407536029816,639.43388018,3.340041,480
160,-0.0015783899,23.973951,327680,0.0029657143,327680,715.9990215301514,992.97,0.031884767,0.6808703541755676,604.94506722,3.3536408,482
161,-0.0022743146,31.174383,329728,0.0024249342,329728,720.2413365840912,967.6,0.023242187,0.41750621795654297,588.63468823,3.357977,491
162,-0.0060808295,2.9792216,331776,0.007103807,331776,724.4077486991882,966.35,0.083300784,0.9561735652387142,587.8495836000001,3.3645158,467
163,-0.0016230065,28.70662,333824,0.0016733287,333824,728.7920386791229,931.13,0.015039062,0.7633288353681564,565.09948929,3.3648667,473
164,-0.00065275683,12.56894,335872,0.0065533808,335872,733.1221489906311,937.41,0.07446289,0.8254833221435547,568.91609393,3.3708282,440
165,-0.0033779282,16.758015,337920,0.0059292642,337920,737.7694354057312,935.48,0.06977539,0.7801849544048309,567.1924565099999,3.3801448,445
166,-0.0011036118,11.974554,339968,0.0035348614,339968,742.3625626564026,951.59,0.040136717,0.7559040039777756,578.3731311099999,3.3857207,464
167,-0.00400645,9.598658,342016,0.0053744833,342016,746.7699909210205,951.59,0.06362305,0.8003644198179245,578.33014971,3.3792806,455
168,-0.0031226603,29.099552,344064,0.0029651353,344064,751.2689628601074,849.27,0.031542968,0.646497368812561,504.78591199000005,3.3760238,479
169,-0.002930623,36.956623,346112,0.0023246426,346112,755.5397708415985,777.32,0.022998046,0.41679054498672485,454.88512018,3.3790889,481
170,-0.003864718,24.80379,348160,0.003001709,348160,759.7963716983795,775.25,0.029833984,0.6145885288715363,452.39476753,3.371579,463
171,-0.0025716112,11.045368,350208,0.0068489797,350208,764.2196207046509,790.99,0.079638675,0.7291720509529114,463.90683194999997,3.3665137,472
172,-0.0040664757,25.250597,352256,0.0041909073,352256,768.5589666366577,758.67,0.052197266,0.5801603198051453,441.30088929000004,3.3781765,480
173,-0.0030733147,25.226444,354304,0.003575169,354304,772.8247640132904,695.42,0.034863282,0.5829886198043823,397.9172113899999,3.3773499,477
174,-0.0041989796,14.505114,356352,0.004247023,356352,777.1177036762238,658.89,0.043164063,0.8467304855585098,371.28425243,3.3686814,480
175,-0.004297378,20.745136,358400,0.0034982425,358400,781.3801999092102,635.96,0.0418457,0.7839760780334473,353.67892720000003,3.3738675,470
176,-0.003847658,17.461359,360448,0.002472565,360448,785.732115983963,579.2,0.023583984,0.795064702630043,311.60762502,3.3800888,474
177,-0.002887222,17.294624,362496,0.0027357298,362496,790.0514571666718,549.76,0.02602539,0.7996047735214233,291.24984069000004,3.3693452,485
178,-0.002733088,10.386326,364544,0.004939587,364544,794.2714865207672,567.54,0.04941406,0.88779366761446,303.35054948,3.3622234,464
179,-0.0026963563,9.894314,366592,0.0045593632,366592,798.6812987327576,583.48,0.054003906,0.8912108689546585,316.16303492,3.358088,460
180,-0.0018001224,16.564775,368640,0.0041691177,368640,803.1273560523987,575.9,0.043603517,0.7182812392711639,310.75360831,3.3604703,480
181,-0.007180774,8.025686,370688,0.004163297,370688,807.393257856369,568.13,0.04663086,0.8923497051000595,305.82323844999996,3.360876,448
182,-0.0017096782,12.33581,372736,0.0037347558,372736,811.9640758037567,577.09,0.043847658,0.799941822886467,311.83291228999997,3.361461,473
183,-0.009540305,13.213087,374784,0.0059792404,374784,816.2924630641937,575.29,0.06274414,0.8758037239313126,310.63922843999995,3.3666446,469
184,-0.0037036035,14.194264,376832,0.004194106,376832,820.6588807106018,595.15,0.047265626,0.7514205574989319,324.69732984,3.3638015,477
185,-0.0059620333,3.7898052,378880,0.005321334,378880,824.9505155086517,593.33,0.058447264,0.9390836022794247,323.49785950999996,3.349043,467
186,-0.00034441665,10.042164,380928,0.005508813,380928,829.3277771472931,593.33,0.063769534,0.8223175704479218,323.14973498,3.354303,481
187,-0.0044164453,12.128812,382976,0.006051861,382976,833.5844969749451,610.16,0.07285156,0.6967601180076599,335.6107131700001,3.358087,457
188,-0.0012673687,13.409282,385024,0.004315335,385024,838.0577282905579,613.16,0.04799805,0.8369222432374954,337.37105886000006,3.3693032,481
189,-0.0017185066,7.3600135,387072,0.0030739338,387072,842.3132638931274,624.43,0.030078124,0.9187673255801201,345.83583450000003,3.3683503,489
190,-0.0038274922,10.287948,389120,0.0040493202,389120,846.4974422454834,641.52,0.04609375,0.8465259671211243,357.87807074000006,3.3649898,475
191,-0.0032411143,11.736467,391168,0.0040964563,391168,850.8062300682068,658.34,0.043359376,0.7419865429401398,369.95545218000007,3.3646603,469
192,-0.0015336329,9.204107,393216,0.0054897876,393216,855.1677153110504,666.47,0.05913086,0.8771093413233757,375.95096930000005,3.356464,482
193,-0.0058943057,11.423426,395264,0.005031178,395264,859.4138503074646,682.67,0.055615235,0.7499336302280426,387.09579465,3.3494065,483
194,-0.0037578344,18.918842,397312,0.0042629223,397312,863.6544613838196,701.76,0.04526367,0.7998037487268448,400.70344126000003,3.3450916,473
195,-0.002898842,9.702209,399360,0.0038846612,399360,867.9808006286621,701.26,0.039990235,0.9051285907626152,400.16794339000006,3.3363137,472
196,-0.003921623,34.106415,401408,0.003759948,401408,872.3188195228577,721.26,0.039746094,0.6317784786224365,414.86793711000007,3.3349137,463
197,-0.004376552,16.718647,403456,0.0047362237,403456,876.7342882156372,704.96,0.050488282,0.8539531379938126,403.52406235999996,3.3351357,458
198,-0.0054952465,14.504318,405504,0.005403281,405504,881.1998882293701,723.87,0.060253907,0.8838077187538147,418.08025833999994,3.330445,447
199,-0.0058668433,13.953911,407552,0.0054436703,407552,885.7754111289978,740.86,0.069042966,0.7761950790882111,431.54040587000003,3.328582,450
200,-0.0043856436,6.9099436,409600,0.0034575947,409600,890.3203015327454,747.63,0.03803711,0.905587799847126,436.19040886000005,3.335362,456
201,-0.0034087922,21.836628,411648,0.0025802383,411648,894.8092758655548,730.95,0.02861328,0.7423996031284332,425.81322712,3.3392944,466
202,-0.006813048,4.3349314,413696,0.0045589507,413696,899.1996777057648,719.91,0.0546875,0.9150311350822449,418.29436837000003,3.3465924,487
203,-0.0041501494,19.199835,415744,0.0044895164,415744,903.397545337677,720.2,0.04848633,0.8259863555431366,418.7914482100001,3.351736,461
204,-0.0029801552,15.554316,417792,0.0028600504,417792,907.8372309207916,737.21,0.029736329,0.8494343459606171,431.57267049,3.3633475,457
205,-0.003388103,14.088582,419840,0.003795276,419840,912.3175029754639,757.21,0.044042967,0.8504053503274918,446.23311817999996,3.383327,457
206,-0.0023319703,10.3555565,421888,0.0044674976,421888,916.7988216876984,775.19,0.054638673,0.7773326486349106,459.32094245,3.389449,483
207,-0.0043946593,21.70069,423936,0.004507188,423936,921.031769990921,781.55,0.04477539,0.7215209901332855,462.80168745,3.3784041,488
208,-0.003731093,17.688147,425984,0.005160585,425984,925.2284212112427,791.38,0.06411133,0.8062659502029419,469.13042563000005,3.3733056,487
209,-0.0019799129,10.55873,428032,0.0038114805,428032,929.4267566204071,809.3,0.044921875,0.7322759926319122,481.19167453999995,3.3804202,481
210,-0.0024146505,12.54154,430080,0.004240411,430080,933.6800825595856,826.89,0.049121093,0.8731143623590469,494.46134010000003,3.379741,451
211,-0.0020009705,24.47233,432128,0.0023769983,432128,938.2171566486359,815.13,0.02211914,0.5692431330680847,485.20100467000003,3.3795276,457
212,-0.004597568,10.925867,434176,0.0049487017,434176,942.6904146671295,833.26,0.058642577,0.7898866832256317,498.23210119,3.3956711,484
213,-0.0037142453,9.785235,436224,0.004139224,436224,946.9158935546875,838.6,0.048291016,0.83969347178936,501.9589549,3.4171302,471
214,-0.007327492,24.340849,438272,0.004056667,438272,951.2568483352661,858.5,0.048535157,0.7781483232975006,516.0801635500001,3.4286752,483
215,-0.002644765,19.055408,440320,0.004477068,440320,955.4932053089142,862.49,0.053710938,0.782539501786232,518.69249641,3.433778,479
216,-0.002416229,7.6528955,442368,0.0030280314,442368,959.7688145637512,864.8,0.032958984,0.8901393488049507,520.20120072,3.4280465,467
217,-0.0046861256,14.693288,444416,0.0043406496,444416,964.1478543281555,888.57,0.04814453,0.8441084772348404,537.15463549,3.425242,465
218,-0.0021108268,7.9927073,446464,0.0043258537,446464,968.5452697277069,906.53,0.051074218,0.8155687004327774,549.57553133,3.4218936,462
219,-0.0034733848,13.542514,448512,0.004689592,448512,972.9739241600037,923.44,0.053613283,0.6986627280712128,561.7754766200001,3.4173195,486
220,-0.0020868997,11.67375,450560,0.0042031845,450560,977.1861791610718,928.85,0.05024414,0.7576927989721298,565.83515802,3.4308028,455
221,-0.0018892878,10.211678,452608,0.0035029254,452608,981.682421207428,942.76,0.03569336,0.7365060746669769,576.16246268,3.4372869,452
222,-0.0040424033,14.421425,454656,0.004790284,454656,986.2087018489838,959.69,0.05317383,0.8543503433465958,588.87115853,3.4229076,479
223,-0.0020319612,6.847912,456704,0.003967032,456704,990.4815146923065,971.05,0.04160156,0.8965460136532784,597.29060925,3.4095879,484
224,-0.0009744065,13.043582,458752,0.0035020341,458752,994.7102456092834,988.16,0.037158202,0.7825833112001419,609.23513324,3.40806,453
225,-0.0039980137,10.883748,460800,0.004957355,460800,999.2224185466766,1003.95,0.0609375,0.8553122729063034,620.8701144500001,3.4076762,436
226,-0.0022857194,18.148157,462848,0.0031948886,462848,1003.9163510799408,1013.44,0.037646484,0.8035169541835785,628.22377028,3.4097297,455
227,-0.0010911569,9.951824,464896,0.0067712753,464896,1008.4165923595428,1030.52,0.074560545,0.8047557473182678,640.04416438,3.411246,449
228,-0.0038351708,14.436427,466944,0.0043060062,466944,1012.9704051017761,1045.27,0.052001953,0.8496030569076538,651.32699921,3.4136875,479
229,-0.002431939,11.440884,468992,0.0052864137,468992,1017.2459647655487,1057.25,0.06518555,0.8128735423088074,660.3892668200001,3.4180686,446
230,-0.00045618945,9.389245,471040,0.0032154706,471040,1021.832088470459,1062.22,0.034765624,0.8660108894109726,664.5419282199999,3.4151523,461
231,-0.0022403188,11.790791,473088,0.0046591144,473088,1026.2733135223389,1062.22,0.052734375,0.8136991858482361,663.8476402299999,3.415453,457
232,-0.0029408527,8.92681,475136,0.004760473,475136,1030.7510504722595,1078.18,0.052734375,0.8490828573703766,675.55574039,3.4135501,476
233,-0.0054344567,17.355764,477184,0.004352319,477184,1035.0457866191864,1094.64,0.05180664,0.8261599689722061,687.38993135,3.4119155,484
234,-0.0019179225,13.40711,479232,0.007066245,479232,1039.2705578804016,1111.76,0.07314453,0.6847897171974182,699.2085379000001,3.4129097,478
235,-0.0024021277,13.329758,481280,0.004625207,481280,1043.5509400367737,1128.76,0.05307617,0.7554763853549957,711.6319874800001,3.4133391,483
236,-0.0053080665,6.698541,483328,0.0050952947,483328,1047.7889800071716,1128.72,0.051513672,0.933656632900238,711.57366854,3.4175732,465
237,-0.0006054306,9.790781,485376,0.0037269876,485376,1052.1844494342804,1130.0,0.041748047,0.8566330522298813,713.7521531500001,3.415586,441
238,-0.005234526,11.303887,487424,0.005992955,487424,1056.8252160549164,1130.0,0.06337891,0.8217557817697525,714.4973917300001,3.4095116,423
239,-0.0010809528,26.776236,489472,0.0034406509,489472,1061.6568245887756,1128.52,0.03754883,0.7542769312858582,714.2555335100001,3.411248,453
240,-0.0032136936,22.14845,491520,0.004388825,491520,1066.170824766159,1102.68,0.051855467,0.7924276143312454,696.2767006199999,3.4014964,468
241,-0.0028065392,3.0403774,493568,0.0046218643,493568,1070.5431745052338,1085.41,0.04868164,0.9635472595691681,683.7346530699999,3.3994966,472
242,-0.0026492872,16.129578,495616,0.0042256257,495616,1074.8784539699554,1086.22,0.04663086,0.8623214960098267,684.5724190200001,3.403448,456
243,-0.002491509,19.243639,497664,0.002954539,497664,1079.3647944927216,1067.31,0.034570314,0.8468241691589355,671.54480416,3.4055371,478
244,0.0007668945,11.38665,499712,0.00559816,499712,1083.6454968452454,1067.31,0.061279297,0.7909593731164932,671.12107511,3.4113533,465
245,-0.0029009797,6.6494646,501760,0.0040081865,501760,1088.041791677475,1059.23,0.045898438,0.895099937915802,665.6882499200001,3.4130554,475
246,-0.0060315086,25.089514,503808,0.0044761943,503808,1092.3456428050995,1056.47,0.05258789,0.8133810609579086,663.78134806,3.4320712,447
247,-0.001548256,9.710218,505856,0.004339395,505856,1096.9251823425293,1073.49,0.04663086,0.8445311337709427,676.5793968900001,3.4378047,479
248,-0.0019657516,19.734882,507904,0.0026043737,507904,1101.2001111507416,1074.31,0.026953125,0.758732333779335,675.9274385200001,3.423325,471
249,-0.0022422522,6.786096,509952,0.003577649,509952,1105.5415081977844,1075.09,0.03745117,0.8976787105202675,676.42543902,3.4188151,449
250,-0.002735106,12.561022,512000,0.0057009207,512000,1110.0956370830536,1091.97,0.072265625,0.750249519944191,688.77763487,3.4035587,456
251,-0.0051409705,39.549835,514048,0.0033935462,514048,1114.5800075531006,1093.58,0.037060548,0.6271655261516571,689.2889416300001,3.4035625,467
252,-0.0028721543,5.429061,516096,0.00472808,516096,1118.9627315998077,1094.31,0.057714842,0.9120781645178795,689.92715705,3.417825,473
253,-0.0041053826,12.405741,518144,0.0056371074,518144,1123.2917075157166,1094.31,0.069970705,0.7498538196086884,689.5306778999999,3.4335666,457
254,-0.0033258311,42.92177,520192,0.0022722925,520192,1127.7725355625153,1079.42,0.021679688,0.5422535240650177,680.4463905099999,3.4427934,434
255,-0.0038493574,13.129039,522240,0.0049420027,522240,1132.4863097667694,1079.42,0.05913086,0.7932721674442291,680.95696868,3.4482338,454
256,-0.00570553,11.151438,524288,0.0052015116,524288,1136.9908287525177,1095.83,0.05620117,0.893178716301918,694.0466291399998,3.45844,483
257,-0.005992467,6.597522,526336,0.006812197,526336,1141.2271015644073,1078.16,0.08325195,0.9309589043259621,680.7356226999999,3.4582348,456
258,-0.0022148616,15.923445,528384,0.0027053978,528384,1145.7123515605927,1077.35,0.025830079,0.8423407524824142,680.8405116999999,3.4481254,482
259,-0.0025455267,10.35587,530432,0.004004583,530432,1149.9550709724426,1094.27,0.045996092,0.8282564729452133,693.2594749799999,3.4431443,449
260,-0.0011860518,16.35685,532480,0.0030902955,532480,1154.5070638656616,1092.59,0.031347655,0.8435494899749756,693.50539862,3.4342778,477
261,-0.0031924802,20.216612,534528,0.0050926255,534528,1158.7960760593414,1110.27,0.060791016,0.7850161790847778,707.01139115,3.4227924,486
262,-0.002452933,9.939405,536576,0.005527327,536576,1163.0029084682465,1127.28,0.06669922,0.7282883822917938,718.9491522800001,3.41968,462
263,-0.003578736,9.388727,538624,0.00486225,538624,1167.4272928237915,1143.14,0.059179686,0.8184321969747543,730.85930896,3.4310203,455
264,-0.003740397,25.029247,540672,0.002743186,540672,1171.9272320270538,1148.12,0.027929688,0.7997536361217499,736.0035819300001,3.4344916,487
265,-0.0017878074,14.551102,542720,0.0022969632,542720,1176.1305894851685,1121.66,0.023046875,0.8784585297107697,717.67420572,3.4376328,467
266,-0.006247813,29.718464,544768,0.003771895,544768,1180.5113668441772,1123.05,0.039746094,0.7054213285446167,719.3061143199999,3.4467056,456
267,-0.002902581,11.0135765,546816,0.0039962265,546816,1184.9957964420319,1109.31,0.045996092,0.8798670545220375,709.56730037,3.4537926,451
268,-0.0025587995,32.728493,548864,0.0035784435,548864,1189.5349822044373,1098.63,0.03720703,0.7006289660930634,702.85520782,3.4556916,453
269,-0.0025355273,11.978731,550912,0.0029173312,550912,1194.0539798736572,1094.54,0.028759766,0.9030251577496529,700.4931730000001,3.4638965,471
270,-0.0012236713,22.002628,552960,0.003859119,552960,1198.3990252017975,1089.92,0.042138673,0.7200490832328796,698.5941205500001,3.4712481,466
271,-0.0025155656,10.630836,555008,0.0025285853,555008,1202.7918541431427,1064.38,0.025488282,0.8898694589734077,680.9952887899999,3.4596658,455
272,-0.004381201,10.916479,557056,0.004228321,557056,1207.284422636032,1046.71,0.045800783,0.9135534018278122,669.8103468900001,3.4549325,462
273,-0.0014445091,11.117218,559104,0.0054629827,559104,1211.7113769054413,1046.71,0.06713867,0.6996085941791534,668.6299484399999,3.458306,436
274,-0.0013693657,11.7815695,561152,0.002841845,561152,1216.408357143402,1043.87,0.029003907,0.8694838136434555,666.6168084599999,3.4551854,463
275,-0.01015704,13.17182,563200,0.008351452,563200,1220.8273255825043,1043.87,0.102832034,0.7636809051036835,667.52094415,3.455223,444
276,-0.005478268,9.676268,565248,0.0076089613,565248,1225.4323527812958,1043.87,0.087695315,0.7565925866365433,667.46170028,3.4612567,454
277,-0.0067203217,5.614043,567296,0.005222991,567296,1229.9344494342804,1035.39,0.06069336,0.9075574278831482,661.69310367,3.4633718,462
278,-0.0024946665,11.041761,569344,0.0054019066,569344,1234.3598175048828,1053.29,0.07070313,0.7368711829185486,675.5747958099997,3.4614272,465
279,-0.002245508,9.422083,571392,0.004727649,571392,1238.7581605911255,1053.29,0.053515624,0.8415089249610901,675.7326551899998,3.4525383,462
280,-0.0042898674,10.976893,573440,0.0044374876,573440,1243.1841213703156,1053.29,0.04511719,0.8112607002258301,676.22333607,3.4451375,460
281,-0.0055269073,12.925638,575488,0.0056709116,575488,1247.6349420547485,1070.29,0.0647461,0.7721918970346451,688.3567457800001,3.444812,458
282,-0.0015995242,14.426857,577536,0.005680087,577536,1252.1050777435303,1070.29,0.06660156,0.7535292953252792,688.93567672,3.438464,469
283,-0.0022816458,11.393933,579584,0.0029581063,579584,1256.4663529396057,1070.29,0.030712891,0.8609424084424973,688.7466311,3.4237995,454
284,-0.00577075,38.584145,581632,0.0034475103,581632,1260.9766626358032,1022.44,0.038916014,0.5849926769733429,655.87058598,3.4368815,473
285,0.0007334134,14.314005,583680,0.0042307912,583680,1265.2988858222961,1022.44,0.04248047,0.7169882953166962,655.6782549899998,3.4545426,474
286,-0.004350069,13.211332,585728,0.0062450552,585728,1269.6159715652466,1039.47,0.07529297,0.8261194378137589,669.25698531,3.4428208,444
287,-0.004037976,11.870818,587776,0.0053570997,587776,1274.2188293933868,1039.47,0.059472658,0.8612131178379059,670.1416774999999,3.4466255,456
288,-0.008647637,13.707118,589824,0.0048035937,589824,1278.7045204639435,1004.16,0.054101564,0.809636190533638,643.77012884,3.4670868,458
289,-0.0037743389,15.414874,591872,0.0031150873,591872,1283.168610572815,1020.27,0.03413086,0.8284046202898026,654.6342630600001,3.483178,457
290,-0.0025289704,26.882227,593920,0.0032636772,593920,1287.6460592746735,1018.91,0.036474608,0.7969818264245987,654.8154211000001,3.490065,471
291,-0.0056133633,22.555183,595968,0.004957796,595968,1291.9930355548859,1018.26,0.054589845,0.8236447423696518,654.4797423699999,3.5038128,480
292,-0.004428587,33.063576,598016,0.0027247434,598016,1296.252788066864,979.1,0.030078124,0.6277383863925934,626.53058586,3.5107346,479
293,-0.0033359132,11.502756,600064,0.0042527905,600064,1300.5251622200012,979.1,0.04941406,0.7795583605766296,627.59283791,3.5065186,463
294,-0.004401171,25.63393,602112,0.0038468738,602112,1304.9418103694916,942.43,0.041552734,0.7380207479000092,602.22391784,3.4997737,468
295,-0.0013913147,14.438772,604160,0.0034728888,604160,1309.3094182014465,958.63,0.039160155,0.8786436542868614,614.5845249199999,3.5041282,464
296,-0.007121758,11.63019,606208,0.0052086767,606208,1313.7219223976135,927.75,0.050732423,0.891447901725769,591.0309429399999,3.5049682,476
297,-0.0054673543,27.109081,608256,0.0039679343,608256,1318.0243406295776,935.85,0.043847658,0.7367566823959351,597.41822295,3.5066247,466
298,-0.0023792833,10.153381,610304,0.0047148867,610304,1322.4182434082031,935.85,0.056005858,0.8554751724004745,597.0099324099999,3.5171502,446
299,-0.006095027,18.435701,612352,0.0056404625,612352,1327.0103147029877,932.99,0.06123047,0.8831072822213173,596.20849228,3.5201294,457
300,-0.0062156697,3.4625287,614400,0.0039785686,614400,1331.4877035617828,935.85,0.040966798,0.9699501246213913,597.5293593299999,3.5308743,473
301,-0.0008279085,23.49258,616448,0.0027404786,616448,1335.8178024291992,964.71,0.027197266,0.7747836112976074,619.1261565299999,3.5358326,489
302,-0.0042298217,6.466494,618496,0.0042990246,618496,1340.0017580986023,957.71,0.049707033,0.9149722829461098,613.3560247199999,3.5339942,459
303,-0.0054710666,6.4144263,620544,0.004537116,620544,1344.4633512496948,964.69,0.044287108,0.9243398085236549,618.39583232,3.5329685,453
304,-0.0034124558,12.629172,622592,0.0044140276,622592,1348.978539466858,965.64,0.049560547,0.7717795521020889,619.0805043400001,3.5345943,460
305,-0.004509096,18.049765,624640,0.005833273,624640,1353.4303183555603,970.87,0.062207032,0.8349232077598572,620.87503448,3.5206685,457
306,-0.0031975266,20.087507,626688,0.0039652395,626688,1357.912205696106,953.73,0.042822264,0.882553942501545,607.48189225,3.512605,471
307,-0.0022037523,14.384427,628736,0.002987808,628736,1362.2562384605408,953.73,0.031591795,0.8217004388570786,607.3159065399999,3.522222,472
308,0.00024988505,12.087041,630784,0.005886699,630784,1366.5948574543,969.93,0.06679688,0.7142812311649323,617.5065153199998,3.5251827,438
309,-0.007783762,8.355364,632832,0.0057061114,632832,1371.2673287391663,963.78,0.0675293,0.9068596437573433,613.82606388,3.527296,448
310,-0.003616878,13.520353,634880,0.004402763,634880,1375.8306109905243,963.78,0.050341796,0.815655842423439,613.6093611099999,3.5252514,468
311,-0.0015563038,9.763898,636928,0.0028090072,636928,1380.2005801200867,974.88,0.028857421,0.8452672958374023,622.6003509899999,3.5182412,473
312,-0.0014418369,9.937205,638976,0.0061094905,638976,1384.5231339931488,985.63,0.074072264,0.7044716775417328,628.96628368,3.5164077,439
313,-0.0035409343,11.049669,641024,0.0066499375,641024,1389.188686132431,1003.33,0.076220706,0.783670499920845,641.80643731,3.5226567,451
314,-0.0028203134,10.485217,643072,0.003080485,643072,1393.725035905838,1019.95,0.031298827,0.8277375102043152,654.48644341,3.528729,440
315,-0.0024540136,9.849694,645120,0.0029472613,645120,1398.3766326904297,1028.99,0.030419922,0.8416320532560349,660.8730946399999,3.5247846,468
316,-0.0028573736,16.580606,647168,0.0043611443,647168,1402.7468101978302,1047.97,0.045703124,0.8583167791366577,674.97471704,3.5274081,461
317,-0.0033034817,10.355546,649216,0.004102189,649216,1407.18372797966,1061.44,0.04501953,0.8751769810914993,685.69197215,3.529014,462
318,-0.0016456479,9.232557,651264,0.0053090323,651264,1411.614019393921,1078.39,0.06020508,0.8843175694346428,699.2171410899999,3.5342145,457
319,-0.0035437304,11.782373,653312,0.005127063,653312,1416.086672782898,1093.69,0.06411133,0.8229890167713165,711.06044,3.5406585,441
320,-0.002584414,9.962175,655360,0.0047577093,655360,1420.7228713035583,1111.54,0.05292969,0.802052915096283,723.26524584,3.534359,447
321,-0.0010317677,12.561289,657408,0.007098999,657408,1425.2982728481293,1129.29,0.07563476,0.6688856184482574,734.72663768,3.5319571,442
322,0.00022397828,13.9561615,659456,0.006220157,659456,1429.9256291389465,1139.29,0.07338867,0.8291820883750916,743.6534151699999,3.5265117,462
323,-0.003350716,11.797713,661504,0.0051424857,661504,1434.3578696250916,1154.8,0.053613283,0.7398985326290131,753.80205734,3.5266876,459
324,-0.0039491085,10.416616,663552,0.0028729672,663552,1438.812556028366,1151.76,0.032714844,0.8928921148180962,750.4175519400001,3.5378258,500
325,-0.0051604724,9.682629,665600,0.005510035,665600,1442.9042196273804,1168.63,0.064648435,0.8766642436385155,762.8658138000001,3.5428352,466
326,-0.0058318577,10.911264,667648,0.005362727,667648,1447.3011682033539,1185.41,0.057910156,0.8540771156549454,776.4555162199999,3.522271,465
327,-0.0037267685,21.82626,669696,0.0037315427,669696,1451.7000720500946,1202.23,0.045556642,0.818619430065155,788.8699644699998,3.5232837,473
328,-0.0015483197,14.328817,671744,0.0030308745,671744,1456.0226211547852,1219.12,0.03330078,0.8269898742437363,802.4258808,3.5375106,456
329,-0.0032578646,22.762035,673792,0.0035137597,673792,1460.5064327716827,1237.38,0.04194336,0.8373207300901413,815.65948293,3.5333812,475
330,-0.006417471,6.2342625,675840,0.0042000283,675840,1464.8154492378235,1219.56,0.044970702,0.9270788058638573,802.0886790300001,3.5215302,485
331,-0.006820818,18.342672,677888,0.0059100813,677888,1469.0372848510742,1240.27,0.07265625,0.818047285079956,817.2194219600001,3.5182464,448
332,-0.0042009386,7.34406,679936,0.0038279041,679936,1473.60240316391,1244.8,0.041552734,0.8312488347291946,819.7956038799999,3.5391145,472
333,-0.0024098395,20.444166,681984,0.0025629944,681984,1477.9333190917969,1230.45,0.027734375,0.8080667853355408,807.60392496,3.5472615,475
334,-0.0033145878,10.195542,684032,0.0035450743,684032,1482.243332862854,1238.42,0.040380858,0.8755588456988335,813.4629700600001,3.5431328,477
335,-0.0030826826,13.042604,686080,0.0030619802,686080,1486.528807401657,1254.6,0.03286133,0.828461229801178,825.5049303299999,3.5443218,475
336,-0.009110411,19.809757,688128,0.0077471673,688128,1490.8373591899872,1237.44,0.08129883,0.8056187778711319,812.0892394099999,3.5443547,470
337,-0.0044042673,11.956415,690176,0.003894506,690176,1495.1915655136108,1221.07,0.04458008,0.8649889230728149,798.25189446,3.5456402,480
338,-0.0015080242,12.128968,692224,0.005674962,692224,1499.4520921707153,1221.07,0.060253907,0.7721044272184372,797.5024604600002,3.5535347,477
339,-0.005146764,12.838697,694272,0.00557055,694272,1503.7413127422333,1178.42,0.0652832,0.8677385747432709,764.53280495,3.5570645,456
340,-0.002459837,10.996204,696320,0.00394128,696320,1508.2308661937714,1178.42,0.041503906,0.8450873345136642,764.50946358,3.568441,482
341,-0.0019529418,13.916655,698368,0.003391829,698368,1512.4722170829773,1178.42,0.037109375,0.8332126140594482,764.6715224499999,3.5719895,461
342,-0.0034046515,24.214294,700416,0.0055263834,700416,1516.912678718567,1192.34,0.068408206,0.7926848530769348,773.14923054,3.5783463,461
343,-0.0034333845,23.991621,702464,0.0031432589,702464,1521.3506109714508,1144.51,0.032910157,0.6475305259227753,734.69915525,3.5930943,491
344,-0.00522443,26.633102,704512,0.0032762256,704512,1525.5167717933655,1113.85,0.035351563,0.744117021560669,712.2422593000001,3.6090176,458
345,-0.0024984623,11.731143,706560,0.0035914786,706560,1529.981692790985,1130.47,0.04082031,0.8627920150756836,723.4769259600001,3.6202438,500
346,-0.0031872522,8.961956,708608,0.0034092232,708608,1534.0709385871887,1137.62,0.03691406,0.8321678787469864,727.8140004,3.6255753,472
347,-0.0037168793,7.6828437,710656,0.0040882006,710656,1538.4066100120544,1133.35,0.045654297,0.9152438119053841,724.0134584099999,3.625092,472
348,-0.0024667722,29.3055,712704,0.003163103,712704,1542.7441945075989,1158.36,0.033740234,0.6535232067108154,741.9311707600001,3.6371071,470
349,-0.0029705386,9.448007,714752,0.0040549366,714752,1547.0991342067719,1176.02,0.04926758,0.8738781958818436,755.3728036699999,3.6441655,491
350,-0.0048904796,15.228813,716800,0.0038078844,716800,1551.2637763023376,1187.8,0.045947265,0.8418294191360474,764.4343947899999,3.6423135,482
351,-0.0042863963,5.26621,718848,0.0049021468,718848,1555.5073182582855,1185.64,0.04916992,0.9537736475467682,763.0106114399999,3.6337981,471
352,-0.0026418068,14.474207,720896,0.003507487,720896,1559.850944519043,1186.49,0.037646484,0.8755606338381767,763.7350225399999,3.628302,470
353,-0.001601031,8.660134,722944,0.0019858135,722944,1564.207267522812,1200.33,0.016357422,0.884086862206459,774.5891495400001,3.6324582,478
354,0.00041397396,11.858429,724992,0.0062562684,724992,1568.484891653061,1220.22,0.07524414,0.7451409995555878,787.7629112,3.648973,471
355,-0.0015510123,19.242382,727040,0.0030728846,727040,1572.8312499523163,1222.08,0.03251953,0.8030326962471008,787.4314769599998,3.6556468,467
356,-0.0036049788,23.470158,729088,0.0030888699,729088,1577.2125141620636,1237.07,0.034472656,0.8061601519584656,799.0487933699999,3.664236,486
357,-0.0046340534,7.525827,731136,0.0044135344,731136,1581.4213619232178,1229.8,0.046533205,0.8276082277297974,792.7366251800001,3.6894536,477
358,-0.003825436,16.087917,733184,0.0035188168,733184,1585.7103145122528,1250.45,0.03696289,0.8362748771905899,805.9321704999999,3.6956654,469
359,-0.005478652,5.702652,735232,0.0030744947,735232,1590.0744829177856,1259.95,0.03515625,0.927504412829876,812.57913572,3.6925845,484
360,-0.0027685773,13.642281,737280,0.0043572127,737280,1594.3041763305664,1277.83,0.046875,0.8264402747154236,825.18095689,3.6850884,475
361,-0.003564264,16.726557,739328,0.0047149807,739328,1598.6154873371124,1277.83,0.053515624,0.759383037686348,825.4417162,3.6780868,477
362,-0.0023088076,18.59027,741376,0.0027349766,741376,1602.908022403717,1279.66,0.031835936,0.860429972410202,825.5451666000001,3.6724002,447
363,-0.0027370015,17.293018,743424,0.0032640088,743424,1607.485704421997,1281.9,0.0375,0.8447734266519547,826.8795623800002,3.6724842,488
364,-0.002093664,14.929832,745472,0.0021447618,745472,1611.6806693077087,1276.13,0.018603515,0.8511283844709396,821.6664863999999,3.6729298,484
365,-0.0050043585,15.668325,747520,0.0056272033,747520,1615.9117748737335,1266.82,0.056640625,0.862771674990654,815.06138245,3.666637,473
366,-0.0044067753,7.9500084,749568,0.0046530706,749568,1620.2389132976532,1262.06,0.0515625,0.8994916006922722,810.4954857,3.665266,484
367,-0.0055148774,9.95234,751616,0.0054557645,751616,1624.4668111801147,1275.11,0.07124023,0.8778404891490936,822.64266513,3.6690736,474
368,-0.005424589,10.036717,753664,0.0076973634,753664,1628.7865498065948,1277.82,0.07373047,0.7514188885688782,824.8266831,3.6839015,456
369,-0.0017493252,9.748924,755712,0.004270256,755712,1633.2760829925537,1277.82,0.044628907,0.8537437617778778,822.5093237199998,3.697525,451
370,-0.0040297024,10.066523,757760,0.0064022094,757760,1637.8139374256134,1294.96,0.07314453,0.8233133852481842,835.0456661799998,3.6761565,462
371,-0.0045964145,11.271127,759808,0.0047082286,759808,1642.2399616241455,1312.66,0.054736327,0.7939599454402924,846.7801174199999,3.6579113,456
372,-0.005972521,17.652653,761856,0.005511001,761856,1646.7278325557709,1306.96,0.06523438,0.8505517691373825,842.95649697,3.6599324,471
373,-0.005867479,13.544426,763904,0.0066999206,763904,1651.0710723400116,1313.11,0.081884764,0.804375097155571,846.9222863800001,3.6668465,464
374,-0.0017138573,16.452448,765952,0.0035873782,765952,1655.4824104309082,1313.11,0.034765624,0.7585625350475311,846.9777591600001,3.6670322,475
375,-0.0034404346,6.531128,768000,0.002913746,768000,1659.7889862060547,1304.2,0.031201173,0.9163962826132774,839.0467114100002,3.6475785,490
376,-0.005307222,9.442492,770048,0.0054846867,770048,1663.9703958034515,1304.2,0.070898436,0.8439267873764038,841.5793026900002,3.6301696,450
377,-0.0059216125,6.990397,772096,0.007635644,772096,1668.5171756744385,1300.44,0.08276367,0.813260093331337,838.5288457100002,3.6451771,426
378,-0.0049630576,10.551008,774144,0.004961661,774144,1673.3205637931824,1300.44,0.060546875,0.8263256847858429,836.4395862500002,3.6633286,443
379,-0.0039979527,22.288307,776192,0.0033565045,776192,1677.9367797374725,1283.05,0.036621094,0.8183023780584335,823.8711157900001,3.6769981,466
380,-0.0037660867,16.373356,778240,0.0024272318,778240,1682.32639169693,1292.22,0.025341798,0.8399848192930222,830.16220323,3.6902847,478
381,-0.0021806145,8.002169,780288,0.002416725,780288,1686.607025384903,1290.99,0.023779297,0.9268009439110756,828.6239098499999,3.6939654,478
382,-0.0018250983,8.461791,782336,0.0025644451,782336,1690.8899068832397,1287.03,0.024560547,0.854080393910408,825.12173113,3.692592,473
383,-0.002948216,10.143098,784384,0.005636632,784384,1695.211639881134,1287.03,0.0769043,0.8676222264766693,827.20131653,3.687507,467
384,-0.0030783238,12.393554,786432,0.003007272,786432,1699.5905747413635,1270.82,0.031884767,0.8839219957590103,816.2967343000001,3.6796741,479
385,-0.0039726202,15.360128,788480,0.0049728323,788480,1703.8652203083038,1270.82,0.06015625,0.8309648483991623,819.0408827100001,3.676178,444
386,-0.0041685253,8.502182,790528,0.0038496596,790528,1708.476542711258,1276.88,0.042919923,0.9061296135187149,824.2384342000001,3.6795354,465
387,-0.003674946,10.742659,792576,0.0032291033,792576,1712.8722531795502,1271.01,0.03330078,0.8863157480955124,819.7498957600002,3.6787422,439
388,-0.0077504567,21.683987,794624,0.004043537,794624,1717.5297627449036,1254.8,0.03984375,0.8398984521627426,807.9796838799999,3.6738067,455
389,-0.0058527524,10.881487,796672,0.0047083097,796672,1722.0261688232422,1251.16,0.056640625,0.8638190627098083,804.03375202,3.6708622,456
390,-0.0050808536,9.672483,798720,0.004272689,798720,1726.512524843216,1251.16,0.055371094,0.8557961285114288,803.9994862799999,3.6758149,495
391,-0.0063838763,10.776504,800768,0.005906927,800768,1730.6458489894867,1266.5,0.06850586,0.776729017496109,815.11347127,3.6850362,460
392,-0.001797742,7.471887,802816,0.005310116,802816,1735.0955946445465,1283.23,0.05654297,0.9315910339355469,828.2231829700002,3.6762226,486
393,-0.005467644,10.275622,804864,0.0061792126,804864,1739.3038647174835,1272.52,0.07036133,0.8339033722877502,819.4517765700001,3.6748466,458
394,-0.0032243722,14.186272,806912,0.00555153,806912,1743.766506910324,1274.19,0.059912108,0.8871171474456787,820.5600694,3.6735768,457
395,-0.004465919,25.743149,808960,0.0036087953,808960,1748.245056629181,1251.66,0.038378906,0.7531494349241257,805.53394309,3.65801,476
396,-0.003191803,15.533063,811008,0.0025909587,811008,1752.5417549610138,1226.54,0.026757812,0.8845946863293648,788.2821335799999,3.6526623,494
397,-0.0020970346,16.836525,813056,0.002610759,813056,1756.6879823207855,1211.7,0.026123047,0.8678444176912308,779.7953445100002,3.6534786,453
398,-0.004104366,10.62122,815104,0.008738881,815104,1761.2050983905792,1224.45,0.103271484,0.7269198596477509,787.8803430100002,3.6678364,462
399,-0.0041388236,9.040481,817152,0.0035010795,817152,1765.6329004764557,1234.29,0.03930664,0.9301577880978584,796.70591046,3.668609,476
400,-0.0045383153,14.550985,819200,0.004010788,819200,1769.9330513477325,1234.29,0.04736328,0.8572469651699066,797.2855460299999,3.6561325,449
401,-0.004230185,4.751402,821248,0.0030643714,821248,1774.4893698692322,1234.04,0.029541016,0.9505603089928627,796.42142257,3.6409423,464
402,-0.0045750197,2.8184695,823296,0.0028524504,823296,1778.9009382724762,1230.62,0.02709961,0.9661560505628586,796.2855611699998,3.6321495,479
403,-0.0044256086,3.8864524,825344,0.004717223,825344,1783.1686294078827,1243.98,0.055566408,0.9609902463853359,806.9583997899999,3.6247349,481
404,-0.0067124204,2.4074817,827392,0.0053412206,827392,1787.421941280365,1260.84,0.057519533,0.9842144101858139,820.5466839599999,3.622745,453
405,-0.005168854,18.223719,829440,0.0038748751,829440,1791.9429769515991,1276.63,0.04111328,0.8247529864311218,833.73384775,3.6240315,464
406,-0.0058432566,3.7797933,831488,0.005171432,831488,1796.3532469272614,1279.45,0.061328124,0.9640902243554592,836.6112063300002,3.622577,475
407,-0.005969185,4.9737062,833536,0.0037665837,833536,1800.6607360839844,1296.83,0.04248047,0.9706340376287699,848.62216896,3.6233132,448
408,-0.0016393198,7.399331,835584,0.0042737154,835584,1805.2275729179382,1305.93,0.04926758,0.9352193772792816,856.1845403899999,3.6129556,461
409,-0.0029696324,16.687555,837632,0.0025183735,837632,1809.6635327339172,1325.6,0.0234375,0.8483541011810303,871.37252425,3.6071362,482
410,-0.003286828,12.958507,839680,0.002767689,839680,1813.90780043602,1332.68,0.027978515,0.8760514110326767,877.2198672100001,3.5994792,472
411,-0.0064762444,20.889866,841728,0.005184554,841728,1818.2471582889557,1298.0,0.05522461,0.8612288534641266,853.3789060900001,3.589093,467
412,-0.0017264895,17.951588,843776,0.0029923606,843776,1822.632887840271,1292.49,0.03173828,0.8453360050916672,848.5112063700002,3.5908017,479
413,-0.004586245,11.129238,845824,0.00949302,845824,1826.9037420749664,1292.49,0.12026367,0.7649762779474258,846.92575352,3.5952497,469
414,-0.004830995,9.058916,847872,0.0053017237,847872,1831.267323255539,1309.51,0.06137695,0.9070217460393906,860.7225933799999,3.5985901,475
415,-0.00561742,4.7250233,849920,0.004575445,849920,1835.5728168487549,1293.52,0.051367186,0.9610356576740742,848.3306044899999,3.583322,493
416,-0.003775265,10.579006,851968,0.0055169147,851968,1839.7200164794922,1309.61,0.051074218,0.8684727549552917,860.4398570199997,3.5807579,471
417,-0.002911055,23.591335,854016,0.0035020025,854016,1844.063244342804,1320.77,0.03852539,0.814078614115715,868.6697022199999,3.5950809,450
418,-0.0033128387,16.144318,856064,0.0066207075,856064,1848.6101112365723,1320.77,0.07626953,0.8558791726827621,871.54927757,3.6050103,438
419,-0.005560885,7.3546357,858112,0.005376753,858112,1853.2764866352081,1319.62,0.05703125,0.9027166068553925,871.9207911499999,3.5991497,461
420,-0.010908428,15.743418,860160,0.008384423,860160,1857.7172367572784,1335.37,0.114550784,0.8281346559524536,884.59901376,3.6023858,451
421,-0.0038214214,8.977639,862208,0.005787212,862208,1862.2548608779907,1335.37,0.06679688,0.9315803274512291,886.70320202,3.6108882,434
422,-0.0041235117,16.70989,864256,0.003914278,864256,1866.9725804328918,1355.62,0.049121093,0.8484451770782471,903.2735724400002,3.6172357,462
423,-0.003816152,7.8865066,866304,0.0035860897,866304,1871.400690317154,1361.16,0.039208986,0.9130983725190163,908.5430368000001,3.6264286,451
424,-0.0043173926,13.955355,868352,0.0068465183,868352,1875.9376912117004,1361.16,0.08222656,0.8178592175245285,908.8909882700001,3.6456065,470
425,-0.0064209015,6.7066307,870400,0.0048433198,870400,1880.2926840782166,1353.76,0.054541014,0.9432017207145691,905.2054391600001,3.6693478,470
426,0.0008479991,19.808132,872448,0.0040560905,872448,1884.645171403885,1327.46,0.046826173,0.8429479598999023,883.5856205000001,3.6788838,461
427,-0.0056318543,11.301546,874496,0.004381354,874496,1889.0832340717316,1341.92,0.049560547,0.8844170495867729,895.2580430099999,3.6870208,465
428,-0.004436441,10.800853,876544,0.0031092148,876544,1893.485850095749,1331.24,0.03276367,0.9209116026759148,887.5132284800001,3.6833272,460
429,-0.004547803,14.240503,878592,0.00398565,878592,1897.9326310157776,1342.87,0.041552734,0.8630648702383041,897.02430882,3.6728604,453
430,-0.0043990393,11.710133,880640,0.009138633,880640,1902.4467132091522,1348.03,0.10439453,0.7560836225748062,902.3329171,3.67272,449
431,-0.008286884,14.291367,882688,0.004033438,882688,1907.0076024532318,1344.47,0.04741211,0.899266853928566,898.5821629799998,3.6717987,465
432,-0.0028134086,13.706099,884736,0.0035219695,884736,1911.4037549495697,1362.38,0.03569336,0.8515294790267944,912.5223950899999,3.6661732,462
433,-0.0041347113,15.363551,886784,0.0032310921,886784,1915.835970878601,1367.14,0.03754883,0.7848469614982605,918.1611107199999,3.6612008,447
434,-0.0023755142,15.371193,888832,0.0043466194,888832,1920.4142096042633,1367.14,0.049609374,0.7553433626890182,916.3572314199998,3.663557,460
435,-0.004959149,9.860337,890880,0.0064619407,890880,1924.8607778549194,1381.67,0.07416992,0.89898781478405,928.0430979099999,3.6678874,468
436,-0.0033947963,18.277622,892928,0.0031576168,892928,1929.228796005249,1345.24,0.03564453,0.8417313694953918,905.09709513,3.668363,481
437,-0.0042999177,9.361733,894976,0.0058666957,894976,1933.4818053245544,1335.08,0.07006836,0.8867314085364342,899.3861099199999,3.6691327,466
438,-0.0031526466,14.308904,897024,0.004037201,897024,1937.869356393814,1340.78,0.045947265,0.7867538332939148,904.51758148,3.668496,472
439,-0.0032181009,11.396366,899072,0.005527599,899072,1942.2046792507172,1340.78,0.06772461,0.869015097618103,904.4617436199999,3.6650772,459
440,-0.004641977,23.6829,901120,0.0055031586,901120,1946.6591930389404,1344.17,0.05673828,0.8523210138082504,910.03458431,3.6522388,452
441,-0.00544286,8.84173,903168,0.0039010136,903168,1951.188767671585,1342.93,0.045800783,0.9270789474248886,908.6114393500002,3.656197,458
442,-0.0043813447,14.933405,905216,0.003924837,905216,1955.6597726345062,1326.03,0.046826173,0.9100628346204758,898.8733458300001,3.665292,459
443,-0.0033346612,7.137198,907264,0.003384503,907264,1960.1155679225922,1325.02,0.036328126,0.9391269274055958,897.99143726,3.6768203,440
444,-0.0032347974,7.3455057,909312,0.0027010264,909312,1964.7644979953766,1334.2,0.025878906,0.9091240763664246,904.23578243,3.6724105,434
445,-0.0030437498,17.180927,911360,0.0035667438,911360,1969.4797904491425,1339.54,0.038623046,0.8165692090988159,909.31071772,3.656556,407
446,-0.003883541,20.489038,913408,0.0044962503,913408,1974.5002036094666,1325.04,0.043261718,0.8481678068637848,899.85039288,3.6535347,444
447,-0.008358572,11.665434,915456,0.0064590434,915456,1979.108792066574,1329.0,0.072216794,0.7929882258176804,902.1679128700001,3.6530876,446
448,-0.0072687706,13.576787,917504,0.0066698357,917504,1983.6996295452118,1329.0,0.06411133,0.8128060549497604,900.6008327500001,3.6454499,472
449,-0.0049828542,7.989315,919552,0.0054788217,919552,1988.0315392017365,1320.17,0.061865233,0.9299934133887291,893.3423373500002,3.645926,435
450,-0.002967862,14.215465,921600,0.0037683193,921600,1992.737052679062,1322.7,0.041650392,0.8970459923148155,895.8826207800001,3.6373909,449
451,-0.0048658173,7.208908,923648,0.005540168,923648,1997.300472021103,1333.95,0.066748045,0.948624350130558,906.42454704,3.6620097,439
452,-0.0040443195,15.636853,925696,0.0036529158,925696,2001.9561786651611,1344.53,0.041308593,0.8532031923532486,916.7870065699999,3.6761463,435
453,-0.0020024283,9.512326,927744,0.004933332,927744,2006.6567196846008,1348.94,0.04575195,0.8730899542570114,921.1075086700001,3.6770763,448
454,-0.0025990377,19.021177,929792,0.0037463647,929792,2011.2249348163605,1354.78,0.04345703,0.8287631720304489,924.3669953899998,3.6818588,434
455,-0.0022852344,21.011314,931840,0.002497139,931840,2015.9366478919983,1368.94,0.026367188,0.8793088421225548,936.7118626,3.6790206,438
456,-0.004908663,24.078945,933888,0.004143444,933888,2020.605464220047,1334.38,0.041503906,0.8591137528419495,911.7855950399999,3.6776175,468
457,-0.002946516,11.85007,935936,0.0038466789,935936,2024.9795718193054,1323.19,0.044140626,0.8985656499862671,902.41908644,3.6825523,448
458,-0.005616591,22.410343,937984,0.0029185093,937984,2029.550773859024,1321.82,0.030517578,0.8075826317071915,904.6410596899998,3.686624,479
459,-0.0038001668,10.54964,940032,0.0045775007,940032,2033.8184747695923,1326.16,0.05317383,0.8923808112740517,907.4246553299998,3.6952233,441
460,-0.0014637731,14.678904,942080,0.0035792913,942080,2038.457612991333,1335.14,0.039501954,0.9162207841873169,916.0404892900001,3.7034805,443
461,-0.004754214,9.714766,944128,0.0038513136,944128,2043.0754277706146,1347.75,0.04008789,0.9185366705060005,926.30950772,3.6989434,460
462,-0.0012227844,18.968775,946176,0.0022781582,946176,2047.5283181667328,1361.11,0.023095703,0.8580788671970367,938.4551493500002,3.69869,447
463,-0.0024883174,10.351851,948224,0.0029335886,948224,2052.1103315353394,1366.15,0.033203125,0.9221613258123398,942.6355333700003,3.715739,428
464,-0.0041484544,15.026402,950272,0.0051857745,950272,2056.885947704315,1381.79,0.06274414,0.8949585407972336,957.5510364900001,3.722489,451
465,-0.003646889,14.3019,952320,0.0038815152,952320,2061.4222037792206,1398.78,0.046777345,0.8784597590565681,972.45885942,3.7126307,449
466,-0.0054672593,25.092289,954368,0.003660657,954368,2065.979588031769,1409.05,0.042089842,0.8370478004217148,981.6704052499997,3.7163067,449
467,-0.003418699,8.822453,956416,0.0036210506,956416,2070.53542137146,1399.03,0.04121094,0.9457487091422081,978.90879544,3.741568,443
468,-0.0030730139,10.039821,958464,0.0026482814,958464,2075.155736923218,1408.64,0.025292968,0.9060327112674713,986.97273648,3.7571003,449
469,-0.002474683,14.37254,960512,0.0038696765,960512,2079.7078671455383,1394.1,0.040478516,0.9235419631004333,977.34623231,3.757066,439
470,-0.0078393845,4.6975994,962560,0.0043756203,962560,2084.3672931194305,1379.5,0.04008789,0.9516116343438625,965.94745263,3.7644596,466
471,-0.0009413396,13.837567,964608,0.003587008,964608,2088.7621018886566,1383.69,0.039892577,0.6239618062973022,969.5210918999999,3.7693267,479
472,-0.008934429,9.97128,966656,0.0042610886,966656,2093.032841682434,1384.51,0.04584961,0.9388032592833042,967.92912416,3.7782238,440
473,-0.0019472819,19.660894,968704,0.004642133,968704,2097.6869490146637,1391.21,0.05317383,0.831854835152626,973.9356291300002,3.7861485,448
474,-0.0049370797,18.223318,970752,0.006224578,970752,2102.256601333618,1402.47,0.07763672,0.8665714114904404,984.7832342600002,3.792422,447
475,-0.006135686,24.375141,972800,0.0063717314,972800,2106.8330857753754,1421.75,0.075683594,0.8492132276296616,999.72432395,3.7998142,462
476,-0.004858921,7.9632425,974848,0.0047955345,974848,2111.261798143387,1420.51,0.055859376,0.9368975088000298,999.9134664000001,3.8078556,474
477,-0.0045489864,16.595842,976896,0.0043937922,976896,2115.5767929553986,1432.47,0.050927736,0.8621371388435364,1009.7967354599999,3.8157349,490
478,-0.0022343355,14.788404,978944,0.004179178,978944,2119.752247095108,1438.82,0.048535157,0.8788834884762764,1015.8216178700001,3.8172593,486
479,-0.0028055683,9.952038,980992,0.0035496752,980992,2123.962080478668,1435.33,0.036572266,0.9297944530844688,1013.0756044,3.8218684,475
480,-0.0042241737,16.639843,983040,0.004610642,983040,2128.2677092552185,1449.9,0.050048828,0.8827591389417648,1026.13907522,3.8310215,460
481,-0.0035512801,16.74109,985088,0.002425237,985088,2132.712312936783,1455.87,0.021972656,0.8600331991910934,1033.0828033999999,3.8399417,491
482,-0.0043119946,7.701829,987136,0.0065289885,987136,2136.878082036972,1466.41,0.05419922,0.96023840457201,1043.7844557199999,3.8343902,464
483,-0.004735606,7.332296,989184,0.0035388607,989184,2141.283307790756,1477.39,0.04194336,0.9553052298724651,1052.55725641,3.8343663,460
484,-0.0028386058,19.763134,991232,0.0053891344,991232,2145.734064102173,1495.41,0.06137695,0.8747608065605164,1068.35029683,3.8212059,461
485,-0.0014381891,13.300438,993280,0.0030284442,993280,2150.169460773468,1506.97,0.03354492,0.9138005524873734,1077.94835611,3.7979686,482
486,-0.0052540796,12.396409,995328,0.004579869,995328,2154.4174630641937,1523.03,0.053759765,0.9036188125610352,1091.29675612,3.7975101,483
487,-0.0031667252,20.060566,997376,0.0037802919,997376,2158.6558406352997,1533.76,0.0453125,0.857391357421875,1100.59687121,3.7998478,473
488,-0.0048307944,6.630423,999424,0.0036848173,999424,2162.9794726371765,1537.62,0.04433594,0.9368236437439919,1104.8594396500002,3.8038116,475
