total_timesteps,approxkl,n_updates,ep_len_mean,serial_timesteps,policy_entropy,clipfrac,policy_loss,value_loss,time_elapsed,fps,explained_variance,ep_reward_mean
2048,0.0037945763,1,59.55882352941177,2048,1.426532,0.04194336,-0.002805341,79.60185,1.9073486328125e-06,597,0.0037357211112976074,57.84340879411765
4096,0.0041711694,2,60.47761194029851,4096,1.4380234,0.04916992,-0.0038106963,79.3388,3.4322400093078613,639,0.018145203590393066,58.73677037313433
6144,0.0036402817,3,67.05494505494505,6144,1.4487617,0.04140625,-0.0036858737,90.943306,6.635176181793213,632,0.030443847179412842,65.18985345054946
8192,0.0030226037,4,73.03,8192,1.461745,0.033154298,-0.004620008,89.681335,9.873739242553711,615,0.05573755502700806,71.02323467000001
10240,0.005848974,5,81.74,10240,1.4836396,0.07338867,-0.00740226,96.99507,13.204131841659546,618,0.09280973672866821,79.49550122000001
12288,0.0054617105,6,94.2,12288,1.5185922,0.07695313,-0.010123924,95.93695,16.51945686340332,602,0.14051049947738647,91.62113756999999
14336,0.0021424869,7,105.69,14336,1.5459921,0.023046875,-0.0018910583,96.13211,19.918030261993408,599,0.21745353937149048,102.6990957
16384,0.0040199207,8,114.93,16384,1.5599271,0.04951172,-0.0034938932,95.57045,23.33399724960327,615,0.2740240693092346,111.50867698
18432,0.0038444516,9,126.26,18432,1.5784545,0.04321289,-0.0058464333,97.14754,26.664571523666382,577,0.2606545686721802,122.27320367
20480,0.002390358,10,139.11,20480,1.6057465,0.024365235,-0.00093576685,94.790405,30.212469816207886,603,0.3173002600669861,134.423403
22528,0.0022379379,11,150.82,22528,1.632542,0.02236328,-0.0009215571,92.28641,33.6064031124115,606,0.33972400426864624,145.55409562
24576,0.0018010536,12,163.84,24576,1.6579268,0.01640625,-0.0014229314,94.431725,36.982892990112305,603,0.38320082426071167,157.97915066
26624,0.0024579973,13,173.87,26624,1.6781836,0.02709961,-0.0021152513,90.563896,40.37788772583008,593,0.4255800247192383,167.55204585000004
28672,0.0019478204,14,185.11,28672,1.6886469,0.012109375,-0.0012014562,88.36525,43.82890343666077,596,0.46603477001190186,178.20445711000005
30720,0.0020162573,15,194.64,30720,1.6864462,0.018603515,-0.0019753138,88.22541,47.26533055305481,541,0.4725233316421509,187.30555159
32768,0.0043236907,16,204.57,32768,1.7015893,0.051464844,-0.0040539866,87.79817,51.048155784606934,579,0.4969298243522644,196.81905509999996
34816,0.0033707186,17,214.0,34816,1.7150047,0.03730469,-0.0010570495,87.7085,54.58491611480713,561,0.43214648962020874,205.87697122000006
36864,0.001716155,18,223.54,36864,1.7258368,0.012597656,-0.0019217962,85.68372,58.231284856796265,565,0.568199872970581,215.02648451999997
38912,0.0012119359,19,232.69,38912,1.7280829,0.005566406,-0.00075629354,84.00295,61.85304069519043,558,0.566594809293747,223.82312298000005
40960,0.0016955525,20,244.83,40960,1.7283525,0.015429688,-0.0008135877,85.50941,65.51910948753357,566,0.5578048527240753,235.46845728000005
43008,0.0016128905,21,252.76,43008,1.7424948,0.013574218,0.0001612175,74.09394,69.13516402244568,546,0.6469580233097076,243.18259007999998
45056,0.0023449785,22,254.18,45056,1.7380902,0.019628907,-0.0023390932,75.12285,72.88697290420532,553,0.680262416601181,244.55271359999998
47104,0.003257371,23,258.95,47104,1.7421179,0.03461914,-0.001827638,74.39863,76.58814740180969,565,0.6667527854442596,249.01790325999994
49152,0.001724131,24,265.59,49152,1.7412869,0.012011719,-0.0020966902,67.513565,80.20965528488159,548,0.7210609912872314,255.36324117999996
51200,0.0031020662,25,267.71,51200,1.750474,0.037158202,-0.0037642145,68.02082,83.94197845458984,573,0.7822392284870148,257.4250109
53248,0.0011761503,26,271.33,53248,1.7628635,0.008691406,-0.00030206837,67.11087,87.52125954627991,554,0.7719735503196716,261.00730842999997
55296,0.0018311475,27,277.46,55296,1.7576956,0.014746094,-0.0010499822,63.005634,91.21763134002686,528,0.7914678752422333,267.00283901
57344,0.0020217022,28,281.15,57344,1.7727346,0.017919922,-0.0020034143,60.75714,95.09684729576111,576,0.7959321290254593,270.59252399
59392,0.0017348224,29,282.69,59392,1.7887739,0.014404297,-0.0016796099,59.07367,98.65121984481812,596,0.7783147990703583,272.04539484
61440,0.000911324,30,283.98,61440,1.7961909,0.006689453,0.0002634668,59.062653,102.08543419837952,564,0.8084519058465958,273.18444124999996
63488,0.0016724613,31,281.07,63488,1.8087221,0.013427734,-0.0010173179,54.21753,105.71357750892639,573,0.7597213536500931,270.35109925000006
65536,0.0006216032,32,273.2,65536,1.8098017,0.0038085938,-0.00038270134,51.18134,109.28820705413818,589,0.5919302999973297,262.88054689000006
67584,0.0030670695,33,263.34,67584,1.8156363,0.03237305,-0.004077322,53.03015,112.76393961906433,585,0.7145915627479553,253.38111953999996
69632,0.0009661795,34,266.29,69632,1.8235648,0.0063964846,-0.00031446174,53.961597,116.2628173828125,581,0.6946665942668915,256.34551279
71680,0.0011776527,35,267.75,71680,1.8343846,0.010449219,-0.00073527824,50.665413,119.78470277786255,587,0.7046943306922913,257.86302066999997
73728,0.0017423143,36,265.25,73728,1.8389212,0.013720703,-0.0011397045,47.840694,123.27262544631958,562,0.7776050716638565,255.571432
75776,0.0015480726,37,261.67,75776,1.8490251,0.008300781,-0.00032116444,46.245262,126.91147947311401,590,0.7324605286121368,252.30669829
77824,0.0021806187,38,261.29,77824,1.8496115,0.018847656,-0.0010728886,45.963776,130.38101887702942,596,0.7604908049106598,252.07468511
79872,0.0033249012,39,254.72,79872,1.8551733,0.035791017,-0.0041556773,41.734455,133.8146414756775,588,0.8220767676830292,245.50301441999997
81920,0.0022575622,40,251.48,81920,1.8686612,0.021875,-0.002307335,39.852627,137.29622220993042,604,0.8505305796861649,242.39578081000002
83968,0.0018178957,41,251.33,83968,1.8952124,0.0147949215,-0.0025042589,42.53281,140.68337440490723,587,0.848826989531517,242.24256853999995
86016,0.0027643384,42,251.29,86016,1.9164636,0.029541016,-0.0023655016,43.264763,144.17066383361816,599,0.7616982609033585,242.14847525000002
88064,0.0021995823,43,252.42,88064,1.9248205,0.020458985,-0.00063090224,47.394966,147.58575916290283,604,0.4643019437789917,243.16255938000003
90112,0.0028197553,44,257.48,90112,1.9323089,0.028515626,-0.004212111,43.686882,150.97441935539246,610,0.7451542615890503,247.99929140000003
92160,0.0024945454,45,270.71,92160,1.937431,0.022900391,-0.0021559005,43.653355,154.33243441581726,539,0.6680422723293304,260.62754614
94208,0.0014401736,46,278.93,94208,1.9480207,0.013671875,-0.00040279515,44.36299,158.12988114356995,588,0.6579324007034302,268.26249457
96256,0.0030070345,47,286.08,96256,1.9678319,0.034082033,-0.0037932037,45.05687,161.61205315589905,590,0.6210649609565735,275.17590223999997
98304,0.0027127455,48,295.67,98304,1.9898993,0.025732422,-0.0014363113,43.313473,165.0801236629486,590,0.7208234369754791,284.39858454
100352,0.0025473125,49,304.26,100352,2.0109994,0.025927734,-0.003891313,39.85711,168.54636883735657,585,0.8197559714317322,292.72541542000005
102400,0.0021485402,50,312.35,102400,2.0233257,0.022021484,-0.003145234,42.5593,172.04236555099487,575,0.654716968536377,300.56763501
104448,0.0037188823,51,324.98,104448,2.0329788,0.044433594,-0.0048634303,41.595753,175.60426783561707,597,0.622911274433136,312.59266401
106496,0.0030425643,52,333.98,106496,2.0433557,0.03730469,-0.00352811,42.944576,179.03021264076233,589,0.437380850315094,321.20155858000004
108544,0.0016202636,53,343.87,108544,2.0486526,0.012890625,-0.0010888218,41.22067,182.50324034690857,605,0.5102786421775818,330.65392775
110592,0.002075422,54,350.77,110592,2.059234,0.017773438,-0.000547517,39.352043,185.888827085495,569,0.5486315190792084,337.09894885
112640,0.0024924984,55,354.85,112640,2.0701683,0.02451172,-0.0027945375,39.0732,189.48840498924255,562,0.5446509122848511,340.76754478
114688,0.001787352,56,359.58,114688,2.0836325,0.014208985,-0.0012995101,36.59177,193.12870693206787,574,0.5856544673442841,345.03831002000015
116736,0.0022216863,57,362.01,116736,2.0883615,0.017675782,-0.0029699798,35.253822,196.69154715538025,576,0.6541048288345337,347.20560309999996
118784,0.0011933038,58,367.34,118784,2.0919816,0.008300781,-0.0011149851,35.519356,200.24476289749146,579,0.6375929415225983,352.22667138
120832,0.0024911608,59,366.25,120832,2.095554,0.023583984,-0.00239931,33.538994,203.78295612335205,579,0.7041735947132111,351.13248705
122880,0.00345462,60,369.99,122880,2.10907,0.038085938,-0.0024832217,32.63053,207.3173475265503,586,0.7066938579082489,354.62832228
124928,0.0013622756,61,369.89,124928,2.1235976,0.009619141,-0.0011822807,31.733084,210.80780029296875,589,0.7316990196704865,354.58078273000007
126976,0.0012170485,62,360.5,126976,2.1276135,0.0051757814,-0.0017284993,28.685085,214.28123903274536,574,0.785077765583992,345.5121828
129024,0.0019491429,63,352.2,129024,2.1285737,0.017480468,-0.0030717456,28.185566,217.8485083580017,575,0.8015939742326736,337.6013394600001
131072,0.00126578,64,357.7,131072,2.1338096,0.008056641,-0.0015698591,33.51365,221.40751838684082,589,0.6621865928173065,342.94535691
133120,0.0041011,65,360.97,133120,2.1407974,0.049560547,-0.0053601624,34.218056,224.88459372520447,602,0.5362971723079681,346.0343403999999
135168,0.0027125382,66,350.02,135168,2.1496465,0.027978515,-0.0039474843,32.46915,228.28704261779785,595,0.6936213672161102,335.49647575
137216,0.0013049635,67,347.01,137216,2.1530519,0.006982422,-0.0014614522,30.057215,231.72918009757996,574,0.7209524214267731,332.48727329
139264,0.0018281009,68,342.3,139264,2.1539743,0.011572266,-0.0009873102,26.9016,235.29351234436035,562,0.8056730479001999,328.13723403000006
141312,0.002676279,69,335.19,141312,2.1607533,0.028515626,-0.0025090803,31.438328,238.93642449378967,578,0.6382507979869843,321.35733677
143360,0.001995184,70,338.12,143360,2.1759996,0.021191407,-0.0011333277,26.459284,242.4793417453766,576,0.8277188837528229,324.35375831
145408,0.0019668667,71,341.25,145408,2.177975,0.017724609,-0.003330386,21.827036,246.03194379806519,584,0.8816498443484306,327.45900416999996
147456,0.0023489862,72,349.12,147456,2.1777005,0.025,-0.0028898455,25.089401,249.5387933254242,547,0.8352905362844467,335.2542465
149504,0.0011243199,73,352.99,149504,2.1885228,0.009521484,-0.0007100572,23.245745,253.28103160858154,577,0.8578884452581406,339.20701361000005
151552,0.0012158441,74,362.88,151552,2.18385,0.009423828,-0.00376162,25.65121,256.8283259868622,591,0.7871532291173935,348.86684527000006
153600,0.0017704846,75,369.26,153600,2.1897042,0.015625,-0.001709375,22.454266,260.290225982666,569,0.8562459200620651,355.1304182100001
155648,0.0021185684,76,379.66,155648,2.2096527,0.01875,-0.0018455979,19.663164,263.8864960670471,577,0.9158790484070778,365.34270557
157696,0.0023422511,77,390.49,157696,2.2050476,0.018164063,-0.003254115,20.158138,267.4342255592346,562,0.905477985739708,375.93345854
159744,0.002543118,78,404.18,159744,2.2208743,0.027929688,-0.0047742617,19.477116,271.07380986213684,585,0.8877193033695221,389.10232437999997
161792,0.0005448262,79,412.58,161792,2.2397437,0.001171875,9.593349e-05,21.63388,274.57160806655884,582,0.7736601680517197,397.25726327000007
163840,0.0011846495,80,424.21,163840,2.2311397,0.006982422,-0.0012506103,27.313965,278.09075689315796,592,0.6658025979995728,408.55677008
165888,0.00094194926,81,435.21,165888,2.2299547,0.008300781,-0.0012186697,22.645958,281.55094051361084,583,0.7759779840707779,419.33352481000003
167936,0.00093517156,82,443.28,167936,2.229572,0.0043945312,-0.0005081332,21.924482,285.0621109008789,582,0.7957313358783722,427.15240466
169984,0.0035784747,83,455.68,169984,2.2191386,0.038330078,-0.0034383424,17.518112,288.5784955024719,569,0.9163721576333046,439.24295487
172032,0.0021617056,84,470.03,172032,2.2179034,0.019335937,-0.003442997,18.545753,292.1775977611542,545,0.8369893133640289,453.2553277199999
174080,0.0027960597,85,481.73,174080,2.227369,0.02841797,-0.0026046697,15.817963,295.92959690093994,574,0.93487399071455,464.6336645399999
176128,0.0015964918,86,496.6,176128,2.2410936,0.016162109,-0.0018097367,18.550503,299.4927759170532,565,0.8338313698768616,479.32533864
178176,0.0019399183,87,511.04,178176,2.2520318,0.01928711,-0.0021020037,16.588467,303.1122465133667,587,0.8597756028175354,493.31481774
180224,0.0031185977,88,525.0,180224,2.246941,0.03125,-0.0031636402,26.077896,306.59628033638,587,0.23269814252853394,506.9059891
182272,0.0024865516,89,537.13,182272,2.2482429,0.026660156,-0.0029367828,20.13956,310.08053278923035,589,0.6568537056446075,518.74649949
184320,0.0034685228,90,555.64,184320,2.2586303,0.03959961,-0.0009731451,17.950298,313.55403780937195,575,0.7778570801019669,536.65327958
186368,0.001731224,91,573.24,186368,2.2612083,0.01586914,-0.0012682949,21.780897,317.1144881248474,572,0.009063422679901123,554.0576970999999
188416,0.0037244721,92,584.9,188416,2.266936,0.04536133,-0.0029336927,19.711987,320.6926338672638,611,0.055263400077819824,565.3274480700001
190464,0.0038269921,93,600.64,190464,2.2799997,0.044189453,-0.0052890824,19.270105,324.0417056083679,596,0.7017358541488647,580.4875633500001
192512,0.003911975,94,613.16,192512,2.2850366,0.044287108,-0.0018377509,13.83827,327.4750232696533,584,0.7648185342550278,592.33469704
194560,0.0020098698,95,628.22,194560,2.2935576,0.017138671,-0.0015005384,17.141832,330.97726464271545,569,0.3470205068588257,606.88660034
196608,0.002843576,96,636.89,196608,2.3101819,0.026123047,-0.0025644726,11.455808,334.5761811733246,571,0.892403744161129,615.2924848099999
198656,0.0023067496,97,652.95,198656,2.3224947,0.022460938,-0.0008614203,18.449162,338.16046929359436,571,0.023262858390808105,630.98749744
200704,0.0019301074,98,667.62,200704,2.3229995,0.018603515,-0.0012313137,17.521795,341.74348402023315,576,0.20779049396514893,645.1988537499999
202752,0.004721562,99,685.34,202752,2.327771,0.057763673,-0.0038600028,18.196173,345.2946207523346,554,0.018368840217590332,662.5585631999999
204800,0.0026429319,100,702.31,204800,2.3374183,0.025390625,-0.00068735203,15.546167,348.98873567581177,548,0.39635562896728516,679.12087883
206848,0.002595967,101,719.8,206848,2.34061,0.029003907,-0.001482348,17.70483,352.7245304584503,555,0.038014769554138184,696.27987593
208896,0.001970556,102,738.1,208896,2.342285,0.01694336,-0.0011475716,16.672718,356.4130394458771,531,0.12808656692504883,714.2338614800001
210944,0.0018566109,103,754.29,210944,2.3348696,0.0128417965,8.960647e-05,15.628342,360.26966094970703,536,0.27613377571105957,729.9833600600001
212992,0.0018426748,104,773.55,212992,2.3343155,0.012353515,-0.0003714733,9.443904,364.0904552936554,567,0.8765048757195473,748.70307426
215040,0.0031959866,105,791.66,215040,2.3468907,0.03666992,-0.0020148058,11.711935,367.700945854187,583,0.934316448867321,765.9552336499999
217088,0.002228211,106,807.91,217088,2.3626387,0.021044921,-0.0005759854,10.297071,371.2107319831848,559,0.8208590298891068,781.7044551499998
219136,0.0008091984,107,821.08,219136,2.3634777,0.003515625,6.340749e-05,8.92869,374.8696913719177,564,0.9501653052866459,794.21625395
221184,0.0027855774,108,836.14,221184,2.3609176,0.026416015,-0.0028548734,6.7267137,378.496435880661,570,0.9772657752037048,808.6429599100001
223232,0.0030234777,109,849.66,223232,2.3587084,0.028515626,-0.0018398261,15.436015,382.08664083480835,581,0.12672293186187744,821.82588539
225280,0.0013731899,110,861.14,225280,2.3508024,0.008056641,-8.249332e-05,8.133815,385.6124007701874,587,0.971293680369854,832.6115912700001
227328,0.0031490184,111,881.18,227328,2.3447044,0.030419922,-0.004973992,7.0628533,389.09689497947693,577,0.983649643138051,851.72907541
229376,0.002376529,112,898.05,229376,2.3346853,0.020117188,-0.0010354833,16.463026,392.64495158195496,587,0.010408580303192139,868.4310716400001
231424,0.0038316962,113,915.04,231424,2.3394725,0.043359376,-0.0026942906,13.69801,396.13209080696106,596,0.30690330266952515,885.06322449
233472,0.0045817555,114,925.77,233472,2.3618205,0.05678711,-0.0074768513,6.183593,399.56725692749023,589,0.8911564648151398,895.5925421199998
235520,0.0026628377,115,944.06,235520,2.3736262,0.026660156,-0.0013917857,26.99212,403.04007863998413,607,0.09207367897033691,913.4003297000002
237568,0.00364547,116,958.25,237568,2.3937535,0.03959961,-0.0027209532,24.05676,406.4141480922699,612,0.2950611710548401,927.3024482999998
239616,0.0042752824,117,974.17,239616,2.4151413,0.051416017,-0.0031002802,16.118631,409.76016879081726,566,0.010815024375915527,943.0359528399998
241664,0.0020463201,118,991.93,241664,2.4262693,0.015283203,-0.00092055445,16.202013,413.3777997493744,589,0.002124309539794922,960.40129584
243712,0.0033710971,119,1009.74,243712,2.4271216,0.036230467,-0.0026151717,16.21048,416.85102581977844,581,-0.0009237527847290039,977.94688947
245760,0.0014500779,120,1026.37,245760,2.439233,0.0128417965,-1.2494222e-05,15.122948,420.3760917186737,574,0.1299436092376709,994.34170939
247808,0.0033903744,121,1043.29,247808,2.4452395,0.038085938,-0.0025811626,20.874884,423.94384026527405,580,0.9613821096718311,1010.41323659
249856,0.0041979896,122,1058.69,249856,2.4507668,0.046679687,-0.0012486571,13.83975,427.4751102924347,594,0.31983113288879395,1025.5397767499999
251904,0.0003256172,123,1076.34,251904,2.4642758,0.0005859375,0.00016162012,15.987615,430.92178320884705,581,0.03528326749801636,1042.8901894399999
253952,0.003493602,124,1091.59,253952,2.468465,0.041259766,-0.0026460104,16.354633,434.4462585449219,573,0.02113443613052368,1058.0858606799998
256000,0.00898529,125,1109.47,256000,2.4697754,0.12939453,-0.004430049,16.555767,438.01821660995483,552,0.005475521087646484,1075.87895938
258048,0.002599904,126,1127.58,258048,2.4565635,0.025097657,-0.0013720845,14.785242,441.7247803211212,569,0.1769842505455017,1093.6364285
260096,0.0020951892,127,1144.06,260096,2.4442997,0.017431641,9.1478476e-05,16.360346,445.3234465122223,574,0.024086177349090576,1109.87064734
262144,0.0042889654,128,1159.83,262144,2.4456618,0.049316406,-0.0020401261,13.273326,448.89205026626587,571,0.37648940086364746,1125.2133149899998
264192,0.0048795044,129,1174.52,264192,2.4435885,0.059765626,-0.0027931076,15.676091,452.4750192165375,565,0.09577280282974243,1139.48521171
266240,0.0027483804,130,1190.11,266240,2.4379427,0.027978515,-0.00075645815,16.922707,456.0943765640259,568,0.007025659084320068,1154.95910463
268288,0.0019834212,131,1205.93,268288,2.4357426,0.015478516,-0.00036391825,16.112974,459.69554257392883,574,0.12114012241363525,1170.53871458
270336,0.0036550132,132,1221.91,270336,2.4436154,0.04423828,-0.0011243398,16.62089,463.25888228416443,562,0.055670201778411865,1186.39302749
272384,0.006962517,133,1236.84,272384,2.4560504,0.08935547,-0.005359916,17.542355,466.8983266353607,576,-0.0019047260284423828,1201.31844013
274432,0.0058363494,134,1254.52,274432,2.473566,0.07768555,-0.0018408543,17.869213,470.4523527622223,566,-0.0003832578659057617,1219.00750929
276480,0.00091371604,135,1270.07,276480,2.4796789,0.0076171877,0.00015879827,17.385128,474.0672585964203,569,0.028449714183807373,1234.42751086
278528,0.0030316734,136,1282.87,278528,2.482569,0.030273438,-0.0014269107,16.496199,477.66494059562683,576,0.11903393268585205,1247.18046668
280576,0.0037485722,137,1298.43,280576,2.4708564,0.03881836,-0.0012012718,18.046022,481.2186200618744,572,0.01585566997528076,1262.6419841400002
282624,0.0028630183,138,1314.48,282624,2.469274,0.03261719,5.4092583e-05,18.642584,484.7982060909271,566,-0.006403088569641113,1278.6768207300001
284672,0.0033517391,139,1330.59,284672,2.4663622,0.031396486,-0.0010774692,18.257221,488.41735219955444,570,0.021646857261657715,1294.7237154000002
286720,0.0025749924,140,1345.49,286720,2.4582415,0.021582032,-0.00070514204,17.858633,492.0095899105072,575,0.06494021415710449,1309.55825514
288768,0.00051396014,141,1360.98,288768,2.4565377,0.00024414062,0.00054020697,18.371452,495.56978964805603,571,0.029936254024505615,1325.0105215400001
290816,0.0053372025,142,1375.85,290816,2.4579666,0.06772461,-0.0025850325,18.830673,499.15373730659485,576,0.03319132328033447,1339.9669931000003
292864,0.0024715061,143,1388.19,292864,2.4621947,0.017529298,-0.00091142766,18.152601,502.7072505950928,572,0.10080325603485107,1352.29063631
294912,0.0024036071,144,1405.01,294912,2.4593644,0.019921875,-0.00095332257,18.580101,506.283983707428,569,0.06218254566192627,1369.04438167
296960,0.0049879155,145,1422.77,296960,2.4553528,0.062109374,-0.0018133076,19.690306,509.8840310573578,579,-0.0024230480194091797,1386.76549383
299008,0.0031779346,146,1437.34,299008,2.4504185,0.02734375,-0.001430317,19.68113,513.4183857440948,568,-0.011638164520263672,1401.42244889
301056,0.004352484,147,1454.09,301056,2.4485936,0.049462892,-0.0027301922,19.637749,517.0210053920746,567,-0.0018634796142578125,1418.12285322
303104,0.0057603056,148,1464.25,303104,2.4465883,0.074121095,-0.0016774066,19.607054,520.6287982463837,567,-0.002514958381652832,1428.38204825
305152,0.0017542584,149,1480.0,305152,2.4566205,0.013818359,-9.320236e-05,19.57179,524.2358167171478,570,0.002004384994506836,1444.2034917400001
307200,0.002015209,150,1495.44,307200,2.482768,0.019873047,-0.0007599746,19.583864,527.828052520752,569,0.004237949848175049,1459.6894197899999
309248,0.004371417,151,1508.62,309248,2.4966931,0.050097656,-0.0013475417,19.869612,531.4242036342621,562,-0.003214597702026367,1473.0476300699997
311296,0.0027666052,152,1521.52,311296,2.4736068,0.019677734,-0.0021919035,19.640558,535.0675926208496,560,0.015405356884002686,1486.0339455499998
313344,0.0035407543,153,1535.48,313344,2.4570022,0.03203125,-0.0011912581,19.742355,538.7210161685944,559,0.003404676914215088,1499.9628176
315392,0.0038285677,154,1547.86,315392,2.468017,0.042919923,-0.0021967704,19.811764,542.3815093040466,564,0.007219552993774414,1512.4450715000003
317440,0.0054572774,155,1561.34,317440,2.4790382,0.06713867,-0.0051609958,19.33695,546.0114614963531,566,0.047173917293548584,1525.9419326800003
319488,0.0038513143,156,1572.76,319488,2.4863403,0.045410156,-0.00037478007,20.040525,549.6271991729736,542,0.0005826950073242188,1537.5384816300002
321536,0.0064642862,157,1590.27,321536,2.4819078,0.08339844,-0.0020643002,20.05096,553.4041404724121,564,0.002550184726715088,1555.1136692500002
323584,0.0016219424,158,1603.05,323584,2.4717517,0.009960937,0.0004701332,20.090775,557.0350532531738,567,-0.0004553794860839844,1568.00437358
325632,0.001609965,159,1620.32,325632,2.4751594,0.011230469,0.00011044242,19.910679,560.6441848278046,556,0.01424640417098999,1585.2797975600001
327680,0.0047616414,160,1635.29,327680,2.478493,0.058691405,-0.004398615,20.177425,564.324056148529,565,0.0038909316062927246,1600.2538025500003
329728,0.004172151,161,1649.48,329728,2.4699283,0.04501953,-0.0019733391,20.168571,567.9468188285828,567,0.004160463809967041,1614.6496367900002
331776,0.003208163,162,1664.2,331776,2.4684157,0.032958984,-0.00017157228,20.051342,571.5571677684784,566,0.011999726295471191,1629.51738997
333824,0.0030229469,163,1678.47,333824,2.4795828,0.0328125,0.00073286414,20.363754,575.1752460002899,559,0.002876877784729004,1643.85374251
335872,0.0024355317,164,1692.71,335872,2.4772763,0.023046875,-0.0006084511,19.178535,578.8333163261414,575,0.09515762329101562,1658.0664445300001
337920,0.0055395574,165,1707.39,337920,2.4823685,0.07128906,-0.0018859904,19.91746,582.3944771289825,568,0.0283128023147583,1672.77982537
339968,0.0012766586,166,1722.55,339968,2.480783,0.0033691407,-0.00021246183,16.59668,585.9980421066284,575,0.31166183948516846,1687.8655388600005
342016,0.0043692547,167,1739.16,342016,2.4833405,0.052978516,-0.002714924,18.822107,589.5582077503204,557,0.07690155506134033,1704.3123114700002
344064,0.0049849916,168,1752.11,344064,2.4933934,0.059228517,0.00038008965,18.644985,593.23047041893,558,0.12566804885864258,1717.27257403
346112,0.004617136,169,1761.68,346112,2.5008035,0.057861328,-0.0013315687,20.378551,596.8985795974731,573,-0.00823962688446045,1727.04488428
348160,0.004144334,170,1770.33,348160,2.506868,0.04638672,-0.0012743806,20.10023,600.4674863815308,576,0.010602355003356934,1735.88984083
350208,0.005094901,171,1782.87,350208,2.5181987,0.064013675,-0.0040803896,20.2569,604.0223696231842,566,0.0022473931312561035,1748.5992480700004
352256,0.0020972206,172,1793.08,352256,2.5262642,0.017773438,-5.704305e-05,20.257095,607.6368174552917,574,0.0032355189323425293,1759.0659455900002
354304,0.004734534,173,1809.41,354304,2.5223136,0.057275392,-0.0006884234,20.369568,611.2043421268463,565,-0.001626729965209961,1775.4209712900001
356352,0.002680989,174,1823.84,356352,2.5162053,0.027441407,-0.00014240576,20.31096,614.8246450424194,575,0.00027948617935180664,1789.94569211
358400,0.0037419784,175,1834.55,358400,2.5101535,0.033203125,4.633629e-05,19.265947,618.3818755149841,564,0.059196412563323975,1800.7035723899999
360448,0.002825829,176,1849.26,360448,2.5077224,0.023779297,-0.0010459882,20.24727,622.0117812156677,552,-0.0013914108276367188,1815.52329195
362496,0.0029084682,177,1862.74,362496,2.509835,0.027929688,-0.00040709585,20.303152,625.7213094234467,562,-0.002172231674194336,1829.0569767900001
364544,0.0030914324,178,1874.44,364544,2.5089374,0.027539063,-0.0006088548,20.04958,629.3626277446747,562,0.010934591293334961,1840.8893211499997
366592,0.0060152137,179,1885.17,366592,2.5109935,0.07216797,-0.0021008241,20.25658,633.0047407150269,563,-0.0018967390060424805,1851.8575128500001
368640,0.0033313842,180,1893.39,368640,2.5251765,0.038720705,-0.0010261461,20.197123,636.6409788131714,564,-0.005783796310424805,1860.37834191
370688,0.0050005214,181,1907.49,370688,2.535854,0.06323242,-0.003804593,20.135422,640.2684035301208,562,-0.002268075942993164,1874.5765033399998
372736,0.005056914,182,1921.74,372736,2.5476577,0.06435547,-0.000430087,20.054356,643.9092559814453,570,0.00037795305252075195,1888.95959595
374784,0.0046325317,183,1931.7,374784,2.5529594,0.053857423,-0.0016873697,19.285358,647.5000936985016,563,0.04514658451080322,1899.02756677
376832,0.0062442427,184,1939.67,376832,2.5541444,0.081884764,-0.0016879911,19.801888,651.1335475444794,556,0.01579582691192627,1907.3661624399997
378880,0.0021971404,185,1945.9,378880,2.562727,0.019970704,0.00027963426,20.142294,654.8135032653809,555,-8.416175842285156e-05,1913.92303637
380928,0.006222979,186,1945.9,380928,2.573999,0.08149414,-0.002707306,20.205559,658.5028805732727,575,-0.003298521041870117,1914.1354151999997
382976,0.0034625717,187,1952.28,382976,2.5810218,0.038671874,-0.0003427642,20.114147,662.0652785301208,566,-0.0008252859115600586,1920.9397572999997
385024,0.0035781176,188,1961.92,385024,2.5906959,0.038671874,-0.00063121173,20.131426,665.6802191734314,569,-0.0032591819763183594,1930.7957249099998
387072,0.004581677,189,1967.48,387072,2.5917444,0.058300782,-0.0027385696,20.023577,669.2756719589233,535,-0.0020940303802490234,1936.94310746
389120,0.0034436514,190,1968.27,389120,2.5860438,0.03261719,-0.0010347024,19.970518,673.1043412685394,554,-0.0006449222564697266,1938.4763449299999
391168,0.0034672953,191,1968.27,391168,2.582808,0.034521483,-0.0009739109,20.068148,676.801748752594,585,-0.005722403526306152,1939.0579491300002
393216,0.002633009,192,1972.2,393216,2.5798953,0.022314453,-0.0007707944,20.001911,680.3001308441162,564,-2.5510787963867188e-05,1943.36987472
395264,0.0025237987,193,1972.2,395264,2.5812082,0.023974609,0.00012249459,19.40044,683.9282376766205,554,0.035967111587524414,1943.7793572200003
397312,0.007383651,194,1972.2,397312,2.5927072,0.09682617,-0.0050348984,20.09222,687.6195709705353,569,-0.001236557960510254,1944.3964887500001
399360,0.0058338484,195,1972.2,399360,2.606906,0.072509766,-0.0026905115,19.96569,691.2146551609039,582,0.009396731853485107,1944.7215049600002
401408,0.0029845068,196,1972.2,401408,2.6058831,0.029882813,0.0007359781,18.888935,694.733793258667,566,0.07489556074142456,1945.0561077699997
403456,0.0019286992,197,1972.2,403456,2.6110075,0.014453125,-6.5035725e-05,19.141577,698.3505682945251,562,0.07159924507141113,1945.3204834400003
405504,0.0072162366,198,1972.2,405504,2.6103427,0.09819336,-0.0010680958,18.399345,701.9954965114594,575,0.12039715051651001,1945.5495877099997
407552,0.0038998947,199,1972.2,407552,2.6108155,0.04018555,-0.00090015755,19.669155,705.5566945075989,559,0.038299620151519775,1945.92997881
409600,0.0023805997,200,1972.2,409600,2.6318517,0.025244141,-0.00044314488,20.316244,709.2151827812195,550,0.010408222675323486,1946.42718464
411648,0.0048270277,201,1978.79,411648,2.6521993,0.05317383,-0.0026674413,19.801964,712.9391922950745,565,0.01777029037475586,1953.4851458500002
413696,0.0047239107,202,1984.45,413696,2.6491811,0.0578125,-0.0019252623,20.48421,716.5628755092621,562,-0.006801247596740723,1959.6412530600003
415744,0.002002464,203,1984.45,415744,2.6589372,0.016308594,-0.0004491966,20.385036,720.2055792808533,560,-0.006258368492126465,1960.28949985
417792,0.0034230906,204,1987.54,417792,2.6701984,0.035351563,0.00045073015,20.254824,723.8578596115112,559,0.002243518829345703,1964.10846874
419840,0.0012440054,205,1990.23,419840,2.6831985,0.008105469,-8.0168385e-05,20.289383,727.5164887905121,561,-0.0009537935256958008,1967.4854418900002
421888,0.0026236312,206,1990.23,421888,2.692985,0.025732422,-0.0007202119,20.213984,731.1636145114899,567,-0.0026671886444091797,1967.9328337899997
423936,0.0037207678,207,1994.19,423936,2.6899548,0.03671875,-0.00051996246,19.987396,734.7751007080078,547,0.006387650966644287,1972.6655240399998
425984,0.004416286,208,2002.35,425984,2.6962183,0.05341797,-0.0011776242,20.0555,738.5136268138885,541,0.011214077472686768,1981.2542773100001
428032,0.0036158091,209,2009.62,428032,2.7075896,0.037158202,0.00085480453,20.367071,742.2996225357056,561,-0.005524635314941406,1989.09166431
430080,0.004023264,210,2009.62,430080,2.7107065,0.046240233,-0.00097654446,20.265047,745.9477536678314,550,-0.0044928789138793945,1989.29227928
432128,0.0025520597,211,2009.62,432128,2.7159095,0.022705078,0.00027978828,20.14552,749.671788930893,551,-0.0015039443969726562,1989.6223768300001
434176,0.0041848486,212,2015.27,434176,2.72351,0.050976563,-0.0016209878,20.036108,753.3856241703033,557,-0.003909945487976074,1995.43433645
436224,0.0033467398,213,2015.27,436224,2.727111,0.036816407,-0.00022640098,19.693073,757.0591831207275,565,0.017280638217926025,1995.77933745
438272,0.010697633,214,2028.56,438272,2.7319283,0.14746094,-0.006811557,19.31866,760.6845328807831,559,0.052907347679138184,2009.0988786199998
440320,0.0072687096,215,2038.45,440320,2.746656,0.0925293,-0.0021482222,20.133705,764.3468778133392,567,-0.0005903244018554688,2019.1519046
442368,0.0031583947,216,2049.0,442368,2.7512188,0.026953125,-0.0008664007,19.967258,767.9591069221497,555,0.00544816255569458,2029.88321456
444416,0.0022893492,217,2049.0,444416,2.764712,0.021826172,0.00010000032,20.003633,771.6448605060577,563,0.012909531593322754,2030.0939058000001
446464,0.0024196736,218,2049.0,446464,2.7830315,0.025537109,0.00024447215,20.243176,775.2776730060577,552,-0.0033491849899291992,2030.5083152
448512,0.005020038,219,2049.0,448512,2.7930284,0.057373047,-0.0009455232,20.101185,778.9826245307922,548,0.004135072231292725,2030.82133644
450560,0.002957786,220,2049.0,450560,2.8026655,0.029443359,-0.0015500996,20.287916,782.7192494869232,566,-0.002742767333984375,2031.0893681000002
452608,0.0028506783,221,2049.0,452608,2.7987761,0.027001953,-0.0009442655,20.221907,786.3352646827698,544,-0.0013666152954101562,2032.0041384700003
454656,0.0034211662,222,2049.0,454656,2.801866,0.039453126,-0.0012040811,20.142757,790.0960628986359,549,-0.0016661882400512695,2032.3375341100002
456704,0.005169359,223,2049.0,456704,2.8081925,0.06362305,-0.0005454218,20.121325,793.8247909545898,553,0.0004521012306213379,2032.67343467
458752,0.0057654125,224,2049.0,458752,2.809891,0.073632814,-0.0039049431,20.122402,797.5236439704895,556,-0.0011322498321533203,2032.8268455500001
460800,0.0057684802,225,2049.0,460800,2.8165963,0.0758789,-0.0010444447,20.127394,801.2054991722107,551,0.0016885995864868164,2032.96143684
462848,0.002294837,226,2049.0,462848,2.8205988,0.01875,-0.00055602397,20.14951,804.9223480224609,549,-0.00373077392578125,2033.3383609999998
464896,0.0038169972,227,2049.0,464896,2.8312364,0.042578124,-0.0009777541,20.138227,808.6509876251221,546,-0.004455089569091797,2033.67104662
466944,0.0035408237,228,2049.0,466944,2.8422487,0.041064452,-0.001117685,20.014328,812.4018421173096,554,-0.002371549606323242,2034.17617138
468992,0.0044107717,229,2049.0,468992,2.855095,0.051953126,-0.0018232495,19.78002,816.0952253341675,553,0.01418989896774292,2034.6362778500002
471040,0.0028067003,230,2049.0,471040,2.8640075,0.026464844,-0.001330074,20.048899,819.7949562072754,548,0.005179762840270996,2034.8107111400002
473088,0.0015674031,231,2049.0,473088,2.8673213,0.009423828,0.00011466218,20.154438,823.5275149345398,546,-0.007907748222351074,2035.1049002700001
475136,0.0044999328,232,2049.0,475136,2.8714018,0.04799805,-0.0014919981,20.113354,827.2768263816833,554,-0.0009717941284179688,2035.29426134
477184,0.0021688486,233,2049.0,477184,2.8731833,0.015917968,0.0003768886,19.999247,830.9689135551453,548,-0.003262162208557129,2035.3884048099999
479232,0.0028725278,234,2049.0,479232,2.878759,0.031933594,-0.0030581616,19.613903,834.7030930519104,553,0.028687596321105957,2035.35331155
481280,0.003176506,235,2049.0,481280,2.8885884,0.030419922,-0.0005268245,19.964178,838.4011051654816,555,-0.0003255605697631836,2035.4920886300001
483328,0.0027387762,236,2049.0,483328,2.8854966,0.023486327,-0.0005510259,19.960926,842.088133096695,556,-0.00031113624572753906,2035.70326308
485376,0.0027180077,237,2049.0,485376,2.884785,0.025537109,6.675647e-05,19.946758,845.771778345108,539,-0.008963704109191895,2035.79356621
487424,0.0026092923,238,2049.0,487424,2.8839154,0.019921875,7.28362e-05,19.902016,849.5701987743378,547,0.001239180564880371,2035.8246895799998
489472,0.0023140654,239,2049.0,489472,2.8762465,0.021875,-0.00048080465,19.907482,853.3107717037201,553,0.0007150769233703613,2035.8610463700002
491520,0.0040492257,240,2049.0,491520,2.8676958,0.044042967,0.00032729862,19.685326,857.0148196220398,548,0.016270935535430908,2035.9628003999999
493568,0.004519687,241,2049.0,493568,2.8603244,0.054736327,-0.0021685155,19.998798,860.7491011619568,546,-0.006610393524169922,2036.0876235399999
495616,0.0021997453,242,2049.0,495616,2.8578134,0.01689453,5.989077e-05,19.943617,864.4987037181854,546,-0.0016238689422607422,2036.09412817
497664,0.0027733603,243,2049.0,497664,2.8442616,0.023925781,-0.00075448037,19.909826,868.2452230453491,546,-0.0013670921325683594,2036.13248029
499712,0.0027685629,244,2049.0,499712,2.8514714,0.027246093,-0.0032093544,19.420313,871.9901580810547,557,0.03687918186187744,2036.17758057
501760,0.0040654102,245,2049.0,501760,2.859957,0.047607422,-0.0012992384,19.68202,875.6651973724365,560,0.008647799491882324,2036.13465124
503808,0.002711992,246,2049.0,503808,2.8655057,0.024560547,-0.0010634304,19.570776,879.3211717605591,546,0.013987720012664795,2036.0865468699997
505856,0.0049429694,247,2049.0,505856,2.8765988,0.06098633,-0.001703448,19.553812,883.0725929737091,548,0.02046787738800049,2036.1196912599999
507904,0.004299349,248,2049.0,507904,2.8944879,0.048339844,-0.0025114524,19.771328,886.8107147216797,559,0.012091636657714844,2036.1788496299998
509952,0.0031142593,249,2049.0,509952,2.9189498,0.032128908,-0.0014059718,19.737104,890.4751064777374,539,0.01846534013748169,2036.1855035499998
512000,0.004291207,250,2049.0,512000,2.9374204,0.053271484,-0.0011441383,19.613903,894.2713553905487,543,0.03984779119491577,2036.2281859799998
514048,0.004489251,251,2049.0,514048,2.9401813,0.0546875,-0.0008352273,19.962654,898.0453152656555,542,0.011745154857635498,2036.24019638
516096,0.0011786909,252,2049.0,516096,2.9394543,0.007421875,0.00022323686,19.953104,901.8232138156891,548,0.00571441650390625,2036.3389643399998
518144,0.004264925,253,2049.0,518144,2.93435,0.04941406,-0.0014862698,20.20778,905.5607767105103,551,-0.03700542449951172,2036.4440770400001
520192,0.0036287904,254,2049.0,520192,2.9332974,0.04135742,0.00010503776,20.016108,909.2752199172974,542,0.0027808547019958496,2036.54831301
522240,0.004197352,255,2049.0,522240,2.9337757,0.048046876,-0.0012936925,20.034794,913.049309015274,558,0.0012642741203308105,2036.58802829
524288,0.0037445817,256,2049.0,524288,2.9381988,0.036572266,-0.0012500582,20.01838,916.7197320461273,567,0.00169450044631958,2036.6381436199997
526336,0.0031298627,257,2049.0,526336,2.9430642,0.029443359,-0.000517228,20.140564,920.3313765525818,551,-0.003533005714416504,2036.64738859
528384,0.0039649657,258,2049.0,528384,2.948891,0.050341796,-0.0010252384,20.049017,924.0473024845123,542,0.006023883819580078,2036.64589587
530432,0.005431259,259,2049.0,530432,2.9525325,0.07695313,-0.0031273577,20.215176,927.8266153335571,554,-0.004229187965393066,2036.7011031700001
532480,0.00405023,260,2049.0,532480,2.9522414,0.047167968,-0.0016793769,20.146294,931.5231912136078,555,-0.006121516227722168,2036.72259739
534528,0.0046610176,261,2049.0,534528,2.954557,0.0515625,-0.0024960747,20.13551,935.2131524085999,565,-0.002416372299194336,2036.74309349
536576,0.002025452,262,2049.0,536576,2.9578614,0.015917968,-0.0009348748,19.843243,938.8345565795898,557,0.01631110906600952,2036.7339498700003
538624,0.004121182,263,2049.0,538624,2.9577348,0.05053711,-0.0013996928,20.208664,942.5064823627472,559,-0.006083130836486816,2036.7417970700003
540672,0.006682493,264,2049.0,540672,2.9490347,0.08574219,-0.005520445,19.875233,946.1668503284454,550,0.020435452461242676,2036.9063678300001
542720,0.0042337934,265,2049.0,542720,2.9465275,0.052197266,-0.0012785958,20.293997,949.8894016742706,538,-0.029551267623901367,2036.86845898
544768,0.004351632,266,2049.0,544768,2.9498565,0.053027343,-0.0031357375,20.106266,953.6901381015778,540,0.002297520637512207,2037.0289893199997
546816,0.0023636247,267,2049.0,546816,2.9548047,0.023974609,-0.001007299,19.82044,957.4822752475739,554,0.019927263259887695,2037.11386205
548864,0.00343015,268,2049.0,548864,2.9535203,0.038330078,0.0006498884,19.199732,961.1757109165192,550,0.06067013740539551,2037.0562560199999
550912,0.0027291405,269,2049.0,550912,2.9502187,0.025244141,0.000821644,20.08164,964.8990607261658,549,0.01165914535522461,2037.04175315
552960,0.0067077605,270,2049.0,552960,2.9464269,0.08549805,-0.0019906685,20.186365,968.6301980018616,547,-0.0030885934829711914,2037.0216973600002
555008,0.0040523913,271,2049.0,555008,2.9512298,0.049902342,-0.0013726945,20.095356,972.3687908649445,544,0.0008578896522521973,2036.9925168799998
557056,0.0021957266,272,2049.0,557056,2.956308,0.01640625,0.00018358685,20.081532,976.1313111782074,538,-4.076957702636719e-05,2036.95297316
559104,0.0048787408,273,2049.0,559104,2.9664092,0.059228517,-0.0018176902,20.05244,979.9326746463776,552,-0.001360774040222168,2036.96562835
561152,0.0023954124,274,2049.0,561152,2.9743423,0.01665039,0.00015121458,19.998077,983.6408085823059,547,-0.0007913112640380859,2036.97625465
563200,0.0021883093,275,2049.0,563200,2.9722958,0.019921875,0.00044619665,19.873775,987.3806416988373,551,0.0037557482719421387,2037.07469844
565248,0.0031136826,276,2049.0,565248,2.9687924,0.030371094,-0.00011137153,19.990875,991.0947418212891,542,-0.003270745277404785,2037.06449858
567296,0.004442404,277,2049.0,567296,2.9671783,0.051220704,-0.0023637644,19.967228,994.8687238693237,549,-0.007166743278503418,2037.0737990500004
569344,0.0020998954,278,2049.0,569344,2.968,0.017773438,-0.00026470376,20.096134,998.5966844558716,538,-0.0038689374923706055,2037.0685858699999
571392,0.005554887,279,2049.0,571392,2.970714,0.074804686,-0.0045852093,20.029198,1002.4002828598022,525,0.00510859489440918,2037.10317844
573440,0.0031009382,280,2049.0,573440,2.967171,0.030615235,-0.0018150157,20.101786,1006.2969446182251,548,-0.007016181945800781,2037.08570234
575488,0.0014382667,281,2049.0,575488,2.9593678,0.010107422,-0.00017314815,20.072922,1010.0319647789001,541,-0.0022003650665283203,2037.0658937
577536,0.0016645802,282,2049.0,577536,2.960607,0.013525391,-0.0013663318,20.012741,1013.812254190445,540,-0.0025475025177001953,2037.0815177299999
579584,0.0012877404,283,2049.0,579584,2.9711556,0.0089355465,-0.00029444444,19.948051,1017.5991101264954,537,-0.002566099166870117,2037.14519882
581632,0.003614846,284,2049.0,581632,2.9763901,0.03676758,-0.00086905464,19.873629,1021.4122865200043,551,-0.002129793167114258,2037.18093556
583680,0.003530732,285,2049.0,583680,2.9715455,0.040625,-1.6975007e-05,19.832434,1025.1259081363678,535,0.008529424667358398,2037.2012697900002
585728,0.0033497848,286,2049.0,585728,2.972208,0.03569336,-0.00084840023,20.09673,1028.95267868042,535,-0.004272103309631348,2037.2087779900003
587776,0.0025322593,287,2049.0,587776,2.9739745,0.022314453,-0.0010455039,20.020575,1032.7757263183594,544,0.0033597946166992188,2037.19310713
589824,0.0021676589,288,2049.0,589824,2.973231,0.0126953125,-0.0011184739,20.105587,1036.5398075580597,545,-0.00042235851287841797,2037.1875432000004
591872,0.0025225426,289,2049.0,591872,2.983571,0.023095703,-0.00155205,20.054256,1040.2983169555664,539,-0.0034520626068115234,2037.18184704
593920,0.002865755,290,2049.0,593920,2.9952848,0.029638672,-0.0003473927,19.991606,1044.0962364673615,544,0.0015346407890319824,2037.19192019
595968,0.004433199,291,2049.0,595968,2.9951909,0.049902342,-0.0020748226,20.017796,1047.8589324951172,548,0.0020859241485595703,2037.20604298
598016,0.0063457065,292,2049.0,598016,3.0003943,0.08598633,-0.004170175,19.899162,1051.5971686840057,550,0.004160284996032715,2037.2377318699998
600064,0.0041999323,293,2049.0,600064,3.0123687,0.050732423,-0.0015498393,19.86922,1055.3212521076202,521,0.009645819664001465,2037.2862393199998
602112,0.0026352077,294,2049.0,602112,3.0270252,0.024658203,-0.00085687544,19.71526,1059.2468264102936,542,0.005992531776428223,2037.1187553899997
604160,0.0027007593,295,2049.0,604160,3.0375297,0.026464844,-0.00037161674,19.340649,1063.0260469913483,541,0.043086111545562744,2037.0342650199998
606208,0.00081428944,296,2049.0,606208,3.0389972,0.00078125,0.00043462557,19.12704,1066.806251525879,544,0.035723090171813965,2036.92342507
608256,0.004712479,297,2049.0,608256,3.042265,0.055273436,-0.0010122375,19.150612,1070.57182097435,538,0.05891793966293335,2036.86934086
610304,0.0033966545,298,2049.0,610304,3.0452943,0.038232423,-0.001129374,19.036129,1074.373300075531,553,0.05772221088409424,2036.7937715
612352,0.002901751,299,2049.0,612352,3.048325,0.029589843,-0.0013341994,17.87546,1078.0751345157623,549,0.15691405534744263,2036.58471783
614400,0.00085727253,300,2049.0,614400,3.0549574,0.0025390624,-0.00015730833,19.056866,1081.8014438152313,549,0.045329511165618896,2036.34980133
616448,0.001857145,301,2049.0,616448,3.0554445,0.016064454,-0.00071955007,18.873632,1085.5311391353607,545,0.059248268604278564,2036.21329344
618496,0.0010441676,302,2049.0,618496,3.049781,0.0029296875,-0.00025926504,19.806517,1089.2894124984741,549,-0.0002824068069458008,2036.0630613900003
620544,0.0029454227,303,2049.0,620544,3.0575159,0.025341798,-0.0011958055,19.6541,1093.0149302482605,547,0.02512061595916748,2035.9182128600003
622592,0.0018798923,304,2049.0,622592,3.0621474,0.013183594,0.00014514875,19.757076,1096.756677865982,545,0.02807796001434326,2035.8127967900002
624640,0.0017732205,305,2049.0,624640,3.0664709,0.01586914,0.0005197299,19.740133,1100.5123076438904,537,0.03254997730255127,2035.7179212700003
626688,0.005906394,306,2049.0,626688,3.0634887,0.070214845,-0.0023852775,20.016079,1104.3266217708588,543,-0.0009624958038330078,2035.66018991
628736,0.0046918117,307,2049.0,628736,3.0602257,0.05605469,-0.0011033332,20.33007,1108.0927109718323,544,-0.008478045463562012,2035.6534478800002
630784,0.003305195,308,2049.0,630784,3.0637755,0.03339844,-0.00031304517,20.324509,1111.8533537387848,545,-0.0023685693740844727,2035.5659512500001
632832,0.0064743394,309,2049.0,632832,3.071791,0.0824707,-0.0029822309,20.015965,1115.6051242351532,548,0.014591395854949951,2035.4567461
634880,0.003522636,310,2049.0,634880,3.0810192,0.034228515,-0.0006427087,20.153572,1119.3393123149872,551,0.006340384483337402,2035.38674287
636928,0.003928063,311,2049.0,636928,3.0967295,0.04584961,-0.001738583,19.866875,1123.0538494586945,553,0.027446985244750977,2035.37225121
638976,0.0042678174,312,2049.0,638976,3.123157,0.049462892,-0.0020949773,20.326725,1126.7539684772491,546,-0.0014073848724365234,2035.48485681
641024,0.0040349895,313,2049.0,641024,3.1305134,0.044921875,-0.0010440935,20.333282,1130.4996135234833,546,-0.0005201101303100586,2035.53267067
643072,0.008394868,314,2049.0,643072,3.1286356,0.10888672,-0.0030938885,19.528847,1134.249150276184,551,0.049376726150512695,2035.5019934700003
645120,0.0024865544,315,2049.0,645120,3.1312778,0.020117188,-0.00041766334,20.240957,1137.9654881954193,547,0.0036922097206115723,2035.4642770100004
647168,0.0015213154,316,2049.0,647168,3.1404157,0.0128417965,0.00067866454,20.04195,1141.7098309993744,554,0.01644796133041382,2035.4392712799997
649216,0.0010159669,317,2049.0,649216,3.1405177,0.0024414062,0.00036800886,20.328136,1145.4032535552979,557,0.001571059226989746,2035.4424755200002
651264,0.0053329896,318,2049.0,651264,3.1378677,0.07197265,-0.0015280445,20.266048,1149.0766153335571,543,-0.002618551254272461,2035.3848268999998
653312,0.0018129239,319,2049.0,653312,3.1430328,0.014404297,-0.00015506017,20.105833,1152.843653678894,540,0.01113206148147583,2035.37141572
655360,0.002658423,320,2049.0,655360,3.1541908,0.026806641,-0.00074423774,20.26134,1156.630577802658,553,0.004920542240142822,2035.39217267
657408,0.004035951,321,2049.0,657408,3.168155,0.046533205,-0.0010115405,20.37557,1160.3306548595428,547,-0.0031723976135253906,2035.3806711
659456,0.003939635,322,2049.0,659456,3.1658196,0.038671874,-0.0015449678,20.337091,1164.0692710876465,543,-0.0026895999908447266,2035.3149421100004
661504,0.0040255953,323,2049.0,661504,3.1597934,0.04638672,-0.0020757862,20.314732,1167.8389806747437,561,-0.004408597946166992,2035.2268289000003
663552,0.003702933,324,2049.0,663552,3.1526892,0.038867187,-0.002222518,20.177942,1171.486570596695,559,-4.9233436584472656e-05,2035.1830527700001
665600,0.0028493758,325,2049.0,665600,3.154183,0.027490234,-0.00070409063,20.107372,1175.1504743099213,559,0.0009620785713195801,2035.1975998799999
667648,0.002196207,326,2049.0,667648,3.160824,0.016748047,-0.00087564683,19.455774,1178.812471628189,551,0.0404740571975708,2035.1823600699997
669696,0.0024001705,327,2049.0,669696,3.1660428,0.023583984,-0.00069885567,20.065884,1182.523771762848,554,-0.002670764923095703,2035.1754853999998
671744,0.0016650539,328,2049.0,671744,3.1743896,0.010791016,-0.00022284636,19.362806,1186.218445301056,556,0.044403135776519775,2035.1629279199994
673792,0.0023213679,329,2049.0,673792,3.1793745,0.023242187,-0.0017109927,20.10467,1189.8973398208618,536,-0.013267874717712402,2035.1630128599998
675840,0.0010917498,330,2049.0,675840,3.1852095,0.007861328,-0.00039050658,19.93637,1193.7152099609375,548,0.0018840432167053223,2035.1729960299997
677888,0.007586965,331,2049.0,677888,3.1917987,0.105566405,-0.0018848942,19.950243,1197.4500181674957,564,0.0011240839958190918,2035.1490142799998
679936,0.004718859,332,2049.0,679936,3.198384,0.05810547,-0.0029850402,20.077234,1201.080373764038,554,-0.004848003387451172,2035.0948138099996
681984,0.0013432323,333,2049.0,681984,3.2003007,0.0076171877,-0.00037839697,19.930958,1204.7724509239197,561,0.00749969482421875,2035.1377704299996
684032,0.0028924602,334,2049.0,684032,3.2117772,0.028466797,-0.002152152,20.195307,1208.419097661972,554,-0.01121985912322998,2035.2324740199997
686080,0.0043619005,335,2049.0,686080,3.2176654,0.057421874,-0.0016152803,19.860506,1212.1139121055603,566,0.01866781711578369,2035.23791078
688128,0.0045211543,336,2049.0,688128,3.2306912,0.05078125,-0.0020259582,20.081488,1215.7271881103516,556,0.006071209907531738,2035.27777709
690176,0.004240032,337,2049.0,690176,3.2361426,0.0496582,-0.0013663888,20.139923,1219.4051659107208,552,-0.011868119239807129,2035.2421091899998
692224,0.002817941,338,2049.0,692224,3.2267575,0.023144532,-0.0009779325,20.070904,1223.1107132434845,542,-0.00034499168395996094,2035.31602396
694272,0.0021808366,339,2049.0,694272,3.2103457,0.018994141,0.0001219428,20.06695,1226.8870573043823,550,-0.0021119117736816406,2035.40176228
696320,0.004282018,340,2049.0,696320,3.203935,0.050146483,-0.0014742736,20.109379,1230.609918832779,556,-0.006482481956481934,2035.43952298
698368,0.004874695,341,2049.0,698368,3.2174804,0.058300782,-0.0027808878,20.109013,1234.2921230793,552,-0.002720475196838379,2035.4903619400004
700416,0.0015394643,342,2049.0,700416,3.2218633,0.0109375,-0.00010019123,20.085297,1237.9989969730377,555,-0.0004718303680419922,2035.56644734
702464,0.003806953,343,2049.0,702464,3.2292523,0.040380858,-0.0016622778,19.99962,1241.689338684082,550,0.0008993148803710938,2035.6658073600001
704512,0.002843132,344,2049.0,704512,3.2258294,0.025390625,-0.0013515326,19.868073,1245.4079020023346,558,0.0013427734375,2035.7192445800001
706560,0.0035005633,345,2049.0,706560,3.2252026,0.036474608,-0.0010519209,19.97836,1249.0747117996216,545,-0.0008016824722290039,2035.8364220100002
708608,0.001393391,346,2049.0,708608,3.2393901,0.0108886715,0.00019934207,19.802753,1252.8312239646912,550,0.005573153495788574,2035.92784744
710656,0.0053846575,347,2049.0,710656,3.242122,0.06621094,-0.0039556907,19.811573,1256.5552303791046,552,0.004994630813598633,2036.0078686400002
712704,0.00491207,348,2049.0,712704,3.2386136,0.057666015,-0.0017195577,20.033741,1260.2661218643188,554,-0.006408572196960449,2036.02752924
714752,0.005545871,349,2049.0,714752,3.2309406,0.06894531,-0.002750098,19.988571,1263.9585723876953,567,-0.001471400260925293,2035.98776277
716800,0.0060133594,350,2049.0,716800,3.231099,0.07441406,-0.0021065539,19.928734,1267.5701196193695,560,0.002367854118347168,2035.98783525
718848,0.00441319,351,2049.0,718848,3.243206,0.050390624,-0.0014365471,19.79931,1271.223599433899,562,0.005297482013702393,2035.9197167100003
720896,0.0044946736,352,2049.0,720896,3.251838,0.05732422,-0.0022263476,19.69643,1274.8635883331299,549,0.002677619457244873,2035.9158039200004
722944,0.0057455515,353,2049.0,722944,3.258654,0.07026367,-0.0014238175,19.743523,1278.5896966457367,561,-0.009641170501708984,2035.89572197
724992,0.0018957952,354,2049.0,724992,3.2463753,0.013134765,-0.00010563685,19.42146,1282.2364010810852,538,0.0012936592102050781,2035.6758363100005
727040,0.0012034059,355,2049.0,727040,3.2398968,0.00625,-0.00033953198,19.124172,1286.0429384708405,549,0.02436697483062744,2035.5473249800002
729088,0.0023395817,356,2049.0,729088,3.2452514,0.018310547,-0.0006035076,19.117079,1289.7736203670502,557,0.03161269426345825,2035.31736493
731136,0.0032114733,357,2049.0,731136,3.2442093,0.028808594,-1.2044946e-05,19.464878,1293.4479315280914,563,0.004176735877990723,2035.1117613299998
733184,0.002024695,358,2049.0,733184,3.2444348,0.016210938,-0.0010080647,19.501854,1297.0841858386993,552,0.0173189640045166,2034.9859353499999
735232,0.0041312748,359,2049.0,735232,3.2400696,0.045410156,-0.0003335068,19.096472,1300.793957710266,551,0.04316002130508423,2034.8112728199997
737280,0.0027102553,360,2049.0,737280,3.2346568,0.021337891,0.00026327634,19.964718,1304.5081074237823,557,-0.0034066438674926758,2034.7195926499999
739328,0.0023105189,361,2049.0,739328,3.2226558,0.019238282,-5.397188e-05,20.00902,1308.1793503761292,550,-0.0026960372924804688,2034.6852553399995
741376,0.003005775,362,2049.0,741376,3.2103837,0.027880859,-0.0008875431,19.910192,1311.9018993377686,555,0.0043988823890686035,2034.6733389499996
743424,0.004045965,363,2049.0,743424,3.211718,0.051464844,-0.0008265363,20.097239,1315.587280035019,546,-0.001679062843322754,2034.6927420399998
745472,0.00391303,364,2049.0,745472,3.2123837,0.043164063,-0.0013808517,20.036625,1319.3352599143982,553,-0.0015791654586791992,2034.6578411699995
747520,0.0024335126,365,2049.0,747520,3.2117257,0.021044921,-0.0006046463,19.832523,1323.0380568504333,556,0.006559789180755615,2034.74706112
749568,0.003946836,366,2049.0,749568,3.2089202,0.044677734,-0.0009164315,20.084469,1326.7201600074768,550,-0.003785252571105957,2034.70200359
751616,0.00078784954,367,2049.0,751616,3.2111447,0.0024414062,0.0004909646,20.016764,1330.4411363601685,552,5.167722702026367e-05,2034.7808684299996
753664,0.0049872426,368,2049.0,753664,3.2088375,0.060253907,-0.0024001324,19.972187,1334.1480722427368,550,-0.0013564825057983398,2034.9399010500001
755712,0.0033022258,369,2049.0,755712,3.1996498,0.030712891,0.00041578236,19.963184,1337.8710362911224,540,-0.007107973098754883,2034.9587815
757760,0.0049744407,370,2049.0,757760,3.2070935,0.06088867,-0.0024996654,19.793076,1341.6586265563965,542,0.004656553268432617,2034.9600879299999
759808,0.005614289,371,2049.0,759808,3.211345,0.07382812,-0.0033448245,19.914335,1345.432377576828,549,-4.291534423828125e-06,2034.9347399200005
761856,0.0059009492,372,2049.0,761856,3.2094512,0.07700195,-0.0019024496,19.97997,1349.1622695922852,550,0.003173530101776123,2034.9443133400002
763904,0.0031151057,373,2049.0,763904,3.2051053,0.029492188,-0.0012993721,19.952429,1352.8822593688965,551,0.004981517791748047,2034.89452005
765952,0.0043745833,374,2049.0,765952,3.2010994,0.048876952,0.0007038812,20.006868,1356.5980978012085,563,-0.0014325380325317383,2034.8412887700001
768000,0.0042091818,375,2049.0,768000,3.1984954,0.04897461,-0.00072526286,19.951908,1360.2307217121124,545,-0.00990903377532959,2034.70775018
770048,0.00384301,376,2049.0,770048,3.1925294,0.04448242,-0.0013009186,19.730846,1363.9887018203735,537,0.007159054279327393,2034.61453083
772096,0.0022187189,377,2049.0,772096,3.1930287,0.019726563,-0.00025081157,19.750683,1367.7990436553955,551,0.010667502880096436,2034.55871968
774144,0.00069079886,378,2049.0,774144,3.214323,0.0036621094,-0.00046891248,19.779863,1371.5113084316254,547,0.0015687942504882812,2034.5292918799998
776192,0.002381229,379,2049.0,776192,3.2191997,0.019384766,-0.0010914949,19.658337,1375.2504098415375,547,0.018603801727294922,2034.4845861899998
778240,0.0040946645,380,2049.0,778240,3.2179806,0.052001953,-0.0036992016,19.4057,1378.9925820827484,554,0.007653772830963135,2034.3692113399998
780288,0.0010912276,381,2049.0,780288,3.2164912,0.0047851563,0.00028822367,19.882292,1382.6893100738525,548,-0.008376359939575195,2034.33342351
782336,0.0015118979,382,2049.0,782336,3.2166066,0.012890625,-0.00068541785,19.571516,1386.4237730503082,543,0.009627223014831543,2034.2407502299998
784384,0.0037415635,383,2049.0,784384,3.2332141,0.043408204,-7.2897296e-06,19.573582,1390.1919977664948,549,0.018070578575134277,2034.1451423400001
786432,0.0014346166,384,2049.0,786432,3.2377496,0.009375,-0.00010738636,19.868893,1393.922268152237,544,-0.0030968189239501953,2034.11690084
788480,0.0016224459,385,2049.0,788480,3.2450676,0.013232422,-0.0004915529,19.93098,1397.682951927185,549,0.0002504587173461914,2034.1093909800004
790528,0.0017684291,386,2049.0,790528,3.2509322,0.009716797,-1.2752915e-05,19.945215,1401.4134647846222,545,-0.00047278404235839844,2034.10823229
792576,0.0023174535,387,2049.0,792576,3.2473817,0.020654297,0.00030194348,19.701561,1405.1720554828644,548,0.011428236961364746,2034.0706936100003
794624,0.0021771365,388,2049.0,794624,3.2528553,0.018359374,0.00010849561,19.74633,1408.9070415496826,555,-0.013130664825439453,2033.9862759900002
796672,0.0040158955,389,2049.0,796672,3.258894,0.045214843,0.00017600552,19.554264,1412.5926733016968,557,0.00732344388961792,2033.95581822
798720,0.0038289216,390,2049.0,798720,3.2588093,0.042578124,-0.0019366366,19.670832,1416.2676060199738,556,-0.00027108192443847656,2033.93191752
800768,0.00300896,391,2049.0,800768,3.2658882,0.028320312,-0.0017320085,19.49728,1419.9476385116577,557,0.0076506733894348145,2033.8718788400004
802816,0.004012391,392,2049.0,802816,3.2755458,0.04526367,-0.0025018405,19.175556,1423.6221125125885,556,0.02262800931930542,2033.69514377
804864,0.0065024914,393,2049.0,804864,3.282823,0.0925293,-0.0040943325,19.055492,1427.3060739040375,546,0.01839369535446167,2033.51940301
806912,0.0035921496,394,2049.0,806912,3.293134,0.036865234,-0.0005643709,18.716047,1431.0559463500977,537,0.017494916915893555,2033.3460043199998
808960,0.003039934,395,2049.0,808960,3.3202217,0.026708985,-0.00047737273,18.16631,1434.8672277927399,540,0.07692956924438477,2033.1722621499998
811008,0.0026825957,396,2049.0,811008,3.326374,0.023974609,-0.0010426402,18.61161,1438.6604573726654,525,0.04609864950180054,2033.1215577699998
813056,0.006671497,397,2049.0,813056,3.3252227,0.091357425,-0.0027992916,18.539526,1442.5574350357056,556,0.08815491199493408,2033.0544599799998
815104,0.0027870615,398,2049.0,815104,3.3274887,0.026904296,-0.00011037639,18.277788,1446.2364721298218,550,0.10844671726226807,2033.0266733500002
817152,0.0011255011,399,2049.0,817152,3.3273559,0.0052734376,0.00038675073,19.802788,1449.9570167064667,569,-0.006538033485412598,2033.1328617600002
819200,0.0024882497,400,2049.0,819200,3.3367581,0.027197266,-0.00081666664,19.825502,1453.5526096820831,546,0.0018423795700073242,2033.2525708800001
821248,0.0027080413,401,2049.0,821248,3.3505566,0.029736329,-0.0006602668,19.512913,1457.3045327663422,554,0.021269023418426514,2033.3398453300001
823296,0.0023882545,402,2049.0,823296,3.3508143,0.019970704,2.806557e-05,19.632639,1460.9969866275787,541,0.0024077296257019043,2033.29426002
825344,0.0032669767,403,2049.0,825344,3.3573747,0.036132812,-0.0009978304,19.603626,1464.7786440849304,535,0.008791565895080566,2033.26132875
827392,0.002580298,404,2049.0,827392,3.3754692,0.028271485,0.00060056045,19.470676,1468.602251291275,556,-0.00890350341796875,2033.10363355
829440,0.0045360294,405,2049.0,829440,3.37929,0.054541014,-0.001140369,19.758366,1472.2853014469147,558,-0.004267334938049316,2033.0599476199998
831488,0.0031824629,406,2049.0,831488,3.3898616,0.036572266,-0.00082664064,19.27489,1475.9544160366058,550,0.02593255043029785,2032.9538244100002
833536,0.004250559,407,2049.0,833536,3.3882065,0.05239258,-0.0014497731,19.657377,1479.6787221431732,558,-0.0017366409301757812,2032.7980637100002
835584,0.0029425125,408,2049.0,835584,3.394518,0.029150391,-0.0023858245,19.234077,1483.3483681678772,571,0.014998078346252441,2032.6522075100002
837632,0.0021430159,409,2049.0,837632,3.4009488,0.017333984,-0.00031503564,19.051954,1486.9339830875397,554,0.028632402420043945,2032.53523505
839680,0.001977319,410,2049.0,839680,3.4000773,0.013769532,-2.8835715e-05,18.901869,1490.6295948028564,553,0.03860527276992798,2032.37418111
841728,0.002633314,411,2049.0,841728,3.4024513,0.02631836,0.0006767285,18.483807,1494.3278901576996,547,0.0668497085571289,2032.15278364
843776,0.0031744395,412,2049.0,843776,3.4089248,0.03334961,-0.001836303,18.304745,1498.0714266300201,555,0.11411488056182861,2031.90411666
845824,0.0018933329,413,2049.0,845824,3.4082782,0.011474609,0.00093577633,19.203327,1501.7598247528076,563,0.03184700012207031,2031.72078962
847872,0.008014465,414,2049.0,847872,3.4041393,0.108789064,-0.0066088224,18.225286,1505.3919212818146,561,0.10272330045700073,2031.5385306399999
849920,0.0037881434,415,2049.0,849920,3.4113364,0.04248047,-0.0007245663,19.862213,1509.0414600372314,547,0.00342637300491333,2031.4502044099997
851968,0.0028569372,416,2049.0,851968,3.412508,0.022949219,0.00049486785,19.712599,1512.7802107334137,565,0.018809139728546143,2031.3732663700002
854016,0.0029874223,417,2049.0,854016,3.4019241,0.029541016,0.00048788084,20.091265,1516.4027545452118,544,-0.007663607597351074,2031.2741622
856064,0.003238142,418,2049.0,856064,3.3958137,0.03793945,-3.76662e-05,19.981943,1520.163491010666,550,0.0036658048629760742,2031.24559926
858112,0.0023129755,419,2049.0,858112,3.4017615,0.02084961,-0.0009664392,19.88183,1523.8836631774902,552,0.006546616554260254,2031.13227433
860160,0.0025899108,420,2049.0,860160,3.4045918,0.026367188,-0.00071115093,19.635746,1527.5930306911469,551,0.027629077434539795,2031.01719304
862208,0.0023246934,421,2049.0,862208,3.4014535,0.02216797,-0.00089737604,19.943592,1531.3098893165588,555,0.01585477590560913,2030.9800755899998
864256,0.0041375277,422,2049.0,864256,3.3992183,0.049121093,-0.0015028039,19.900316,1534.997920513153,570,0.014336764812469482,2030.9680519599997
866304,0.002730903,423,2049.0,866304,3.4089253,0.026757812,-0.00088122656,20.334827,1538.5892100334167,551,0.0024605989456176758,2031.0498997299999
868352,0.003722407,424,2049.0,868352,3.421362,0.041308593,-0.0016460149,20.40473,1542.3024740219116,552,0.002593994140625,2031.13386476
870400,0.004008892,425,2049.0,870400,3.4324207,0.04824219,-1.1187605e-05,20.30285,1546.0100152492523,566,-0.0001461505889892578,2031.1146376200004
872448,0.0026936557,426,2049.0,872448,3.4394467,0.023974609,-0.0013554202,20.307709,1549.6269264221191,538,-0.00029969215393066406,2031.1461066700003
874496,0.004314121,427,2049.0,874496,3.444674,0.045654297,0.0003689622,20.213095,1553.4290976524353,556,0.0023851990699768066,2031.16139979
876544,0.0017745048,428,2049.0,876544,3.4440625,0.013867187,-0.0004401823,20.394444,1557.1089270114899,553,-0.009614229202270508,2031.1962558199998
878592,0.0023312229,429,2049.0,878592,3.4532974,0.020361328,-2.9193214e-05,20.234997,1560.813220024109,545,0.0016704201698303223,2031.20378064
880640,0.004774172,430,2049.0,880640,3.4523816,0.05419922,-0.00060058164,20.189205,1564.566436290741,560,0.0024566054344177246,2031.2028639500004
882688,0.005998859,431,2049.0,882688,3.4482772,0.07954101,-0.0027961405,20.301426,1568.2242240905762,544,-0.003710150718688965,2031.15208305
884736,0.0041346205,432,2049.0,884736,3.4486194,0.05258789,-0.0012301133,20.298267,1571.9848544597626,559,-0.004851937294006348,2031.1220427699998
886784,0.0038429976,433,2049.0,886784,3.4454448,0.041796874,-0.0021379576,20.20658,1575.6481161117554,555,-0.0018481016159057617,2030.9890265099998
888832,0.0007117562,434,2049.0,888832,3.453801,0.0044921874,0.00033671074,20.122612,1579.335326910019,564,-5.5789947509765625e-05,2030.8878092
890880,0.0020813833,435,2049.0,890880,3.4648387,0.017382812,0.0007581522,19.9869,1582.967458486557,537,0.007264375686645508,2030.8551613500001
892928,0.0014320957,436,2049.0,892928,3.4779785,0.011572266,-0.00059078215,20.141914,1586.780642747879,546,-0.004442572593688965,2030.7888331699996
894976,0.002058658,437,2049.0,894976,3.4905746,0.012744141,-0.00021753283,20.07004,1590.5301015377045,556,-0.003955245018005371,2030.7446873599997
897024,0.003401333,438,2049.0,897024,3.4847603,0.029296875,-0.00058802805,20.00552,1594.209900856018,547,-0.00012218952178955078,2030.6569418
899072,0.0021977976,439,2049.0,899072,3.4769719,0.015917968,-7.1708535e-05,19.998241,1597.9518551826477,544,0.0012941956520080566,2030.57559665
901120,0.0014801288,440,2049.0,901120,3.4803925,0.0068359375,-0.0003368834,20.053112,1601.7141506671906,552,0.0011075139045715332,2030.5873663200002
903168,0.0025230325,441,2049.0,903168,3.4824264,0.02211914,-0.0009880906,20.053598,1605.4224154949188,555,0.001576840877532959,2030.59454746
905216,0.0038337826,442,2049.0,905216,3.4833465,0.04321289,-0.0020789704,20.139774,1609.1099588871002,558,-0.013770222663879395,2030.57940189
907264,0.0041462528,443,2049.0,907264,3.482825,0.04975586,-0.0012387291,19.976915,1612.7772953510284,550,0.0038701891899108887,2030.5466678000003
909312,0.0018684969,444,2049.0,909312,3.4904327,0.01665039,-0.0006878998,20.008808,1616.4971313476562,541,0.0035254359245300293,2030.5702783300003
911360,0.005501312,445,2049.0,911360,3.4978886,0.068115234,-0.0013539593,20.116978,1620.2798202037811,544,0.006434977054595947,2030.5543333400003
913408,0.006975636,446,2049.0,913408,3.4882774,0.08208008,-0.007128203,17.969908,1624.0410072803497,549,0.1511426568031311,2030.5432533300002
915456,0.0042177523,447,2049.0,915456,3.4799995,0.043310545,-0.0028803828,19.882084,1627.771402835846,558,0.015152513980865479,2030.54150576
917504,0.00411134,448,2049.0,917504,3.4825375,0.050341796,-0.0013389473,20.286507,1631.4411659240723,551,-0.031537771224975586,2030.5754420200005
919552,0.010194505,449,2049.0,919552,3.4924827,0.13828126,-0.0050233533,20.202772,1635.1525783538818,554,0.0011881589889526367,2030.6590440600003
921600,0.0034829336,450,2049.0,921600,3.5024943,0.039453126,-0.0017982319,20.239094,1638.8456346988678,554,0.0037249326705932617,2030.6249739200002
923648,0.0030400772,451,2049.0,923648,3.51646,0.033154298,-0.0007096857,20.205748,1642.5417759418488,536,0.003791213035583496,2030.6331184500002
925696,0.005288916,452,2049.0,925696,3.5224106,0.07070313,-0.0015212898,20.287867,1646.360247373581,555,-0.0018541812896728516,2030.5892386
927744,0.0039357888,453,2049.0,927744,3.5379086,0.046289064,-0.0005119507,20.223827,1650.0462846755981,561,-0.0009065866470336914,2030.5411823400002
929792,0.0046702856,454,2049.0,929792,3.5636837,0.054980468,-0.0015191216,20.122326,1653.6951274871826,552,0.0031263232231140137,2030.63464623
931840,0.0046480345,455,2049.0,931840,3.5720024,0.058007814,-0.002264392,20.183216,1657.405063867569,566,0.00032085180282592773,2030.7390956200002
933888,0.0035093748,456,2049.0,933888,3.5727718,0.039501954,-0.0016148749,20.171032,1661.0209279060364,542,0.003327310085296631,2030.8994518200002
935936,0.0031325526,457,2049.0,935936,3.5755413,0.0328125,-0.0017511484,20.157223,1664.7982444763184,550,-0.0015201568603515625,2031.0368088
937984,0.001777197,458,2049.0,937984,3.5777612,0.012744141,0.0008274492,20.12388,1668.5222842693329,542,1.8298625946044922e-05,2031.1477492300003
940032,0.0052248104,459,2049.0,940032,3.5632186,0.055078126,-0.0060204556,0.00084533467,1672.296460866928,536,0.6500604450702667,2031.1477492300003
942080,0.0044707498,460,2049.0,942080,3.5329087,0.045947265,-0.0037630382,2.3528824,1676.1116144657135,542,0.0017927289009094238,2031.31105282
944128,0.003096368,461,2049.0,944128,3.5275745,0.030664062,-0.0031504724,4.4343424,1679.886634349823,544,0.002049565315246582,2031.3811496900005
946176,0.003638647,462,2049.0,946176,3.5312405,0.0340332,-0.0028643743,6.2933245,1683.6463294029236,549,0.001416921615600586,2031.4105441800004
948224,0.0019221567,463,2049.0,948224,3.5209155,0.0125,-0.0013249667,7.9425497,1687.372596502304,538,0.0010294914245605469,2031.4723999200003
950272,0.0018504465,464,2049.0,950272,3.5101733,0.012744141,-0.0006338272,9.414791,1691.177670955658,556,-0.0005018711090087891,2031.4863259300002
952320,0.0029532355,465,2049.0,952320,3.516185,0.032421876,-0.0019265169,10.687371,1694.8583300113678,542,-0.0006428956985473633,2031.5577378199998
954368,0.004005178,466,2049.0,954368,3.5237622,0.0418457,-0.002851232,11.743711,1698.6376860141754,546,0.0031241178512573242,2031.5741621099996
956416,0.004055629,467,2049.0,956416,3.5150745,0.038867187,-0.0035189763,12.820017,1702.3826615810394,550,-0.0017737150192260742,2031.67911291
958464,0.0043530418,468,2049.0,958464,3.497799,0.04536133,-0.0034776796,13.690077,1706.101062297821,550,-0.00020170211791992188,2031.69877504
960512,0.0029404466,469,2049.0,960512,3.4841003,0.02470703,-0.0012905766,14.466761,1709.8192856311798,541,-0.0002554655075073242,2031.71656338
962560,0.0031152167,470,2049.0,962560,3.4721608,0.029345702,-0.0026128627,15.133229,1713.5993556976318,539,0.0010001063346862793,2031.75005566
964608,0.005910953,471,2049.0,964608,3.4624858,0.072216794,-0.0020853737,15.72455,1717.3961186408997,543,0.003115355968475342,2031.8580504399997
966656,0.00242094,472,2049.0,966656,3.4574573,0.0234375,-0.0013731602,16.26247,1721.1640417575836,541,0.005115389823913574,2031.92809642
968704,0.0027712525,473,2049.0,968704,3.4526932,0.025439452,-0.000762557,16.820187,1724.9495038986206,536,0.0035879015922546387,2032.006568
970752,0.0024755877,474,2049.0,970752,3.4426117,0.020654297,-0.0007726132,17.313734,1728.7691383361816,541,-0.0005804300308227539,2032.0918032099999
972800,0.0022051025,475,2049.0,972800,3.4415944,0.019091796,-0.00060730416,17.634445,1732.550020456314,534,3.039836883544922e-05,2032.2047454699998
974848,0.0020981417,476,2049.0,974848,3.435065,0.015478516,-0.0004093622,17.936787,1736.3808054924011,540,-0.0011072158813476562,2032.3624230599996
976896,0.004161449,477,2049.0,976896,3.430385,0.044970702,-0.0013679089,18.239391,1740.1696763038635,495,-0.001873016357421875,2032.5225299299998
978944,0.001812288,478,2049.0,978944,3.4230657,0.01225586,0.0006633218,18.379322,1744.3047573566437,526,0.002977728843688965,2032.5856146699994
980992,0.0025817854,479,2049.0,980992,3.408313,0.021337891,0.00015917125,18.664375,1748.1982572078705,520,0.0008382201194763184,2032.7318411099998
983040,0.004061206,480,2049.0,983040,3.4048162,0.041894533,-0.002112943,18.835297,1752.1344695091248,524,-0.0020287036895751953,2032.8234075499997
985088,0.0036176324,481,2049.0,985088,3.4011142,0.036865234,-0.0010372493,18.85882,1756.036964893341,535,0.00529026985168457,2033.0179421599998
987136,0.0038110863,482,2049.0,987136,3.3986912,0.040771484,-0.0013777062,19.048992,1759.859941959381,549,0.00034946203231811523,2033.1436671300003
989184,0.003061649,483,2049.0,989184,3.398695,0.03251953,-5.4532808e-05,19.035393,1763.5852382183075,526,-0.008440732955932617,2033.3042847799998
991232,0.005900783,484,2049.0,991232,3.395822,0.073876955,-0.0019698092,19.089615,1767.4796404838562,522,-0.0016760826110839844,2033.4162911500002
993280,0.004977918,485,2049.0,993280,3.3974419,0.058691405,-0.001368782,18.975277,1771.40207529068,526,0.004316508769989014,2033.47492958
995328,0.0061190384,486,2049.0,995328,3.404309,0.07993164,-0.0039009836,18.997087,1775.2936084270477,531,-0.00421750545501709,2033.4513317400001
997376,0.0054258974,487,2049.0,997376,3.3947225,0.0647461,-0.0024368898,18.934536,1779.149833202362,548,-0.0019799470901489258,2033.3742005299998
999424,0.005749587,488,2049.0,999424,3.3924034,0.07133789,-0.0014431356,18.643177,1782.8814737796783,545,0.018790125846862793,2033.29170893
