#{"t_start": 1750959004.702699, "env_id": null}
r,l,t
93.892294,467,2.241907
127.401695,629,4.358625
50.774302,263,5.184161
449.127297,2049,12.622754
49.372626,267,13.460191
285.865818,1184,17.950673
507.702063,2049,25.474289
35.226165,196,26.177837
107.82416,560,28.108249
47.536714,270,28.995211
39.701184,205,29.588921
147.98841,730,32.455949
161.50643,766,34.83089
199.5246,1112,39.191383
34.247946,187,39.867441
62.854452,319,40.887795
79.819308,327,41.879068
68.935649,342,43.06763
461.154365,2049,50.011644
417.448074,2049,56.830588
461.664967,2049,64.208359
528.792311,2049,72.80586
552.273015,2049,80.20107
537.720559,2049,87.579149
555.530553,2049,94.863055
575.754071,2049,102.596266
582.891169,2049,110.977525
582.533611,2049,118.37538
585.096514,2049,125.926152
649.188991,2049,133.737906
630.899999,2049,141.925414
570.182332,2049,149.435347
693.157509,2049,157.551154
702.407932,2049,165.389585
587.867811,2049,172.881923
649.912302,2049,181.655449
663.306434,2049,189.695691
700.905305,2049,197.769459
719.257088,2049,206.052054
754.149741,2049,213.880903
718.308461,2049,221.796561
798.095335,2049,229.782767
1084.313116,2049,237.382954
884.20618,2049,245.486579
762.274363,2049,253.244843
754.086535,2049,261.31517
823.954043,2049,269.434266
685.505334,2049,277.514452
801.058999,2049,285.435918
673.80657,2049,293.521109
649.240008,1657,299.979958
720.895558,2049,308.313748
326.155561,874,311.97334
291.986895,865,315.371129
758.068595,2049,323.095014
763.423582,2049,331.862066
627.606917,2049,339.74856
815.570635,2049,347.717911
795.017918,2049,355.279345
830.904983,1798,362.29278
816.501358,2049,370.220769
746.699027,2049,377.829271
644.837817,2049,385.414739
663.814145,2049,393.260185
860.844349,2049,401.607332
824.43288,2049,409.789919
665.367859,2049,418.489964
764.802875,2049,426.997175
869.965326,2049,434.861104
647.714594,2049,442.65887
841.460745,2049,450.483326
979.580273,2049,457.959126
831.389443,2049,465.595402
997.16632,2049,472.572623
160.02431,356,473.729911
832.489,2049,481.144117
868.601351,2049,488.814889
641.95697,1267,493.356201
252.506235,631,495.520922
615.743216,1411,500.896625
889.594184,2049,508.364782
233.636252,603,510.410422
281.865846,642,512.550804
974.501279,2049,520.187346
963.043862,2049,527.497991
349.857493,845,530.776111
196.00608,460,532.240086
655.967993,1352,537.280576
639.460438,1384,541.935571
1013.242983,2049,549.147003
514.200225,1099,553.296359
905.857145,2049,560.841054
931.61173,2049,568.406809
996.345797,2049,575.418625
1092.983202,2049,582.554967
1080.906016,2049,589.865192
489.337611,1082,593.322897
924.65686,2049,601.147969
192.38669,480,603.430774
994.532625,2049,610.98733
1007.199866,2049,618.244618
1058.416809,2049,625.374301
116.412981,273,626.250728
74.255004,232,627.026155
915.831301,2049,634.412582
265.085405,589,636.27368
554.684535,1329,641.280224
87.283598,251,642.067646
444.672768,984,645.328116
105.546106,278,646.197955
270.992517,627,648.764029
234.964375,654,651.022361
89.125397,256,652.016325
419.186535,946,656.224574
158.86375,377,657.670123
191.595707,417,659.189015
242.29257,556,661.182801
88.834683,261,662.049535
123.892606,321,663.731682
81.653158,249,664.841128
147.450945,361,666.113099
265.377897,624,668.210308
171.876239,357,669.489633
274.629412,646,672.561318
891.407709,2049,681.27107
333.456705,796,684.546201
455.552714,1101,689.821812
298.988823,778,692.927841
138.399546,419,694.480951
586.319965,1492,700.598867
192.195255,556,702.545403
761.605864,2049,711.168016
823.249452,2049,719.818731
874.629019,2049,727.973782
829.313014,2049,735.281493
934.559875,2049,742.809281
819.64967,2049,751.048239
544.322294,1230,755.937895
218.723962,577,757.755124
394.653963,952,761.500289
820.578774,2049,769.269017
749.120747,2049,777.06742
907.126691,2049,784.877675
866.657541,2049,792.575951
863.218641,2049,800.434954
149.592464,351,801.50482
109.915542,274,802.450444
193.240834,405,803.753908
1109.844148,2049,810.73307
1001.895175,2049,818.035
326.569967,712,820.429447
230.268044,548,822.760034
293.993841,679,824.948971
829.047872,2049,832.301613
653.916879,1396,837.492147
1137.853729,2049,844.72133
250.043888,574,846.555836
310.517508,677,848.671138
85.494164,240,849.600681
801.239902,2049,857.147917
17.23303,61,857.347267
338.771008,734,860.106107
944.741095,2049,867.473539
206.614564,536,869.152102
1007.392947,2049,876.441195
1136.813413,2049,883.612419
1117.806874,2049,890.51676
142.511398,336,891.682692
167.710865,365,892.882633
1095.555816,2049,899.829271
214.095002,469,901.807726
200.538549,414,903.185138
1048.607587,2049,910.144435
164.312265,370,911.400203
235.114785,461,912.813559
1033.048154,2049,920.204076
996.914267,2049,927.479463
1067.149339,2049,934.43476
203.432347,429,935.711416
604.895965,1375,941.192977
155.161812,379,942.341933
408.752912,831,945.491744
135.300917,345,946.565902
588.308524,1200,950.848071
997.123923,2049,958.008657
930.374433,2049,965.682607
195.859858,410,966.967264
1005.391901,2049,974.372612
249.91967,573,976.267514
173.585667,372,977.506
116.538563,319,978.560043
1057.063868,2049,985.296263
1029.3282,2049,992.352124
449.189662,820,995.575738
156.909789,369,996.805521
153.427184,365,997.932009
180.169962,374,999.158451
357.875685,624,1001.624919
156.442754,365,1002.833339
173.530407,365,1003.980554
207.704952,389,1005.114444
122.304194,322,1006.183548
202.798079,374,1007.391224
185.891949,360,1009.084433
130.799498,318,1010.179628
307.475008,677,1012.345173
308.664833,682,1014.620715
318.23082,668,1017.37318
154.148179,359,1018.547426
150.755752,296,1019.39021
239.900491,485,1020.846222
229.946342,538,1023.288888
359.202991,746,1025.742763
210.662776,401,1026.968881
955.223588,2049,1034.124
235.754515,519,1035.732465
164.469933,342,1037.262177
284.165887,468,1038.861013
184.188315,410,1040.122276
126.977193,315,1041.095498
171.23602,381,1042.24901
161.85582,319,1043.744074
165.616136,346,1044.900614
162.927019,385,1046.176191
149.700179,331,1047.259125
146.012275,345,1048.325525
309.941856,677,1051.016944
130.855101,302,1051.930191
119.161973,302,1053.076866
173.452764,356,1054.249255
169.437039,385,1055.497968
407.376444,847,1058.686718
360.089945,718,1060.985574
121.957065,316,1062.02809
323.941542,697,1064.268308
128.452433,280,1065.680301
230.578547,418,1066.874602
215.107316,486,1068.469494
169.398155,368,1069.628523
176.161899,381,1070.805163
1038.233482,2049,1078.083633
421.458998,985,1081.855891
198.464171,443,1083.488887
1058.799607,2049,1090.845924
285.581321,521,1092.414054
1021.024051,2049,1099.581237
931.841531,2049,1107.389266
224.30109,494,1109.385106
277.831462,506,1110.944253
951.243075,2014,1118.237087
210.854183,402,1119.612912
981.36645,2049,1126.983671
159.203871,353,1128.079971
347.973674,619,1130.028179
176.935589,353,1131.548421
220.357816,465,1132.997379
680.071645,1356,1137.824984
396.18199,821,1140.542953
979.353132,2049,1148.115154
278.478531,596,1150.016761
225.668758,465,1151.552908
1009.684397,2049,1158.920783
710.990559,1256,1163.385941
718.723467,1467,1168.607097
255.155169,505,1170.341368
624.975329,1291,1174.797237
884.147137,2049,1181.952428
585.903539,1218,1186.007246
296.835661,546,1188.102461
372.390904,832,1190.679223
880.001846,2049,1198.232186
983.205987,2049,1206.355976
839.724732,2049,1214.008792
161.350676,354,1215.206595
908.75939,2049,1222.670807
291.092005,565,1224.424683
281.973125,550,1226.550771
596.011248,1180,1230.500326
535.518044,1062,1234.26765
752.329581,2049,1241.682518
838.037334,1721,1247.521898
576.050009,1174,1251.287629
547.36475,1011,1254.729397
734.851546,1438,1259.341937
702.073397,2049,1266.142267
869.645374,2049,1272.999405
1001.476169,2049,1280.008953
96.849505,263,1280.85537
280.339511,511,1282.845369
733.577496,1200,1286.569888
897.90858,1818,1292.527493
907.835334,2049,1299.193324
60.869036,172,1299.809406
795.732426,1635,1305.301237
500.615791,1062,1309.234972
1032.65912,2049,1316.025728
1134.43127,2049,1322.626277
921.606582,2049,1330.393274
948.206746,1938,1337.30099
1173.603654,2049,1344.203815
1296.087286,2049,1351.725062
989.547863,1724,1357.324651
1299.13223,2049,1365.125763
890.69303,2049,1372.710797
1057.484655,2049,1379.624179
1317.668051,2049,1386.903129
1242.622645,2049,1393.974633
1217.683741,2049,1401.266198
1278.38274,2049,1408.137754
1251.709503,2049,1414.935649
1275.089423,2049,1422.010252
1159.822938,2049,1429.462265
1257.099109,2049,1436.623748
1240.928937,2049,1443.996953
1031.245682,2049,1451.692569
1029.844479,1999,1458.629607
1240.719678,2049,1465.978883
1223.606342,2049,1473.412283
659.062774,1209,1477.762975
1237.856595,2049,1484.865415
1230.879814,2049,1492.484717
171.682723,588,1494.171006
1280.054428,2049,1501.618941
1206.679015,2049,1508.926741
1220.163323,2049,1516.055787
1235.166153,2049,1523.469437
1297.048321,2049,1530.871829
1277.728985,2049,1538.417387
1325.293907,2049,1545.755191
1282.005861,2049,1552.892363
1348.787609,2049,1559.833423
1295.337821,2049,1567.322318
1184.699234,2049,1574.446496
1262.482819,2049,1581.930055
1320.748703,2049,1588.897911
1292.841814,2049,1596.565332
244.445563,490,1598.631112
130.131612,512,1600.286961
932.076908,2049,1607.682608
309.401813,1205,1611.358498
1305.090132,2049,1618.26633
343.345147,670,1620.866794
452.474128,1488,1625.32454
1192.785613,2049,1632.138716
28.65096,88,1632.44464
134.160216,501,1634.433012
1136.164663,2049,1641.297861
1298.861083,2049,1648.562341
1307.0311,2049,1655.58947
759.661987,1599,1660.780901
1260.432502,2049,1667.719162
1260.918098,2049,1674.8478
302.862038,1094,1678.666072
153.68437,537,1680.219732
1354.206589,2049,1687.201308
579.202518,1878,1693.44892
1309.64081,2049,1700.297176
617.509841,2049,1706.833412
650.025944,2049,1713.368268
1186.339884,2049,1720.26495
1238.236953,2049,1727.128533
290.895127,925,1730.248519
1282.055468,2049,1737.140128
1321.369821,2049,1744.118688
1313.602311,2049,1751.004086
679.035472,2049,1757.43754
1233.784602,2049,1764.44867
1278.708183,2049,1771.196951
457.827633,1065,1774.482279
1269.014265,2049,1781.613868
1309.361598,2049,1788.520603
1262.203964,2049,1795.801672
1206.396775,2049,1803.084974
1310.798501,2049,1809.974819
720.299829,2049,1816.63165
1201.167572,2049,1823.444898
112.031161,243,1824.220125
802.79171,2049,1830.772594
1222.642286,2049,1838.089141
1280.275703,2049,1845.709403
1143.348247,2049,1852.564031
1311.832415,2049,1859.638314
1326.347731,2049,1866.64274
1035.594661,2049,1873.215135
1287.930599,2049,1879.992924
1341.143264,2049,1886.786799
1272.58171,2049,1893.802631
943.136213,2049,1901.074609
387.720286,752,1903.999769
838.145929,2049,1910.577585
1175.248144,2049,1917.319468
1201.317175,2049,1924.654406
354.864497,808,1927.227262
1216.467136,2049,1935.024948
202.181586,442,1936.348953
1360.473212,2049,1943.090944
1213.797409,2049,1951.041301
633.700243,2049,1958.3888
1269.518714,2049,1966.538189
1242.964531,2049,1974.214675
1159.019879,2049,1982.654982
1272.088946,2049,1990.80036
1057.107323,1802,2000.252779
568.457375,2049,2008.761562
1311.642273,2049,2016.533284
749.511501,2049,2023.856079
1304.454072,2049,2031.491697
819.495142,2049,2038.759978
701.421686,2049,2045.608858
1259.493484,2049,2052.886356
1162.349417,2049,2060.510035
796.157098,2049,2068.410243
803.607171,2049,2075.280839
756.715057,2049,2082.965406
856.840878,2049,2090.609609
1244.27307,2049,2098.809154
1281.77679,2049,2106.814902
1259.781138,2049,2115.045929
83.774031,234,2115.883073
1073.672977,1814,2123.661582
1273.413525,2049,2131.463914
1307.643917,2049,2138.801377
341.806017,717,2141.72735
570.136914,1172,2145.527889
142.143505,319,2146.544955
110.618704,251,2147.491387
90.717981,226,2148.224762
92.47523,232,2149.574957
1209.483771,2049,2157.343953
191.784743,419,2158.699022
581.014902,1017,2162.858884
96.377158,249,2163.717846
194.486349,420,2165.733474
163.720848,410,2167.112237
1237.02192,2049,2175.094273
115.39268,252,2175.846544
1187.851964,2049,2184.710689
1339.136836,2049,2192.033182
936.303867,2049,2199.610898
1288.642541,2049,2207.248305
383.350252,672,2209.851278
190.71625,418,2211.260544
96.783847,201,2212.544842
213.653221,466,2213.995604
1227.618048,2049,2221.558198
1048.74488,2049,2228.620856
1250.144774,2049,2235.624188
1291.268873,2049,2242.426971
425.819166,767,2245.194923
733.976494,1218,2250.111469
1248.769939,2049,2257.393312
1231.528452,2049,2264.349472
421.42675,849,2266.923995
1283.591886,2049,2274.204385
239.948726,510,2275.917787
1139.207004,2049,2282.96971
202.949991,457,2284.86255
1295.523103,2049,2292.244805
202.097321,445,2293.671697
197.966696,453,2295.122814
117.317289,273,2295.898521
1322.797048,2049,2302.860865
699.129198,1286,2307.353689
1336.786106,2049,2314.394075
1335.226341,2049,2321.274795
974.945038,2049,2328.823357
673.874288,1286,2332.983764
1345.223923,2049,2340.0324
1154.230097,2049,2347.576245
1353.095075,2049,2354.540798
1284.301232,2049,2361.292771
901.57338,2049,2368.699278
1280.160219,2049,2375.725448
1169.674115,2049,2382.550925
1307.528184,2049,2389.594286
1375.554224,2049,2396.349367
59.816024,162,2396.98201
1199.487618,2049,2404.139305
1332.505156,2049,2410.961537
1010.281142,2049,2418.147863
1263.147281,2049,2425.881437
1280.639517,2049,2433.104678
74.157866,174,2433.69065
1305.230081,2049,2440.650345
1234.782098,2049,2448.342511
286.904266,616,2450.308962
1021.934493,2049,2457.860836
954.18434,2049,2465.093239
81.658161,189,2465.6645
1280.723441,2049,2473.124179
1355.970113,2049,2480.073789
1205.751927,2049,2487.013328
1318.367654,2049,2494.277744
290.081893,610,2496.090109
1014.632525,2049,2503.263623
1307.509111,2049,2510.30613
572.406279,1062,2514.391787
1275.906335,2049,2521.686602
1338.380567,2049,2528.689059
1214.901647,2049,2535.664867
1213.961542,2049,2542.857057
1264.240726,2049,2549.663844
1291.070274,2049,2556.761735
1347.386668,2049,2563.802063
1345.082102,2049,2570.867964
1327.817176,2049,2577.636891
1334.103894,2049,2584.760686
1272.909456,2049,2592.224476
1324.005812,2049,2599.171632
1347.918054,2049,2606.151289
1339.298975,2049,2613.142815
1337.585532,2049,2619.975099
1341.12847,2049,2627.238065
1329.174726,2049,2634.054644
149.289719,316,2635.067323
101.375618,207,2635.642906
15.976177,47,2635.77998
196.879856,424,2637.157279
96.657654,206,2637.792992
1240.772161,2049,2645.270066
1330.404403,2049,2652.424165
1047.22116,2049,2659.813728
1374.79122,2049,2666.955646
1291.00187,2049,2674.099093
1341.561535,2049,2681.330414
182.130519,426,2683.161559
126.725727,302,2684.083762
1282.97929,2049,2691.154299
106.294218,296,2692.080083
15.060072,49,2692.212105
1336.052671,2049,2699.286057
1277.529852,2049,2706.649799
63.377007,156,2707.108984
14.187695,42,2707.22906
1253.103508,2049,2714.737299
1333.585752,2049,2721.59912
14.802429,44,2721.729295
20.011109,61,2721.907679
14.776837,48,2722.074405
17.683584,57,2722.26755
13.787741,43,2722.410768
16.428118,53,2722.590344
1277.672092,2049,2729.562266
1296.155728,2049,2736.557274
1248.247465,2049,2744.036319
13.837267,48,2744.179797
1282.198516,2049,2751.518741
997.306348,1479,2756.964807
1290.951933,2049,2763.772942
55.552307,128,2764.13709
133.00358,345,2765.262567
1297.285302,2049,2772.561806
15.649755,50,2772.720576
166.922622,410,2774.133657
1330.101081,2049,2780.852816
1335.874719,2049,2787.866707
1268.351202,2049,2794.790207
154.759932,397,2796.622911
168.742736,405,2797.96425
1326.596645,2049,2804.849745
116.379177,310,2805.834074
1288.867442,2049,2812.949854
81.992107,189,2813.492517
209.987766,523,2815.226367
1300.497025,2049,2822.091307
1202.765186,2049,2829.117598
152.340645,357,2830.790483
1323.850188,2049,2837.654886
1334.293986,2049,2844.774059
188.739835,417,2846.16765
1374.077492,2049,2853.075123
177.477682,400,2854.283767
190.901825,379,2855.514389
99.111399,189,2856.107958
1357.478097,2049,2863.16409
1289.258939,2049,2870.096605
155.520829,376,2871.283007
143.59168,296,2872.662454
17.666069,52,2872.816647
214.368196,501,2874.432203
84.16698,213,2875.063355
404.733474,847,2877.688613
1310.398775,2049,2884.751934
1344.124104,2049,2891.765548
110.730075,257,2892.562041
120.924096,290,2894.010522
1335.487111,2049,2900.842648
39.78198,115,2901.173327
1345.589111,2049,2908.289639
46.473828,115,2908.6357
1351.8683,2049,2915.759316
145.743551,325,2916.916561
88.174416,199,2917.496503
1307.065338,2049,2924.671111
1314.461796,2049,2931.65377
1312.150829,2049,2938.465094
1295.381227,2049,2945.558969
1283.366316,2049,2952.227202
1218.829915,2049,2959.180661
96.940534,206,2959.823753
1336.946021,2049,2966.645103
1335.906576,2049,2973.77244
1341.553252,2049,2981.025791
185.494024,434,2982.359589
1315.581227,2049,2989.364097
1304.490879,2049,2996.213833
1316.617485,2049,3003.335309
1329.62741,2049,3010.236886
1368.901834,2049,3017.400773
1362.89003,2049,3024.492203
1376.858002,2049,3031.454896
1302.573754,2049,3038.325179
181.117609,379,3039.499466
1384.924614,2049,3046.308609
1373.676203,2049,3053.428418
1183.766704,2049,3060.353213
1352.664443,2049,3067.334945
1235.125368,2049,3074.41625
63.49416,158,3075.32266
73.642768,189,3075.945277
144.358619,325,3076.893081
1328.350698,2049,3083.778863
1411.491235,2049,3090.935831
1381.213819,2049,3097.967722
116.69891,283,3098.969183
1339.44437,2049,3106.080219
1394.671717,2049,3113.1398
1360.233451,2049,3120.070029
1340.504997,2049,3127.351534
84.335832,187,3127.943603
1299.778521,2049,3134.998021
346.53353,767,3137.392453
1418.703513,2049,3144.695974
1402.785269,2049,3151.5584
123.332701,246,3152.902642
1265.785865,2049,3159.822358
1375.093428,2049,3166.817571
1419.165736,2049,3174.020144
1372.45819,2049,3181.273482
1409.70241,2049,3188.424904
308.494712,612,3190.318671
1393.070009,2049,3197.341963
1438.896787,2049,3204.649332
1386.802801,2049,3211.460559
236.731072,495,3213.031736
1460.487244,2049,3220.272865
84.434772,177,3220.873222
1441.211413,2049,3228.256725
1377.778591,2049,3235.388046
1365.509432,2049,3242.296249
538.133006,979,3246.180157
1388.231195,2049,3253.06566
124.163557,272,3253.803298
88.525258,182,3254.356736
197.002439,449,3255.775138
1417.540354,2049,3262.669483
95.136132,200,3263.279655
1406.67379,2049,3270.155445
33.339111,99,3270.466013
128.127645,291,3271.435178
1327.134229,2049,3278.315732
215.485185,429,3280.068287
94.673539,209,3280.710967
1427.526144,2049,3287.97744
1356.53205,2049,3295.41364
1372.397626,2049,3302.656441
1347.755298,2049,3309.873463
1376.658928,2049,3316.927254
156.282251,340,3317.914705
259.114001,482,3319.502495
131.814404,276,3320.346758
1430.240879,2049,3327.577176
1415.265172,2049,3334.655569
125.864578,260,3335.503875
149.497093,330,3337.109407
71.940707,177,3337.614682
1442.649851,2049,3344.992554
1418.555186,2049,3352.032586
1430.321897,2049,3359.073762
1430.80174,2049,3366.333453
1423.911629,2049,3373.853732
295.221263,665,3375.94437
490.580741,993,3379.083317
1352.631354,2049,3385.946205
1357.698869,2049,3393.300661
1336.990367,2049,3400.297477
244.683379,448,3402.100907
190.946183,411,3403.422961
179.857474,395,3404.809388
1393.427964,2049,3411.961215
1341.349534,2049,3418.592269
64.800914,166,3419.064703
1434.505031,2049,3425.970013
74.462183,188,3426.529747
148.430844,334,3427.574862
1431.544255,2049,3434.631769
1350.702778,2049,3441.442805
138.560373,290,3442.405443
1393.081561,2049,3449.325854
1434.401171,2049,3456.354338
1415.07226,2049,3463.394732
1308.473103,2049,3470.365513
1278.029099,2049,3477.838963
119.076225,263,3479.22962
129.57902,320,3480.229861
150.277782,316,3481.220506
1414.934036,2049,3488.436503
133.347256,317,3489.448037
470.663078,843,3492.639208
1367.301174,2049,3499.648402
1368.602523,2049,3506.531358
180.592509,366,3507.725745
121.205384,256,3508.481063
1269.968104,2049,3516.099598
268.597215,528,3517.703227
351.977478,564,3519.492517
1270.573774,2049,3526.9437
1419.308471,2049,3534.171312
146.560908,286,3534.964739
1462.34316,2049,3542.337411
1274.762026,1937,3549.20469
1485.368365,2049,3556.500452
1317.491101,2049,3563.857198
125.23074,258,3565.24756
1283.362273,2049,3572.656173
99.44388,238,3573.375234
1331.547487,2049,3580.359318
166.865255,397,3581.569375
167.541941,305,3582.548854
433.905864,745,3584.817525
424.480138,674,3587.684807
1375.597327,2049,3595.003044
108.696116,252,3595.788718
449.840822,709,3598.005527
1279.882449,2049,3605.447671
1276.346037,2049,3612.798889
1360.1074,2049,3620.162324
117.721637,256,3620.93674
436.661847,813,3624.125985
99.849094,198,3624.678592
566.853614,985,3627.642518
1346.053036,1978,3634.734514
1383.780917,2049,3642.066506
119.453283,248,3642.79205
115.684991,253,3643.640062
253.637683,506,3645.823241
258.011168,446,3647.250001
133.575373,270,3648.042029
1370.469164,2049,3655.341699
302.250983,605,3657.247362
103.8525,241,3658.456768
1427.805627,2049,3665.727695
140.261769,272,3666.59653
1445.583701,2049,3673.478496
96.475008,233,3674.290149
396.139558,678,3676.343524
1402.756992,2049,3683.31368
247.13948,501,3684.885753
1394.258432,2049,3691.820963
1409.396329,2049,3698.857255
1406.938493,2049,3705.87021
686.094361,1091,3709.883972
353.73982,611,3711.767016
169.874717,322,3712.620139
123.847003,265,3713.434556
1190.310599,1743,3719.582642
303.052656,500,3721.685077
1394.375294,2049,3728.959692
85.373689,192,3729.558193
625.998757,962,3732.801994
148.344925,288,3733.65729
167.790423,380,3734.763384
367.602686,698,3737.465685
102.30687,243,3738.252044
122.387899,272,3739.175068
138.239286,312,3740.217492
1435.521579,2049,3747.180089
189.787849,379,3748.29804
87.688073,192,3748.825158
525.809593,807,3751.802233
1270.625107,1820,3758.196166
247.13324,464,3759.660864
166.566809,369,3760.895931
1316.231299,2049,3768.130485
130.809047,263,3768.901072
122.470886,292,3769.816211
706.167616,1160,3773.789546
1365.438483,2049,3780.974639
287.729765,479,3782.77929
1342.077969,2049,3789.817297
133.894469,284,3790.643315
152.464271,321,3792.030844
103.989998,250,3792.768309
139.499474,289,3793.66353
1417.070982,2049,3800.649249
169.528446,361,3801.664095
149.540004,320,3802.669392
773.572183,1128,3806.670192
63.457261,145,3807.089111
189.38586,371,3808.238182
1395.104444,2049,3815.484347
11.220861,36,3815.589207
15.101079,51,3815.73586
1340.864493,2049,3823.017707
1354.896004,2049,3830.431107
231.849015,396,3831.657913
250.297792,442,3833.228296
342.491253,587,3835.504051
1085.907184,1639,3840.847933
267.787792,469,3842.792435
494.926169,790,3845.20891
115.86735,211,3845.87829
299.236705,519,3847.688877
168.828496,345,3849.171496
185.731185,363,3850.225705
589.155986,916,3853.113657
147.709578,295,3854.037105
602.582418,951,3857.557945
147.973452,282,3858.394045
1345.631563,2049,3865.385779
1371.224228,2049,3872.602019
198.470755,406,3873.722037
708.502224,1158,3878.379068
153.702511,353,3879.414715
114.856439,231,3880.112804
68.133341,176,3880.630274
929.001009,1345,3885.557032
1418.148925,2049,3892.764304
173.862212,372,3893.89555
186.793984,392,3895.084704
344.726367,625,3896.972208
1310.623098,2049,3904.351694
1386.389855,2049,3911.232501
88.407524,197,3912.337274
141.69953,286,3913.226762
180.698315,391,3914.424606
113.212579,215,3915.144909
1371.598511,2049,3922.081131
86.733595,201,3922.743384
664.319619,1215,3926.910782
1391.858716,2049,3934.141081
284.768224,543,3935.741913
699.834426,1087,3939.232394
153.186872,344,3940.818198
204.943078,384,3941.994339
1387.609869,2049,3949.255303
227.353085,448,3950.604157
1302.13805,2049,3957.82089
1394.861655,2049,3965.377763
403.402223,646,3967.649359
1393.503516,2049,3974.719836
1394.316178,2049,3981.995049
1401.8611,2049,3989.019068
17.177369,51,3989.191778
1352.032903,2049,3996.302374
66.755433,173,3996.840654
1377.943312,2049,4003.957736
1399.042225,2049,4011.116768
1465.18966,2049,4018.178488
1364.511842,2049,4025.289156
212.585685,448,4027.186509
204.620262,440,4028.586748
83.15096,201,4029.20794
126.168346,308,4030.182168
149.313828,355,4031.359932
1359.391164,2049,4038.667984
375.905449,705,4041.212106
183.822379,412,4042.569662
1417.572941,2049,4049.670456
122.113377,293,4050.597307
263.824985,515,4052.269944
227.264388,417,4053.58703
79.38512,183,4054.603787
127.527612,333,4055.65807
1387.022152,2049,4062.921149
201.529182,456,4064.400548
642.70864,1311,4069.054689
89.091615,213,4069.720322
1460.509216,2049,4076.862699
248.745809,490,4078.348573
1395.241438,2049,4085.442162
121.819192,313,4086.476959
1292.966511,2049,4093.54072
1370.10702,2049,4100.645457
157.528973,355,4101.847843
1327.421627,2049,4109.412403
258.980771,551,4111.601904
1259.50872,2049,4119.038781
1482.123109,2049,4126.409905
641.376425,1041,4129.724604
1370.977837,2049,4137.091219
1262.363428,1892,4143.94594
1386.979834,2049,4151.064136
230.494413,441,4152.529282
481.310259,723,4155.294277
140.404778,323,4156.293724
415.79883,866,4159.158504
1347.197982,2049,4166.352543
144.387929,313,4167.354898
130.114719,311,4168.28125
793.440889,1461,4173.520016
158.017284,385,4174.727313
1427.114882,2049,4181.917194
721.307215,1223,4186.232071
103.379706,198,4186.862255
1357.215322,2049,4193.901055
1130.456576,2049,4200.91223
132.275201,336,4202.022225
220.893472,493,4203.676353
1496.191799,2049,4210.701173
1414.275356,2049,4217.894789
1286.720536,2049,4225.321531
132.999452,310,4226.702329
127.367749,279,4227.472127
181.913731,370,4228.68076
1291.360092,2049,4235.865024
1298.12443,2049,4243.161295
156.330861,299,4244.113662
83.895199,194,4244.731844
1382.026979,2049,4251.905126
1349.926762,2049,4259.271124
1370.156481,2049,4266.794205
267.258668,546,4268.544591
1361.743024,2049,4275.914431
1346.860046,2049,4283.032982
1315.71145,2049,4290.415355
107.70019,283,4291.757387
111.511953,314,4292.689495
117.687086,312,4293.596479
1330.714802,2049,4300.885753
1387.551835,2049,4307.945652
120.180651,220,4308.620601
177.333424,399,4309.95251
1390.559501,2049,4317.022238
1426.579551,2049,4324.55117
322.998481,716,4326.963142
1415.727211,2049,4334.01106
1425.559522,2049,4341.332969
1418.060949,2049,4348.351384
17.016759,52,4348.924204
1403.588506,2049,4356.218044
556.092073,893,4358.895496
190.749854,421,4360.376414
287.614833,638,4362.386571
1364.12906,2049,4369.422708
299.449878,561,4371.517681
1330.65699,2049,4378.851248
1119.13011,1783,4385.53895
1205.326373,1830,4391.904853
1293.07941,2049,4398.922943
1325.263987,2049,4406.070674
139.834238,332,4407.090301
270.606279,595,4408.911114
1263.900143,2049,4416.318794
97.083581,203,4416.94662
1318.505799,2049,4424.116953
1422.383728,2049,4431.287795
1018.103934,1745,4437.310809
505.97031,810,4439.844561
1289.556649,2049,4447.177894
1416.021616,2049,4454.419215
126.026936,271,4455.342747
118.654853,300,4456.775041
367.48062,641,4458.829779
1407.654356,2049,4465.887653
835.771857,1246,4470.48991
926.774928,1411,4475.023522
91.207603,191,4475.638592
128.077516,286,4476.526428
235.779475,470,4478.457697
254.815298,488,4479.974793
324.912843,593,4481.800677
237.211931,447,4483.062958
1419.079086,2049,4490.352325
1428.624254,2049,4497.678361
1400.062893,2049,4504.733567
1033.866793,1580,4510.455158
1167.912215,1698,4516.529373
446.613629,741,4518.848819
150.223424,363,4520.557451
1389.807033,2049,4527.643924
112.208757,256,4528.452125
631.626232,977,4531.590999
757.522722,1184,4535.710466
87.586057,195,4536.286531
186.490357,366,4537.414487
1420.127132,2049,4544.730833
1390.371765,2049,4551.873147
142.658707,321,4552.849784
596.376454,1121,4556.908347
168.002706,346,4558.064027
337.260654,595,4559.786861
121.210561,258,4560.610963
173.861023,411,4561.818456
894.349178,1419,4567.015297
1355.336549,2049,4574.064707
1309.130156,2049,4581.016466
1376.904504,2049,4588.146043
1423.077361,2049,4595.314126
142.769247,299,4596.167101
301.048986,578,4598.488482
139.951116,286,4599.402669
472.49856,762,4601.889776
1409.387073,2049,4609.133138
1407.762754,2049,4616.25486
1478.554073,2049,4623.504282
1326.945677,2049,4630.711552
342.216645,620,4632.562095
57.800322,123,4632.932937
174.242945,369,4634.714507
1382.985113,2049,4641.843202
215.392664,389,4643.151431
95.185154,194,4643.715773
315.269715,550,4645.543381
1374.02588,2049,4652.905512
35.058089,103,4653.219372
212.185338,433,4654.54406
16.583695,51,4655.234922
1384.526542,2049,4662.36974
1438.495571,2049,4669.521207
77.120655,181,4670.086301
113.640782,284,4671.0814
52.114603,119,4671.48245
1284.114587,2049,4678.501122
1414.149324,2049,4685.610952
1281.648785,2049,4692.949398
98.10961,216,4693.645648
1248.664543,2049,4701.209658
1434.241706,2049,4708.347253
166.391982,351,4709.39106
690.326261,1097,4713.562558
167.431576,359,4714.74969
188.320825,351,4715.802007
1402.453832,2049,4723.184884
18.210096,51,4723.333384
106.14191,208,4723.990311
1258.759185,2049,4731.661924
157.570814,362,4732.894258
1254.100616,2049,4739.858158
97.290344,206,4740.422983
425.720368,746,4743.331387
434.460172,719,4745.735672
1344.499587,2049,4752.640156
1291.131346,2049,4760.045786
1388.370445,2049,4767.112487
139.073547,289,4767.985981
340.637323,684,4770.607818
108.289559,284,4771.58401
1424.539913,2049,4778.739754
1405.843737,2049,4785.839288
1373.933144,2049,4792.913091
819.616534,1461,4797.498366
1403.76592,2049,4804.966503
93.101253,203,4806.019624
1386.857973,2049,4813.11503
1253.38892,2049,4820.016998
1034.032994,1645,4825.532133
162.869259,362,4826.728986
1253.647365,2049,4834.284904
111.131381,301,4835.693126
1258.025662,2049,4843.045935
1308.109271,2049,4850.019145
178.586394,401,4851.357301
15.875012,54,4851.531082
14.795217,46,4851.676133
159.734685,344,4852.685357
15.509398,51,4852.843657
1366.20181,2049,4860.108544
113.753271,288,4861.011219
1341.861943,2049,4868.182934
1030.443576,1988,4875.061291
1344.194811,2049,4882.271491
173.01538,382,4883.504502
475.86905,853,4886.669583
222.446866,472,4888.243308
456.168256,928,4891.123424
413.531338,823,4894.173872
1316.648585,2049,4901.228806
1368.69535,2049,4908.302561
231.104661,481,4909.780666
419.271182,736,4912.000568
17.27581,55,4912.164222
119.5218,317,4913.763294
1340.637921,2049,4921.003461
151.092034,304,4921.848302
1491.556823,2049,4929.302655
883.788193,1594,4934.692449
1274.72893,2049,4942.190977
1508.548148,2049,4949.454223
416.393152,813,4952.000178
1358.351145,2049,4959.091708
1436.831712,2049,4966.287821
1346.892111,2049,4973.3421
72.080576,163,4973.850748
1435.518698,2049,4980.949764
1276.057014,2049,4988.648263
13.522378,47,4988.819051
1277.789131,2049,4995.911992
151.839287,290,4996.885844
1255.671086,2049,5004.084743
172.029431,364,5005.248283
14.723401,46,5005.38361
1402.493502,2049,5012.354314
67.84644,151,5013.272935
205.816074,432,5014.561533
203.300766,440,5016.038409
55.787897,129,5016.415213
145.14134,365,5017.502675
1380.065843,2049,5024.662056
1178.061452,1870,5031.179424
1435.860382,2049,5038.309926
1310.555944,2049,5045.651458
1306.545714,2049,5052.68231
128.483625,342,5053.653813
52.902897,120,5054.013361
345.977508,784,5056.984426
146.35723,345,5058.092345
111.984811,253,5058.906631
1308.59925,2049,5066.325195
134.218469,321,5067.313723
1315.576533,2049,5074.625183
581.567186,1040,5078.208465
493.944145,794,5080.873379
1355.798589,2049,5087.820431
1361.267544,2049,5095.256658
148.745632,284,5096.079726
129.961987,307,5096.976983
140.923439,313,5098.013853
1398.928153,2049,5105.090548
1411.643859,2049,5112.469622
163.040623,354,5113.950785
1295.256982,2049,5121.206085
1429.480144,2049,5128.273061
1389.115988,2049,5135.414071
17.578889,58,5135.572908
1407.596385,2049,5142.776888
17.043391,56,5142.961777
151.744019,329,5144.080506
1413.341241,2049,5151.315344
1432.263124,2049,5158.568878
17.797263,56,5158.748846
1446.377316,2049,5166.134669
203.317795,412,5167.47577
87.69452,196,5168.019397
584.61048,940,5171.492057
1352.849244,2049,5178.450974
17.318135,55,5178.621106
16.232949,52,5178.774014
1312.190003,2049,5185.830944
222.017362,480,5187.456004
1347.424215,2049,5194.859015
15.964157,47,5194.996356
1510.756891,2049,5202.337512
159.65974,318,5203.347662
15.152782,52,5203.505932
1356.28004,2049,5210.640464
1404.273793,2049,5217.739851
1243.734754,2049,5225.410289
1312.122083,2049,5232.716593
18.252226,58,5232.86901
267.425401,558,5234.515189
1075.362517,2049,5241.273664
1290.026658,2049,5248.496217
1407.663683,2049,5255.97087
1396.556911,2049,5263.384427
1272.792513,2049,5271.070971
15.398867,49,5271.257755
1280.621847,2049,5278.607141
248.15363,452,5280.370915
1346.26218,2049,5287.735721
1369.125108,2049,5294.852107
1351.955555,2049,5301.966895
199.277737,406,5303.276973
96.345754,200,5303.911416
1395.729006,2049,5311.290418
1327.06374,2049,5318.523192
1302.209008,2049,5325.543275
368.921455,629,5327.719857
1372.788732,2049,5334.527344
1371.455573,2049,5341.565648
160.900247,317,5342.63913
1409.722319,2049,5349.891738
89.458644,196,5350.98136
1433.840575,2049,5358.297861
336.042617,686,5360.315121
1436.633267,2049,5367.433805
899.254795,1386,5372.418231
1384.271845,2049,5379.612756
1349.237774,2049,5386.711763
290.717377,545,5388.458427
77.299316,180,5389.033333
1462.365937,2049,5396.389964
1454.592912,2049,5403.652666
1334.337361,2049,5410.742951
82.223199,182,5411.302748
1420.787656,2049,5418.681566
1415.65675,2049,5425.911574
220.95634,441,5427.37076
1411.190424,2049,5434.543027
1344.952739,2049,5441.758809
227.795449,471,5443.123352
1328.814083,2049,5450.039927
356.307507,706,5452.675487
1307.265327,2049,5459.911235
203.019693,449,5461.272484
1295.231135,2049,5468.805188
1381.787204,2049,5476.120116
1432.648279,2049,5483.522529
1371.752746,2049,5490.809672
1376.401019,2049,5497.702032
1454.58797,2049,5504.923129
116.873686,316,5505.836126
1213.485783,1864,5512.502146
1358.666919,2049,5519.799665
1402.951661,2049,5526.779501
1306.118201,2049,5533.820431
156.612208,309,5534.741553
1363.008134,2049,5542.073779
634.463222,1075,5545.774711
480.926737,987,5548.883444
1142.777497,1818,5555.153954
1503.562183,2049,5562.603143
1392.196463,2049,5569.747075
204.522498,393,5570.940779
13.206128,47,5571.076703
55.722977,139,5571.479167
142.670802,255,5572.79401
1329.735138,2049,5580.163362
69.680164,155,5580.651352
169.319208,378,5581.732842
744.303486,1212,5585.707715
1274.275412,2049,5592.651519
358.231342,600,5594.991367
55.465811,135,5595.421159
779.237176,1334,5599.669125
457.919215,927,5603.089541
1406.871322,2049,5610.271167
388.770329,688,5612.469907
158.813578,350,5613.5784
1455.306663,2049,5621.033483
1386.8942,2049,5628.246545
1322.962769,2049,5635.649151
181.704981,396,5637.362342
111.016573,222,5638.086409
878.474816,1316,5642.412374
223.394943,474,5644.305299
1387.02911,2049,5651.698174
400.384862,691,5653.880276
193.119751,411,5655.26562
51.661697,120,5655.612698
562.899976,947,5659.040981
1035.098966,1579,5664.09677
237.735584,482,5666.179014
146.866865,308,5667.054441
221.783508,458,5668.442569
1416.709118,2049,5675.592756
1421.323405,2049,5682.773737
208.348288,393,5684.053992
599.718482,1114,5687.922928
234.440389,450,5689.280672
1085.511992,1714,5695.474897
1471.047046,2049,5703.390573
1413.774342,2049,5710.991939
63.340502,142,5711.392352
113.227516,241,5712.135003
1422.71315,2049,5719.542406
113.045897,243,5720.321513
54.850407,129,5720.749472
55.299897,129,5721.117201
1474.866324,2049,5728.465664
1030.926411,1582,5733.862014
1321.342418,2049,5741.138386
231.944712,449,5742.450137
179.480961,351,5743.569552
727.360334,1112,5747.607881
234.905245,504,5749.172598
159.041194,353,5750.390475
47.919855,116,5750.750564
924.646304,1611,5756.046436
171.546238,348,5757.146492
527.985977,966,5760.715224
411.408318,730,5763.14311
246.858527,521,5764.773353
1320.459669,2049,5771.904694
267.502402,578,5774.22768
833.905799,1317,5778.443106
164.420244,362,5780.11272
1460.013464,2049,5787.405295
554.758432,945,5790.468519
1354.031193,2049,5797.391759
1380.644819,2049,5804.540794
1443.22266,2049,5811.726527
1382.827026,2049,5818.628266
58.398301,137,5819.006716
1413.057649,2049,5826.015403
1415.059303,2049,5832.468814
344.901925,618,5834.179558
373.29183,704,5836.477157
186.15756,341,5837.387081
1270.954368,1910,5843.359254
285.322264,586,5845.224451
1317.822731,2049,5851.392009
1422.160588,2049,5857.284735
258.35043,467,5858.630095
910.86305,1371,5862.509522
1413.700585,2049,5868.391614
171.704986,365,5869.504237
1425.299591,2049,5875.408029
222.482533,408,5876.471911
1096.06952,1616,5881.116538
1418.543135,2049,5887.071594
261.765305,580,5888.668125
1434.928594,2049,5894.500249
1380.506053,2049,5900.459206
309.547438,534,5902.184522
601.442535,906,5904.649213
1401.134975,2049,5910.520293
195.101603,349,5911.451517
1515.388034,2049,5917.427402
323.277552,648,5919.42853
530.597848,872,5921.914139
189.704836,349,5922.84869
461.763051,794,5925.164746
212.594148,400,5926.183261
965.595229,1485,5930.326812
226.2749,497,5931.337145
272.288409,516,5932.492849
678.900656,994,5935.278238
214.314831,435,5936.205992
76.76083,174,5936.523052
1363.538255,2049,5941.236116
96.105062,217,5941.658715
246.679025,465,5942.635416
1297.495163,2049,5947.514784
1348.63256,2049,5951.944698
1085.579127,2049,5956.416044
190.902688,365,5957.240926
122.916153,269,5957.749405
179.433133,323,5958.72188
85.573417,179,5959.076347
128.667132,268,5959.593755
176.000462,346,5960.242809
76.642897,185,5960.589676
1335.687243,2049,5965.126021
860.635612,1232,5968.110172
1271.189816,2049,5972.960518
1286.615102,2049,5977.501127
1297.5085,2049,5982.267418
1368.267761,2049,5986.779354
229.241156,416,5987.56319
1091.158371,1555,5991.201396
79.93786,185,5991.553155
1379.086059,2049,5996.129089
1279.127296,2049,6000.809259
1448.952271,2049,6005.568677
1450.482409,2049,6010.086347
476.231734,743,6011.572867
115.482551,282,6012.157932
577.341334,1041,6014.56215
807.402726,1201,6016.951591
1268.49316,2049,6021.786787
1407.304727,2049,6026.370064
51.342444,148,6026.6437
549.978198,965,6028.812562
142.788282,350,6029.438187
578.084268,967,6031.689717
140.362473,300,6032.287841
1290.969766,2049,6036.996376
746.692804,1126,6039.196788
107.615879,224,6039.688717
178.38706,387,6040.752919
1449.853775,2049,6045.488616
1422.634469,2049,6050.591262
1472.625424,2049,6055.164647
1367.512774,2049,6059.801172
165.343733,380,6060.590612
428.385443,732,6062.048181
1415.52942,2049,6066.800088
1362.956016,2049,6071.380049
198.892926,385,6072.138034
173.393839,392,6072.996865
136.708947,340,6074.006225
58.986608,140,6074.3043
113.892888,318,6074.936533
275.406181,515,6075.992849
96.010123,281,6076.593745
220.628921,431,6077.455309
1321.301445,2049,6081.886891
748.0824,1161,6084.505414
1409.231119,2049,6089.077257
160.322084,329,6089.719633
331.005275,692,6091.430595
1279.928735,2049,6096.4314
192.145481,343,6097.052923
1095.797978,1644,6100.505007
1340.00735,2049,6105.252208
233.488084,478,6106.485833
221.095734,491,6107.490046
1336.622537,2049,6112.167255
260.438969,527,6113.202115
125.868251,322,6113.808962
775.167561,1148,6116.713033
619.387746,1043,6118.802475
214.70529,398,6119.921364
56.918996,130,6120.170935
507.285464,777,6121.812977
231.224738,460,6122.876166
1410.295773,2049,6127.566026
1332.678177,2049,6132.101508
357.103687,565,6133.625229
1519.508824,2049,6138.489783
1275.845765,2049,6143.166292
1369.244713,2049,6147.786259
157.124623,352,6148.442069
1443.107374,2049,6153.014475
1453.353171,2049,6157.494876
1380.180756,2049,6162.130306
229.43408,462,6163.066443
606.205178,1320,6166.059025
1326.701759,2049,6170.411633
294.406717,607,6171.542481
1419.42596,2049,6176.201514
1148.246554,1902,6180.403189
1349.921481,2049,6185.069184
1094.770342,2049,6189.588269
1359.203662,2049,6194.226057
1354.72265,2049,6198.709563
179.791006,402,6199.415456
1327.42166,2049,6203.962229
1455.618671,2049,6208.662254
1389.72371,2049,6213.277547
26.109115,93,6213.449866
106.933657,200,6213.816208
187.177402,372,6214.570357
1435.637938,2049,6219.476222
1500.329928,2049,6224.236194
1446.484683,2049,6228.637657
1370.636353,2049,6233.036337
1476.921903,2049,6237.5574
830.296815,1295,6240.695951
257.047818,471,6241.54881
1228.178454,2049,6246.208415
217.764235,386,6246.992166
1426.537037,2049,6251.476586
156.795673,345,6252.578223
1308.37202,2049,6257.053514
99.905926,206,6257.451935
894.287082,1313,6260.017458
1331.157689,2049,6264.451936
1371.407138,2049,6269.024624
1417.935802,2049,6273.686432
125.554023,274,6274.159544
144.315097,310,6275.056116
1449.724435,2049,6279.64182
1392.564946,2049,6284.239683
113.454152,244,6284.71232
431.999875,630,6286.168597
33.93435,97,6286.342441
91.790963,222,6286.775658
97.724946,196,6287.165775
725.91904,1180,6290.14746
1243.330388,2049,6295.187986
1362.699511,2049,6299.95297
152.975259,362,6300.653456
26.379702,74,6300.810868
153.717705,333,6301.492581
75.553452,163,6301.798832
373.652797,621,6303.419547
208.017163,428,6304.344095
102.447054,203,6304.744493
191.690735,405,6305.445263
1341.005174,2049,6310.201874
1253.689776,2049,6314.842181
1426.94534,2049,6319.420038
948.47436,1531,6322.939614
183.400146,398,6323.854215
1014.334416,1470,6327.012658
1430.271991,2049,6331.598799
482.799638,716,6333.184162
242.655437,529,6334.169331
1236.752381,2049,6339.040395
1316.397826,2049,6343.643285
62.478724,163,6344.261735
162.991405,371,6344.974632
287.072802,453,6345.826845
135.062583,286,6346.53378
1391.111417,2049,6351.002958
1469.929857,2049,6355.467918
73.931225,173,6355.89827
303.420921,462,6356.738449
131.149096,291,6357.547133
89.479825,190,6357.910563
1355.141741,2049,6362.488725
1367.766284,2049,6367.027182
783.039225,1196,6369.39972
210.331523,433,6370.376723
171.868887,365,6371.387495
381.30193,659,6372.764159
143.458084,320,6373.461787
301.3333,532,6374.518662
157.793352,312,6375.235891
142.057395,336,6376.211042
15.529238,47,6376.294852
228.122225,417,6377.079199
167.627904,352,6377.786393
1263.521354,2049,6382.861431
532.094695,895,6384.684416
68.405257,171,6385.301094
96.807135,214,6385.675596
96.253788,206,6386.074983
636.230023,1008,6388.147195
1413.870287,2049,6392.678453
123.500817,278,6393.245364
1067.09702,1643,6397.049472
1416.414679,2049,6401.792576
269.067605,632,6403.040421
236.640821,463,6404.249597
120.818317,250,6404.800216
335.91943,550,6405.847197
284.274918,525,6406.86524
1349.469131,2049,6411.457366
215.080568,439,6412.569327
141.85409,296,6413.214458
1388.803943,2049,6417.802722
1416.768897,2049,6422.511812
1427.528473,2049,6427.212295
170.764801,364,6427.815402
109.482817,256,6428.390336
82.725302,186,6428.741469
1439.073664,2049,6433.37202
139.191687,292,6433.977848
1434.88987,2049,6438.766988
67.470636,178,6439.083037
293.590462,494,6440.439319
190.425664,352,6441.217236
1079.269961,1613,6444.731731
75.364608,196,6445.099046
159.30167,380,6445.953967
135.789406,298,6446.569062
576.34272,930,6448.456784
230.164126,415,6449.648156
1470.81419,2049,6454.368906
164.336112,359,6455.061108
84.591743,195,6455.432683
1444.699211,2049,6459.936479
1342.883952,2049,6464.61955
1423.679971,2049,6469.31708
207.256576,431,6470.135139
1478.057695,2049,6474.896211
1466.045582,2049,6479.452397
1449.623852,2049,6484.279508
698.33777,1467,6487.467423
206.133978,391,6488.374124
465.509159,717,6489.788318
271.583158,519,6491.1344
143.825045,292,6491.618265
180.855418,365,6492.303202
370.135764,532,6493.477
56.310395,133,6493.800218
577.980595,903,6495.911192
253.277324,454,6496.879366
17.586629,54,6497.018789
202.272779,447,6497.835885
1412.967196,2049,6502.328228
1378.194758,2049,6506.791566
129.712058,257,6507.246248
547.33219,887,6509.47399
1357.976249,2049,6513.900318
1462.663211,2049,6518.525279
694.588872,1048,6520.829448
142.30363,323,6521.485394
443.396921,764,6523.377577
444.19418,798,6525.132658
886.920023,1243,6528.089778
156.352971,355,6528.796088
1515.60931,2049,6533.376483
1502.25268,2049,6537.876118
1391.818268,2049,6542.358974
317.430802,610,6543.584342
1427.922274,2049,6548.069917
1527.794752,2049,6552.645763
1406.16261,2049,6556.979209
1373.566954,1964,6561.377183
586.313473,957,6563.552389
1395.600492,2049,6568.312857
111.494043,282,6568.880405
263.324134,504,6569.87422
536.053073,853,6571.50902
1131.033715,1667,6575.422616
139.68111,311,6575.976665
131.102691,262,6576.774757
1273.631783,2049,6581.698356
171.522223,337,6582.344508
166.013131,359,6583.019901
168.509874,398,6583.865439
340.402395,594,6585.006222
176.431447,364,6585.999391
44.921069,123,6586.269884
1478.154439,2049,6590.834671
237.346522,452,6591.839947
107.735333,289,6592.457602
151.783856,364,6593.208991
92.298968,191,6593.561016
1420.744508,2049,6597.965677
193.620783,410,6598.741896
1410.684726,2049,6603.440837
111.190657,229,6604.19508
1493.595573,2049,6608.865234
1364.041259,2049,6613.358927
1022.967955,1780,6617.585036
1223.871375,2049,6622.4804
1413.063219,2049,6626.859955
494.945113,757,6628.822286
